Date,Nusa Tenggara Barat,Sulawesi Tenggara,Nusa Tenggara Timur,Maluku,Sumatera Utara,Jambi,Kepulauan Riau,Maluku Utara,Bali,Aceh,Sulawesi Tengah,Sumatera Barat,Riau,Papua Barat,DKI Jakarta,Bengkulu,Sumatera Selatan,Kalimantan Selatan,Gorontalo,Kepulauan Bangka Belitung,Sulawesi Utara,Kalimantan Barat,Jawa Tengah,Banten,Kalimantan Timur,Lampung,Papua,DI Yogyakarta,Indonesia,Kalimantan Tengah,Jawa Barat,Sulawesi Barat,Sulawesi Selatan,Jawa Timur
2022-01-01,,,,,0.0,,,,,,,,,,0.0,,,,,,,,0.0,,,,,0.0,0.5099999999999999,,0.0,,0.0,0.0
2022-01-02,,,,,0.0,,,,,,,,,,0.0,,,,,,,,0.0,,,,,0.0,0.76,,0.0,,0.0,0.0
2022-01-03,,,,,0.0,,,,,,,,,,0.0,,,,,,,,0.0,,,,,0.0,0.86,,0.0,,0.0,0.0
2022-01-04,,,,,0.0,,,,,,,,,,0.0,,,,,,,,0.0,,,,,0.0,1.0,,0.0,,0.0,0.0
2022-01-05,,,,,0.0,,,,,,,,,,0.0,,,,,,,,0.0,,,,,0.0,1.0,,0.0,,0.0,0.6142907602321334
2022-01-06,,,,,0.0,,,,,,,,,,0.0,,,,,,,,0.0,,,,,0.0,0.6100000000000001,,1.0,,0.0,0.0
2022-01-07,,,,,0.0,,,,,,,,,,0.0,,,,,,,,0.0,,,,,0.0,0.54,,0.0,,0.0,0.4770555903930397
2022-01-08,,,,,0.0,,,,,,,,,,0.0,,,,,,,,0.0,,,,,0.0,0.54,,0.0,,0.0,0.0
2022-01-09,,,,,0.0,,,,,,,,,,0.0,,,,,,,,0.0,,,,,0.0,0.62,,0.0,,0.0,0.0
2022-01-10,,,,,0.0,,,,,,,,,,0.0,,,,,,,,0.0,,,,,0.0,0.75,,0.0,,0.0,0.58815072788183
2022-01-11,,,,,0.0,,,,,,,,,,0.0,,,,,,,,0.0,,,,,0.0,0.67,,0.0,,0.0,0.4901256065681916
2022-01-12,,,,,0.0,,,,,,,,,,0.0,,,,,,,,0.0,,,,,0.0,0.5499999999999999,,0.0,,0.0,0.0
2022-01-13,,,,,0.0,,,,,,,,,,0.0,,,,,,,,0.0,,,,,0.0,0.69,,0.0,,0.0,0.0
2022-01-14,,,,,0.0,,,,,,,,,,0.0,,,,,,,,0.0,,,,,0.0,0.5099999999999999,,0.0,,0.0,0.0
2022-01-15,,,,,0.0,,,,,,,,,,0.0,,,,,,,,0.0,,,,,0.0,0.32,,0.0,,0.0,0.0
2022-01-16,,,,,0.0,,,,,,,,,,0.0,,,,,,,,0.0,,,,,0.0,0.7,,0.0,,0.0,0.0
2022-01-17,,,,,0.0,,,,,,,,,,0.0,,,,,,,,0.0,,,,,0.0,0.49000000000000005,,0.0,,0.0,0.6535008087575888
2022-01-18,,,,,0.0,,,,,,,,,,0.0,,,,,,,,0.0,,,,,0.0,0.54,,0.0,,0.0,0.0
2022-01-19,,,,,0.0,,,,,,,,,,0.0,,,,,,,,0.7102027397260273,,,,,0.0,0.6000000000000001,,0.0,,0.0,0.0
2022-01-20,,,,,0.0,,,,,,,,,,0.0,,,,,,,,0.0,,,,,0.0,0.82,,0.0,,0.0,0.4770555903930397
2022-01-21,,,,,0.0,,,,,,,,,,0.0,,,,,,,,0.0,,,,,0.0,0.38,,0.0,,0.0,0.0
2022-01-22,,,,,0.0,,,,,,,,,,0.0,,,,,,,,0.0,,,,,0.0,0.6500000000000001,,0.0,,0.0,0.0
2022-01-23,,,,,0.0,,,,,,,,,,0.0,,,,,,,,0.0,,,,,0.0,0.58,,0.0,,0.0,0.0
2022-01-24,,,,,0.0,,,,,,,,,,0.0,,,,,,,,0.0,,,,,0.0,0.83,,0.0,,0.0,0.0
2022-01-25,,,,,0.0,,,,,,,,,,0.0,,,,,,,,0.7321677729134302,,,,,0.0,0.6500000000000001,,0.0,,0.0,0.0
2022-01-26,,,,,0.0,,,,,,,,,,0.0,,,,,,,,0.0,,,,,0.0,0.49000000000000005,,0.0,,0.0,0.0
2022-01-27,,,,,0.0,,,,,,,,,,0.0,,,,,,,,0.0,,,,,0.0,0.5099999999999999,,0.0,,0.0,0.0
2022-01-28,,,,,0.0,,,,,,,,,,0.0,,,,,,,,0.0,,,,,0.0,0.39,,0.0,,0.0,0.0
2022-01-29,,,,,0.0,,,,,,,,,,0.0,,,,,,,,0.0,,,,,0.0,0.54,,0.91,,0.0,0.0
2022-01-30,,,,,0.0,,,,,,,,,,0.0,,,,,,,,0.0,,,,,0.0,0.39,,0.0,,0.0,0.0
2022-01-31,,,,,0.0,,,,,,,,,,0.0,,,,,,,,0.0,,,,,0.0,0.73,,0.0,,0.0,0.0
2022-02-01,,,,,0.0,,,,,,,,,,0.0,,,,,,,,0.0,,,,,0.0,0.6100000000000001,,0.0,,0.0,0.0
2022-02-02,,,,,0.0,,,,,,,,,,0.0,,,,,,,,0.0,,,,,0.0,0.49000000000000005,,0.0,,0.0,0.0
2022-02-03,,,,,0.0,,,,,,,,,,0.0,,,,,,,,0.0,,,,,0.0,0.72,,0.0,,0.0,0.0
2022-02-04,,,,,0.0,,,,,,,,,,0.0,,,,,,,,0.0,,,,,0.0,0.30000000000000004,,0.0,,0.0,0.0
2022-02-05,,,,,0.0,,,,,,,,,,0.0,,,,,,,,0.0,,,,,0.0,0.67,,0.0,,0.0,0.0
2022-02-06,,,,,0.0,,,,,,,,,,1.0,,,,,,,,0.0,,,,,0.0,0.6500000000000001,,0.0,,0.0,0.0
2022-02-07,,,,,0.0,,,,,,,,,,0.0,,,,,,,,0.0,,,,,0.0,0.81,,0.0,,0.0,0.0
2022-02-08,,,,,0.0,,,,,,,,,,0.0,,,,,,,,0.0,,,,,0.0,0.6299999999999998,,0.0,,0.0,0.0
2022-02-09,,,,,0.0,,,,,,,,,,0.0,,,,,,,,0.0,,,,,0.0,0.4,,0.0,,0.0,0.0
2022-02-10,,,,,0.0,,,,,,,,,,0.0,,,,,,,,0.0,,,,,0.0,0.6500000000000001,,0.0,,0.0,0.0
2022-02-11,,,,,0.0,,,,,,,,,,0.0,,,,,,,,0.0,,,,,0.0,0.56,,0.0,,0.0,0.0
2022-02-12,,,,,0.0,,,,,,,,,,0.0,,,,,,,,0.0,,,,,0.0,0.44,,0.0,,0.0,0.4901256065681916
2022-02-13,,,,,0.0,,,,,,,,,,0.0,,,,,,,,0.0,,,,,0.0,0.53,,0.0,,0.0,0.4443805499551604
2022-02-14,,,,,0.0,,,,,,,,,,0.0,,,,,,,,0.0,,,,,0.0,0.6100000000000001,,0.0,,0.0,0.0
2022-02-15,,,,,0.0,,,,,,,,,,0.0,,,,,,,,0.0,,,,,0.0,0.62,,0.0,,0.0,0.0
2022-02-16,,,,,0.0,,,,,,,,,,0.0,,,,,,,,0.0,,,,,0.0,0.7099999999999999,,0.0,,0.0,0.3724954609918256
2022-02-17,,,,,0.0,,,,,,,,,,0.0,,,,,,,,0.0,,,,,0.0,0.72,,0.0,,0.0,0.36596045290424967
2022-02-18,,,,,0.0,,,,,,,,,,0.0,,,,,,,,0.0,,,,,0.0,0.7899999999999998,,0.0,,0.0,0.0
2022-02-19,,,,,0.0,,,,,,,,,,0.0,,,,,,,,0.0,,,,,0.0,0.54,,0.0,,0.0,0.3921004852545532
2022-02-20,,,,,0.0,,,,,,,,,,0.0,,,,,,,,0.0,,,,,0.0,0.6500000000000001,,0.0,,0.0,0.6208257683197093
2022-02-21,,,,,0.0,,,,,,,,,,0.0,,,,,,,,0.0,,,,,0.0,0.62,,0.0,,0.0,0.0
2022-02-22,,,,,0.0,,,,,,,,,,0.0,,,,,,,,0.0,,,,,0.0,0.52,,0.0,,0.0,0.0
2022-02-23,,,,,0.0,,,,,,,,,,0.0,,,,,,,,0.0,,,,,0.0,0.53,,0.0,,0.0,0.0
2022-02-24,,,,,0.0,,,,,,,,,,0.0,,,,,,,,0.0,,,,,0.0,0.7,,0.0,,0.0,0.0
2022-02-25,,,,,0.0,,,,,,,,,,0.0,,,,,,,,0.0,,,,,0.0,0.53,,0.59,,0.0,0.0
2022-02-26,,,,,0.0,,,,,,,,,,0.0,,,,,,,,0.0,,,,,0.0,0.5,,0.0,,0.0,0.0
2022-02-27,,,,,0.0,,,,,,,,,,0.0,,,,,,,,0.0,,,,,0.0,0.5499999999999999,,0.0,,0.0,0.0
2022-02-28,,,,,0.0,,,,,,,,,,0.0,,,,,,,,0.0,,,,,0.0,0.69,,0.0,,0.0,0.0
2022-03-01,,,,,0.0,,,,,,,,,,0.0,,,,,,,,0.0,,,,,0.0,0.81,,0.0,,0.0,0.3332854124663702
2022-03-02,,,,,0.0,,,,,,,,,,0.0,,,,,,,,0.0,,,,,0.0,0.53,,0.0,,0.0,0.0
2022-03-03,,,,,0.0,,,,,,,,,,0.0,,,,,,,,0.0,,,,,0.0,0.6299999999999998,,0.5799999999999997,,0.0,0.0
2022-03-04,,,,,0.0,,,,,,,,,,0.0,,,,,,,,0.0,,,,,0.0,0.58,,0.0,,0.0,0.0
2022-03-05,,,,,0.0,,,,,,,,,,0.0,,,,,,,,0.0,,,,,0.0,0.66,,0.0,,0.0,0.0
2022-03-06,,,,,0.0,,,,,,,,,,0.0,,,,,,,,0.0,,,,,0.0,0.5499999999999999,,0.0,,0.0,0.0
2022-03-07,,,,,0.0,,,,,,,,,,0.0,,,,,,,,0.5930558960598785,,,,,0.0,0.7899999999999998,,0.0,,0.0,0.0
2022-03-08,,,,,0.0,,,,,,,,,,0.0,,,,,,,,0.0,,,,,0.0,0.72,,0.0,,0.0,0.0
2022-03-09,,,,,0.0,,,,,,,,,,0.0,,,,,,,,0.0,,,,,0.0,0.81,,0.0,,1.0,0.3071453801160667
2022-03-10,,,,,0.0,,,,,,,,,,0.0,,,,,,,,0.0,,,,,0.0,0.66,,0.0,,0.0,0.0
2022-03-11,,,,,0.0,,,,,,,,,,0.0,,,,,,,,0.0,,,,,0.0,0.67,,0.0,,0.0,0.40517050142970495
2022-03-12,,,,,0.0,,,,,,,,,,0.0,,,,,,,,0.0,,,,,0.0,0.67,,0.0,,0.0,0.3724954609918256
2022-03-13,,,,,0.0,,,,,,,,,,0.0,,,,,,,,0.0,,,,,0.0,0.52,,0.0,,0.0,0.0
2022-03-14,,,,,0.0,,,,,,,,,,0.0,,,,,,,,0.0,,,,,0.0,0.58,,0.0,,0.0,0.0
2022-03-15,,,,,0.0,,,,,,,,,,0.0,,,,,,,,0.0,,,,,0.0,0.62,,0.51,,0.0,0.0
2022-03-16,,,,,0.0,,,,,,,,,,0.0,,,,,,,,0.0,,,,,0.0,0.6000000000000001,,0.0,,0.0,0.3724954609918256
2022-03-17,,,,,0.0,,,,,,,,,,0.0,,,,,,,,0.0,,,,,0.0,0.56,,0.0,,0.0,0.3071453801160667
2022-03-18,,,,,0.0,,,,,,,,,,0.0,,,,,,,,0.0,,,,,0.0,0.97,,0.0,,0.0,0.36596045290424967
2022-03-19,,,,,0.0,,,,,,,,,,0.0,,,,,,,,0.0,,,,,0.0,0.6299999999999998,,0.0,,0.0,0.0
2022-03-20,,,,,0.0,,,,,,,,,,0.0,,,,,,,,0.0,,,,,0.0,0.6100000000000001,,0.0,,0.0,0.0
2022-03-21,,,,,0.0,,,,,,,,,,0.0,,,,,,,,0.0,,,,,0.0,0.58,,0.0,,0.0,0.0
2022-03-22,,,,,0.0,,,,,,,,,,0.0,,,,,,,,0.0,,,,,0.0,0.8,,0.0,,0.0,0.0
2022-03-23,,,,,0.0,,,,,,,,,,0.0,,,,,,,,0.0,,,,,0.0,0.88,,0.0,,0.0,0.0
2022-03-24,,,,,1.0,,,,,,,,,,0.0,,,,,,,,0.0,,,,,0.0,0.75,,0.0,,0.0,0.0
2022-03-25,,,,,0.0,,,,,,,,,,0.0,,,,,,,,0.0,,,,,0.0,0.33,,0.0,,0.0,0.0
2022-03-26,,,,,0.0,,,,,,,,,,0.0,,,,,,,,0.0,,,,,0.0,0.45000000000000007,,0.0,,0.0,0.0
2022-03-27,,,,,0.0,,,,,,,,,,0.0,,,,,,,,0.0,,,,,0.0,0.69,,0.5599999999999999,,0.0,0.43131053378000866
2022-03-28,,,,,0.0,,,,,,,,,,0.0,,,,,,,,0.0,,,,,0.0,0.6100000000000001,,0.72,,0.0,0.0
2022-03-29,,,,,0.0,,,,,,,,,,0.0,,,,,,,,0.0,,,,,0.0,0.58,,0.0,,0.0,0.0
2022-03-30,,,,,0.0,,,,,,,,,,0.0,,,,,,,,0.0,,,,,0.0,0.62,,0.0,,0.0,0.36596045290424967
2022-03-31,,,,,0.0,,,,,,,,,,0.0,,,,,,,,0.0,,,,,0.0,0.59,,0.0,,0.0,0.0
2022-04-01,,,,,0.0,,,,,,,,,,0.0,,,,,,,,0.0,,,,,0.0,0.8,,0.0,,0.0,0.4378455418675844
2022-04-02,,,,,0.0,,,,,,,,,,0.0,,,,,,,,0.0,,,,,0.0,0.73,,0.6199999999999999,,0.0,0.0
2022-04-03,,,,,0.0,,,,,,,,,,0.0,,,,,,,,0.0,,,,,0.0,0.69,,0.63,,0.0,0.0
2022-04-04,,,,,0.0,,,,,,,,,,0.5299999999999999,,,,,,,,0.0,,,,,0.0,0.6100000000000001,,0.0,,0.0,0.0
2022-04-05,,,,,0.0,,,,,,,,,,0.0,,,,,,,,0.0,,,,,0.0,0.54,,0.0,,0.0,0.0
2022-04-06,,,,,0.0,,,,,,,,,,0.0,,,,,,,,0.0,,,,,0.0,0.5,,0.0,,0.0,0.0
2022-04-07,,,,,0.0,,,,,,,,,,0.0,,,,,,,,0.0,,,,,0.0,0.5,,0.0,,0.0,0.0
2022-04-08,,,,,0.0,,,,,,,,,,0.0,,,,,,,,0.0,,,,,0.0,0.68,,0.0,,0.0,0.0
2022-04-09,,,,,0.0,,,,,,,,,,0.0,,,,,,,,0.42465730828978965,,,,,0.0,0.5499999999999999,,0.0,,0.0,0.0
2022-04-10,,,,,0.0,,,,,,,,,,0.0,,,,,,,,0.0,,,,,0.0,0.48,,0.0,,0.0,0.0
2022-04-11,,,,,0.0,,,,,,,,,,0.0,,,,,,,,0.0,,,,,0.0,0.48,,0.0,,0.0,0.0
2022-04-12,,,,,0.0,,,,,,,,,,0.0,,,,,,,,0.0,,,,,0.0,0.6100000000000001,,0.0,,0.0,0.0
2022-04-13,,,,,0.0,,,,,,,,,,0.0,,,,,,,,0.0,,,,,0.0,0.58,,0.0,,0.0,0.0
2022-04-14,,,,,0.0,,,,,,,,,,0.0,,,,,,,,0.0,,,,,0.0,0.5499999999999999,,0.0,,0.0,0.0
2022-04-15,,,,,0.0,,,,,,,,,,0.0,,,,,,,,0.0,,,,,0.0,0.6500000000000001,,0.0,,0.0,0.0
2022-04-16,,,,,0.0,,,,,,,,,,0.0,,,,,,,,0.0,,,,,0.0,0.38,,0.0,,0.0,0.0
2022-04-17,,,,,0.0,,,,,,,,,,0.0,,,,,,,,0.0,,,,,0.0,0.45000000000000007,,0.5299999999999999,,0.0,0.0
2022-04-18,,,,,0.0,,,,,,,,,,0.0,,,,,,,,0.0,,,,,0.0,0.59,,0.0,,0.0,0.3071453801160667
2022-04-19,,,,,0.0,,,,,,,,,,0.0,,,,,,,,0.0,,,,,0.0,0.5099999999999999,,0.0,,0.0,0.0
2022-04-20,,,,,0.0,,,,,,,,,,0.0,,,,,,,,0.0,,,,,0.0,0.43,,0.0,,0.0,0.0
2022-04-21,,,,,0.0,,,,,,,,,,0.0,,,,,,,,0.0,,,,,0.0,0.48,,0.0,,0.0,0.294075363940915
2022-04-22,,,,,0.0,,,,,,,,,,0.0,,,,,,,,0.0,,,,,0.0,0.6299999999999998,,0.0,,0.0,0.0
2022-04-23,,,,,0.0,,,,,,,,,,0.0,,,,,,,,0.0,,,,,0.0,0.42,,0.0,,0.0,0.0
2022-04-24,,,,,0.0,,,,,,,,,,0.0,,,,,,,,0.0,,,,,0.0,0.49000000000000005,,0.0,,0.0,0.0
2022-04-25,,,,,0.0,,,,,,,,,,0.0,,,,,,,,0.0,,,,,0.0,0.59,,0.0,,0.0,0.36596045290424967
2022-04-26,,,,,0.0,,,,,,,,,,0.0,,,,,,,,0.0,,,,,0.0,0.48,,0.0,,0.0,0.0
2022-04-27,,,,,0.0,,,,,,,,,,0.0,,,,,,,,0.0,,,,,0.0,0.45000000000000007,,0.0,,0.0,0.0
2022-04-28,,,,,0.0,,,,,,,,,,0.0,,,,,,,,0.6150209292472814,,,,,0.0,0.27,,0.0,,0.0,0.0
2022-04-29,,,,,0.0,,,,,,,,,,0.0,,,,,,,,0.0,,,,,0.0,0.32,,0.0,,0.0,0.0
2022-04-30,,,,,0.0,,,,,,,,,,0.0,,,,,,,,0.0,,,,,0.0,0.44,,0.0,,0.0,0.0
2022-05-01,,,,,0.0,,,,,,,,,,0.0,,,,,,,,0.0,,,,,0.0,0.0,,0.0,,0.0,0.0
2022-05-02,,,,,0.0,,,,,,,,,,0.0,,,,,,,,0.0,,,,,0.0,0.29,,0.0,,0.0,0.0
2022-05-03,,,,,0.0,,,,,,,,,,0.0,,,,,,,,0.0,,,,,0.0,0.28,,0.0,,0.0,0.0
2022-05-04,,,,,0.0,,,,,,,,,,0.0,,,,,,,,0.0,,,,,0.0,0.46,,0.0,,0.0,0.0
2022-05-05,,,,,0.0,,,,,,,,,,0.0,,,,,,,,0.0,,,,,0.0,0.38,,0.0,,0.0,0.0
2022-05-06,,,,,0.0,,,,,,,,,,0.0,,,,,,,,0.0,,,,,0.0,0.36,,0.0,,0.0,0.0
2022-05-07,,,,,0.0,,,,,,,,,,0.0,,,,,,,,0.0,,,,,0.0,0.46,,0.0,,0.0,0.3398204205539461
2022-05-08,,,,,0.0,,,,,,,,,,0.0,,,,,,,,0.0,,,,,0.0,0.27,,0.0,,0.0,0.0
2022-05-09,,,,,0.0,,,,,,,,,,0.0,,,,,,,,0.0,,,,,0.0,0.41,,0.0,,0.0,0.3202153962912185
2022-05-10,,,,,0.0,,,,,,,,,,0.0,,,,,,,,0.0,,,,,0.0,0.54,,0.0,,0.0,0.0
2022-05-11,,,,,0.0,,,,,,,,,,0.0,,,,,,,,0.0,,,,,0.0,0.47,,0.0,,0.0,0.0
2022-05-12,,,,,0.0,,,,,,,,,,0.0,,,,,,,,0.0,,,,,0.0,0.35,,0.0,,0.0,0.0
2022-05-13,,,,,0.0,,,,,,,,,,0.0,,,,,,,,0.0,,,,,0.0,0.27,,0.0,,0.0,0.0
2022-05-14,,,,,0.0,,,,,,,,,,0.0,,,,,,,,0.0,,,,,0.0,0.46,,0.0,,0.0,0.0
2022-05-15,,,,,0.0,,,,,,,,,,0.0,,,,,,,,0.0,,,,,0.0,0.59,,0.0,,0.0,0.0
2022-05-16,,,,,0.0,,,,,,,,,,0.0,,,,,,,,0.0,,,,,0.0,0.66,,0.0,,0.0,0.0
2022-05-17,,,,,0.0,,,,,,,,,,0.0,,,,,,,,0.5710908628724757,,,,,0.0,0.7,,0.0,,0.0,0.3724954609918256
2022-05-18,,,,,0.0,,,,,,,,,,0.0,,,,,,,,0.0,,,,,0.0,0.38,,0.0,,0.0,0.0
2022-05-19,,,,,0.0,,,,,,,,,,0.0,,,,,,,,0.4905524078519983,,,,,0.0,0.36,,0.0,,0.0,0.0
2022-05-20,,,,,0.0,,,,,,,,,,0.0,,,,,,,,0.0,,,,,0.0,0.5700000000000001,,0.0,,0.0,0.0
2022-05-21,,,,,0.0,,,,,,,,,,0.0,,,,,,,,0.0,,,,,0.0,0.54,,0.0,,0.0,0.0
2022-05-22,,,,,0.0,,,,,,,,,,0.0,,,,,,,,0.0,,,,,0.0,0.62,,0.0,,0.0,0.0
2022-05-23,,,,,0.0,,,,,,,,,,0.0,,,,,,,,0.0,,,,,0.0,0.46,,0.0,,0.0,0.0
2022-05-24,,,,,0.0,,,,,,,,,,0.0,,,,,,,,0.0,,,,,0.0,0.37,,0.0,,0.0,0.0
2022-05-25,,,,,0.0,,,,,,,,,,0.0,,,,,,,,0.0,,,,,0.0,0.52,,0.0,,0.0,0.0
2022-05-26,,,,,0.0,,,,,,,,,,0.0,,,,,,,,0.0,,,,,0.0,0.38,,0.0,,0.0,0.0
2022-05-27,,,,,0.0,,,,,,,,,,0.0,,,,,,,,0.0,,,,,0.0,0.53,,0.0,,0.0,0.0
2022-05-28,,,,,0.0,,,,,,,,,,0.0,,,,,,,,0.0,,,,,0.0,0.38,,0.0,,0.0,0.0
2022-05-29,,,,,0.0,,,,,,,,,,0.0,,,,,,,,0.0,,,,,0.0,0.45000000000000007,,0.0,,0.0,0.0
2022-05-30,,,,,0.0,,,,,,,,,,0.0,,,,,,,,0.0,,,,,0.0,0.46,,0.0,,0.0,0.40517050142970495
2022-05-31,,,,,0.0,,,,,,,,,,0.0,,,,,,,,0.0,,,,,0.0,0.56,,0.0,,0.0,0.0
2022-06-01,,,,,0.0,,,,,,,,,,0.0,,,,,,,,0.0,,,,,0.0,0.53,,0.0,,0.0,0.4378455418675844
2022-06-02,,,,,0.0,,,,,,,,,,0.0,,,,,,,,0.0,,,,,0.0,0.59,,0.0,,0.0,0.0
2022-06-03,,,,,0.0,,,,,,,,,,0.0,,,,,,,,0.0,,,,,0.0,0.5700000000000001,,0.0,,0.0,0.5489406793563744
2022-06-04,,,,,0.0,,,,,,,,,,0.0,,,,,,,,0.0,,,,,0.0,0.68,,0.0,,0.0,0.0
2022-06-05,,,,,0.0,,,,,,,,,,0.0,,,,,,,,0.0,,,,,0.0,0.69,,0.0,,0.0,0.0
2022-06-06,,,,,0.0,,,,,,,,,,0.0,,,,,,,,0.0,,,,,0.0,0.68,,0.0,,0.0,0.0
2022-06-07,,,,,0.0,,,,,,,,,,0.0,,,,,,,,0.0,,,,,0.0,0.6299999999999998,,0.0,,0.0,0.0
2022-06-08,,,,,0.0,,,,,,,,,,0.0,,,,,,,,0.0,,,,,0.0,0.64,,0.0,,0.0,0.3528904367290979
2022-06-09,,,,,0.0,,,,,,,,,,0.0,,,,,,,,0.0,,,,,0.0,0.6500000000000001,,0.0,,0.0,0.40517050142970495
2022-06-10,,,,,0.0,,,,,,,,,,0.0,,,,,,,,0.0,,,,,0.0,0.7,,0.0,,0.0,0.36596045290424967
2022-06-11,,,,,0.0,,,,,,,,,,0.0,,,,,,,,0.0,,,,,0.0,0.44,,0.0,,0.0,0.0
2022-06-12,,,,,0.0,,,,,,,,,,0.0,,,,,,,,0.0,,,,,0.0,0.53,,0.0,,0.0,0.0
2022-06-13,,,,,0.0,,,,,,,,,,0.0,,,,,,,,0.0,,,,,0.0,0.6500000000000001,,0.0,,0.0,0.0
2022-06-14,,,,,0.0,,,,,,,,,,0.0,,,,,,,,0.0,,,,,0.0,0.49000000000000005,,0.0,,0.0,0.0
2022-06-15,,,,,0.0,,,,,,,,,,0.0,,,,,,,,0.0,,,,,0.0,0.69,,0.6199999999999999,,0.0,0.0
2022-06-16,,,,,0.0,,,,,,,,,,0.0,,,,,,,,0.0,,,,,0.819277108433735,0.8,,0.0,,0.0,0.3594254448166738
2022-06-17,,,,,0.0,,,,,,,,,,0.0,,,,,,,,0.0,,,,,0.0,0.64,,0.0,,0.0,0.0
2022-06-18,,,,,0.0,,,,,,,,,,0.0,,,,,,,,0.0,,,,,0.0,0.54,,0.0,,0.0,0.0
2022-06-19,,,,,0.0,,,,,,,,,,0.0,,,,,,,,0.0,,,,,0.0,0.59,,0.0,,0.0,0.0
2022-06-20,,,,,0.0,,,,,,,,,,0.0,,,,,,,,0.0,,,,,0.0,0.58,,0.0,,0.0,0.0
2022-06-21,,,,,0.0,,,,,,,,,,0.0,,,,,,,,0.0,,,,,0.0,0.6500000000000001,,0.0,,0.0,0.0
2022-06-22,,,,,0.0,,,,,,,,,,0.0,,,,,,,,0.0,,,,,0.0,0.5499999999999999,,0.0,,0.0,0.0
2022-06-23,,,,,0.0,,,,,,,,,,0.0,,,,,,,,0.0,,,,,0.0,0.69,,0.0,,0.0,0.0
2022-06-24,,,,,0.0,,,,,,,,,,0.0,,,,,,,,0.0,,,,,0.0,0.5700000000000001,,0.0,,0.0,0.0
2022-06-25,,,,,0.0,,,,,,,,,,0.0,,,,,,,,0.0,,,,,0.0,0.5,,0.0,,0.0,0.0
2022-06-26,,,,,0.0,,,,,,,,,,0.0,,,,,,,,0.0,,,,,0.0,0.45000000000000007,,0.0,,0.0,0.0
2022-06-27,,,,,0.0,,,,,,,,,,0.0,,,,,,,,0.0,,,,,0.0,0.48,,0.0,,0.0,0.0
2022-06-28,,,,,0.0,,,,,,,,,,0.0,,,,,,,,0.0,,,,,0.0,0.66,,0.0,,0.0,0.0
2022-06-29,,,,,0.0,,,,,,,,,,0.0,,,,,,,,0.0,,,,,0.0,0.5099999999999999,,0.0,,0.0,0.0
2022-06-30,,,,,0.0,,,,,,,,,,0.0,,,,,,,,0.0,,,,,0.0,0.54,,0.0,,0.0,0.0
2022-07-01,,,,,0.0,,,,,,,,,,0.0,,,,,,,,0.0,,,,,0.0,0.41,,0.0,,0.0,0.0
2022-07-02,,,,,0.0,,,,,,,,,,0.0,,,,,,,,0.0,,,,,0.0,0.44,,0.0,,0.0,0.0
2022-07-03,,,,,0.0,,,,0.0,,,,,,0.0,,,,,,,,0.0,,,,,0.0,0.48374502309284906,,0.0,,,0.0
2022-07-04,,,,,0.0,,,,0.0,,,,,,0.0,,,,,,,,0.0,,,,,0.0,0.48374502309284906,,0.0,,,0.0
2022-07-05,,,,,0.0,,,,0.0,,,,,,0.0,,,,,,,,0.0,,,,,0.0,0.5493375685969643,,0.0,,,0.0
2022-07-06,,,,,0.0,,,,0.0,,,,,,0.0,,,,,,,,0.0,,,,,0.0,0.48374502309284906,,0.0,,,0.0
2022-07-07,,,,,0.0,,,,0.0,,,,,,0.0,,,,,,,,0.0,,,,,0.0,0.7051198641692377,,0.0,,,0.0
2022-07-08,,,,,0.0,,,,0.0,,,,,,0.0,,,,,,,,0.0,,,,,0.0,0.6231291822890938,,0.0,,,0.0
2022-07-09,,,,,0.0,,,,0.0,,,,,,0.0,,,,,,,,0.0,,,,,0.0,0.36895806846064766,,0.0,,,0.0
2022-07-10,,,,,0.0,,,,0.0,,,,,,0.0,,,,,,,,0.0,,,,,0.0,0.42635154577674833,,0.0,,,0.0
2022-07-11,,,,,0.0,,,,0.0,,,,,,0.0,,,,,,,,0.0,,,,,0.0,0.7297170687332809,,0.0,,,0.0
2022-07-12,,,,,0.0,,,,0.0,,,,,,0.0,,,,,,,,0.0,,,,,0.0,0.5985319777250505,,0.0,,,0.0
2022-07-13,,,,,0.0,,,,0.0,,,,,,0.0,,,,,,,,0.7836770007209803,,,,,0.0,0.8117077506134248,,0.0,,,0.0
2022-07-14,,,,,0.0,,,,0.0,,,,,,0.0,,,,,,,,0.0,,,,,0.0,0.631328250477108,,0.0,,,0.0
2022-07-15,,,,,0.0,,,,0.0,,,,,,0.0,,,,,,,,0.0,,,,,0.0,0.5985319777250505,,0.0,,,0.0
2022-07-16,,,,,0.0,,,,0.0,,,,,,0.0,,,,,,,,0.0,,,,,0.0,0.38535620483667643,,0.0,,,0.0
2022-07-17,,,,,0.0,,,,0.0,,,,,,0.0,,,,,,,,0.0,,,,,0.0,0.5575366367849786,,0.0,,,0.0
2022-07-18,,,,,0.0,,,,0.0,,,,,,0.0,,,,,,,,0.0,,,,,0.0,0.7379161369212953,,0.0,,,0.0
2022-07-19,,,,,0.0,,,,0.0,,,,,,0.0,,,,,,,,0.7836770007209803,,,,,0.0,0.5411385004089497,,0.0,,,0.0
2022-07-20,,,,,0.0,,,,0.0,,,,,,0.0,,,,,,,,0.0,,,,,0.0,0.8199068188014391,,0.0,,,0.0
2022-07-21,,,,,0.0,,,,0.0,,,,,,0.0,,,,,,,,0.0,,,,,0.0,0.4919440912808634,,0.0,,,0.0
2022-07-22,,,,,0.0,,,,0.0,,,,,,0.0,,,,,,,,0.0,,,,,0.0,0.6805226596051945,,0.0,,,0.0
2022-07-23,,,,,0.0,,,,0.0,,,,,,0.0,,,,,,,,0.0,,,,,0.0,0.5083422276568924,,0.0,,,0.0
2022-07-24,,,,,0.7121212121212122,,,,0.0,,,,,,0.0,,,,,,,,0.6717231434751261,,,,,0.0,0.7871105460493816,,0.0,,,0.0
2022-07-25,,,,,0.0,,,,0.0,,,,,,0.0,,,,,,,,0.0,,,,,0.0,0.647726386853137,,0.0,,,0.0
2022-07-26,,,,,0.0,,,,0.0,,,,,,0.0,,,,,,,,0.0,,,,,0.0,0.5985319777250505,,0.0,,,0.0
2022-07-27,,,,,0.0,,,,0.0,,,,,,0.0,,,,,,,,0.0,,,,,0.0,0.5821338413490217,,0.0,,,0.0
2022-07-28,,,,,0.0,,,,0.0,,,,,,0.0,,,,,,,,0.0,,,,,0.0,0.7707124096733527,,0.0,,,0.0
2022-07-29,,,,,0.0,,,,0.0,,,,,,0.0,,,,,,,,0.0,,,,,0.0,0.3279627275205757,,0.0,,,0.0
2022-07-30,,,,,0.0,,,,0.0,,,,,,0.0,,,,,,,,0.0,,,,,0.0,0.4017543412127052,,0.0,,,0.0
2022-07-31,,,,,0.0,,,,0.0,,,,,,0.0,,,,,,,,0.0,,,,,0.0,0.5411385004089497,,0.0,,,0.0
2022-08-01,,,,,0.0,,,,0.0,,,,,,0.4986032608695652,,,,,,,,0.0,,,,,0.0,0.6067310459130649,,0.0,,,0.0
2022-08-02,,,,,0.0,,,,0.0,,,,,,0.0,,,,,,,,0.0,,,,,0.0,0.7051198641692377,,0.0,,,0.0
2022-08-03,,,,,0.0,,,,0.0,,,,,,0.0,,,,,,,,0.0,,,,,1.0,0.6395273186651226,,0.0,,,0.0
2022-08-04,,,,,0.0,,,,0.61,,,,,,0.0,,,,,,,,0.0,,,,,0.0,0.4755459549048347,,0.0,,,0.0
2022-08-05,,,,,0.0,,,,0.0,,,,,,0.0,,,,,,,,0.0,,,,,0.0,0.5165412958449067,,0.0,,,0.0
2022-08-06,,,,,0.0,,,,0.0,,,,,,0.0,,,,,,,,0.0,,,,,0.0,0.5411385004089497,,0.0,,,0.0
2022-08-07,,,,,0.0,,,,0.0,,,,,,0.0,,,,,,,,0.0,,,,,0.0,0.5821338413490217,,0.0,,,0.0
2022-08-08,,,,,0.0,,,,0.0,,,,,,0.0,,,,,,,,0.0,,,,,0.0,0.6641245232291656,,0.0,,,0.0
2022-08-09,,,,,0.0,,,,0.0,,,,,,0.0,,,,,,,,0.0,,,,,0.0,0.7215180005452665,,0.0,,,0.0
2022-08-10,,,,,0.0,,,,0.0,,,,,,0.0,,,,,,,,0.0,,,,,0.0,0.631328250477108,,0.0,,,0.0
2022-08-11,,,,,0.0,,,,0.0,,,,,,0.0,,,,,,,,0.0,,,,,0.0,0.4181524775887339,,0.0,,,0.57
2022-08-12,,,,,0.0,,,,0.0,,,,,,0.0,,,,,,,,0.0,,,,,0.0,0.6067310459130649,,0.0,,,0.0
2022-08-13,,,,,0.0,,,,0.0,,,,,,0.0,,,,,,,,0.0,,,,,0.0,0.5903329095370362,,0.0,,,0.0
2022-08-14,,,,,0.0,,,,0.0,,,,,,0.0,,,,,,,,0.0,,,,,0.0,0.42635154577674833,,0.0,,,0.0
2022-08-15,,,,,0.0,,,,0.0,,,,,,0.4634077365728901,,,,,,,,0.0,,,,,0.0,0.7051198641692377,,0.0,,,0.0
2022-08-16,,,,,0.0,,,,0.0,,,,,,0.0,,,,,,,,0.0,,,,,0.0,0.4181524775887339,,0.0,,,0.0
2022-08-17,,,,,0.0,,,,0.0,,,,,,0.0,,,,,,,,0.0,,,,,0.0,0.48374502309284906,,0.0,,,0.0
2022-08-18,,,,,0.0,,,,0.0,,,,,,0.0,,,,,,,,0.0,,,,,0.0,0.524740364032921,,0.0,,,0.0
2022-08-19,,,,,0.0,,,,0.0,,,,,,0.0,,,,,,,,0.0,,,,,0.0,0.5493375685969643,,0.0,,,0.0
2022-08-20,,,,,0.0,,,,0.0,,,,,,0.0,,,,,,,,0.0,,,,,0.0,0.0,,0.0,,,0.0
2022-08-21,,,,,0.0,,,,0.0,,,,,,0.0,,,,,,,,0.0,,,,,0.0,0.631328250477108,,0.0,,,0.6699999999999998
2022-08-22,,,,,0.0,,,,0.0,,,,,,0.0,,,,,,,,0.0,,,,,0.0,0.3279627275205757,,0.0,,,0.0
2022-08-23,,,,,0.0,,,,0.0,,,,,,0.0,,,,,,,,0.0,,,,,0.0,0.6641245232291656,,0.0,,,0.0
2022-08-24,,,,,0.0,,,,0.0,,,,,,0.0,,,,,,,,0.0,,,,,0.0,0.524740364032921,,0.0,,,0.0
2022-08-25,,,,,0.0,,,,0.0,,,,,,0.0,,,,,,,,0.0,,,,,0.0,0.5985319777250505,,0.0,,,0.0
2022-08-26,,,,,0.0,,,,0.0,,,,,,0.0,,,,,,,,0.0,,,,,0.0,0.4755459549048347,,0.0,,,0.0
2022-08-27,,,,,0.0,,,,0.0,,,,,,0.0,,,,,,,,0.0,,,,,0.0,0.6231291822890938,,0.0,,,1.0
2022-08-28,,,,,0.0,,,,0.0,,,,,,0.0,,,,,,,,0.0,,,,,0.0,0.631328250477108,,0.0,,,0.0
2022-08-29,,,,,0.0,,,,0.0,,,,,,0.0,,,,,,,,0.0,,,,,0.0,0.4427496821527771,,0.0,,,0.0
2022-08-30,,,,,0.0,,,,0.0,,,,,,0.0,,,,,,,,0.0,,,,,0.0,0.48374502309284906,,0.0,,,0.0
2022-08-31,,,,,0.0,,,,0.0,,,,,,0.0,,,,,,,,0.0,,,,,0.0,0.5411385004089497,,0.0,,,0.0
2022-09-01,,,,,0.0,,,,0.0,,,,,,0.0,,,,,,,,0.0,,,,,0.0,0.7215180005452665,,0.0,,,0.0
2022-09-02,,,,,0.0,,,,0.0,,,,,,0.0,,,,,,,,0.0,,,,,0.0,0.524740364032921,,0.0,,,0.0
2022-09-03,,,,,0.0,,,,0.0,,,,,,0.0,,,,,,,,0.0,,,,,0.0,0.5411385004089497,,0.0,,,0.0
2022-09-04,,,,,0.0,,,,0.0,,,,,,0.0,,,,,,,,0.0,,,,,0.0,0.6723235914171801,,0.0,,,0.0
2022-09-05,,,,,0.0,,,,0.0,,,,,,0.0,,,,,,,,0.0,,,,,0.0,0.6641245232291656,,0.0,,,0.0
2022-09-06,,,,,0.0,,,,0.0,,,,,,0.0,,,,,,,,0.0,,,,,0.0,0.7297170687332809,,0.0,,,0.0
2022-09-07,,,,,0.0,,,,0.0,,,,,,0.0,,,,,,,,0.0,,,,,0.0,0.4919440912808634,,0.0,,,0.0
2022-09-08,,,,,0.0,,,,0.0,,,,,,0.0,,,,,,,,0.0,,,,,0.0,0.4919440912808634,,0.0,,,0.0
2022-09-09,,,,,0.0,,,,0.0,,,,,,0.0,,,,,,,,0.0,,,,,0.0,0.4345506139647628,,0.0,,,0.0
2022-09-10,,,,,0.0,,,,0.0,,,,,,0.0,,,,,,,,0.0,,,,,0.0,0.4509487503407915,,0.0,,,0.0
2022-09-11,,,,,0.0,,,,0.0,,,,,,0.0,,,,,,,,0.0,,,,,0.0,0.6067310459130649,,0.0,,,0.0
2022-09-12,,,,,0.0,,,,0.0,,,,,,0.0,,,,,,,,0.0,,,,,0.0,0.5575366367849786,,0.0,,,0.0
2022-09-13,,,,,0.0,,,,0.0,,,,,,0.0,,,,,,,,0.0,,,,,0.0,0.7133189323572521,,0.0,,,0.0
2022-09-14,,,,,0.0,,,,0.0,,,,,,0.0,,,,,,,,0.0,,,,,0.0,0.6149301141010792,,0.45788744588744584,,,0.0
2022-09-15,,,,,0.0,,,,0.0,,,,,,0.0,,,,,,,,0.0,,,,,0.0,0.48374502309284906,,0.0,,,0.0
2022-09-16,,,,,0.0,,,,0.0,,,,,,0.0,,,,,,,,0.0,,,,,0.0,0.3771571366486621,,0.0,,,0.0
2022-09-17,,,,,0.0,,,,0.0,,,,,,0.0,,,,,,,,0.0,,,,,0.0,0.5657357049729931,,0.0,,,0.0
2022-09-18,,,,,0.0,,,,0.0,,,,,,0.0,,,,,,,,0.0,,,,,0.0,0.7297170687332809,,0.0,,,0.0
2022-09-19,,,,,0.0,,,,0.0,,,,,,0.0,,,,,,,,0.0,,,,,0.0,0.4017543412127052,,0.0,,,0.0
2022-09-20,,,,,0.0,,,,0.0,,,,,,0.0,,,,,,,,0.0,,,,,0.0,0.5821338413490217,,0.0,,,0.0
2022-09-21,,,,,0.0,,,,0.0,,,,,,0.0,,,,,,,,0.0,,,,,0.0,0.7215180005452665,,0.0,,,0.49000000000000005
2022-09-22,,,,,0.0,,,,0.0,,,,,,0.0,,,,,,,,0.0,,,,,0.0,0.6887217277932087,,0.0,,,0.64
2022-09-23,,,,,0.0,,,,0.0,,,,,,0.0,,,,,,,,0.0,,,,,0.0,0.5657357049729931,,0.0,,,0.0
2022-09-24,,,,,0.0,,,,0.0,,,,,,0.0,,,,,,,,0.0,,,,,0.0,0.4591478185288061,,0.49770374552983243,,,0.0
2022-09-25,,,,,0.0,,,,0.0,,,,,,0.0,,,,,,,,0.0,,,,,0.0,0.5575366367849786,,0.0,,,0.0
2022-09-26,,,,,0.0,,,,0.0,,,,,,0.0,,,,,,,,0.0,,,,,0.0,0.4591478185288061,,0.0,,,0.0
2022-09-27,,,,,0.0,,,,0.0,,,,,,0.0,,,,,,,,0.0,,,,,0.0,0.5821338413490217,,0.0,,,0.0
2022-09-28,,,,,0.0,,,,0.0,,,,,,0.0,,,,,,,,0.0,,,,,0.0,0.6805226596051945,,0.0,,,0.0
2022-09-29,,,,,0.0,,,,0.0,,,,,,0.0,,,,,,,,0.0,,,,,0.0,0.36895806846064766,,0.0,,,0.0
2022-09-30,,,,,0.0,,,,0.0,,,,,,0.0,,,,,,,,0.0,,,,,0.0,0.5821338413490217,,0.0,,,0.0
2022-10-01,,,,,0.0,,,,0.0,,,,,,0.0,,,,,,,,0.0,,,,,0.0,0.30336552295653246,,0.0,,,0.0
2022-10-02,,,,,0.0,,,,0.0,,,,,,0.0,,,,,,,,0.0,,,,,0.0,0.6231291822890938,,0.0,,,0.0
2022-10-03,,,,,0.0,,,,0.0,,,,,,0.0,,,,,,,,0.0,,,,,0.0,0.6067310459130649,,0.0,,,0.0
2022-10-04,,,,,0.0,,,,0.0,,,,,,0.0,,,,,,,,0.0,,,,,0.0,0.5821338413490217,,0.0,,,0.6199999999999999
2022-10-05,,,,,0.0,,,,0.0,,,,,,0.0,,,,,,,,0.0,,,,,0.0,0.7543142732973241,,0.0,,,0.0
2022-10-06,,,,,0.0,,,,0.0,,,,,,0.0,,,,,,,,0.0,,,,,0.0,0.647726386853137,,0.0,,,0.0
2022-10-07,,,,,0.0,,,,0.0,,,,,,0.0,,,,,,,,0.0,,,,,0.0,0.5739347731610074,,0.0,,,0.0
2022-10-08,,,,,0.0,,,,0.0,,,,,,0.0,,,,,,,,0.0,,,,,0.0,0.5001431594688778,,0.0,,,0.0
2022-10-09,,,,,0.0,,,,0.0,,,,,,0.0,,,,,,,,0.0,,,,,0.0,0.6395273186651226,,0.0,,,0.0
2022-10-10,,,,,0.0,,,,0.0,,,,,,0.0,,,,,,,,0.0,,,,,0.0,0.7133189323572521,,0.0,,,0.0
2022-10-11,,,,,0.0,,,,0.0,,,,,,0.0,,,,,,,,0.49579565351735505,,,,,0.0,0.5329394322209354,,0.0,,,0.0
2022-10-12,,,,,0.0,,,,0.0,,,,,,0.0,,,,,,,,0.0,,,,,0.0,0.6969207959812234,,0.0,,,0.0
2022-10-13,,,,,0.0,,,,0.0,,,,,,0.0,,,,,,,,0.0,,,,,0.0,0.7215180005452665,,0.0,,,0.0
2022-10-14,,,,,0.0,,,,0.0,,,,,,0.0,,,,,,,,0.0,,,,,0.0,0.5165412958449067,,0.0,,,0.0
2022-10-15,,,,,0.0,,,,0.0,,,,,,0.0,,,,,,,,0.0,,,,,0.0,0.3771571366486621,,0.0,,,0.0
2022-10-16,,,,,0.0,,,,0.0,,,,,,0.0,,,,,,,,0.0,,,,,0.0,0.4427496821527771,,0.0,,,0.0
2022-10-17,,,,,0.0,,,,0.0,,,,,,0.0,,,,,,,,0.0,,,,,0.0,0.6805226596051945,,0.0,,,0.0
2022-10-18,,,,,0.0,,,,0.0,,,,,,0.0,,,,,,,,0.0,,,,,0.0,0.4919440912808634,,0.0,,,0.0
2022-10-19,,,,,0.0,,,,0.0,,,,,,0.0,,,,,,,,0.0,,,,,0.0,0.5001431594688778,,0.0,,,0.0
2022-10-20,,,,,0.0,,,,0.0,,,,,,0.0,,,,,,,,0.0,,,,,0.0,0.6723235914171801,,0.0,,,0.0
2022-10-21,,,,,0.0,,,,0.0,,,,,,0.0,,,,,,,,0.0,,,,,0.0,0.4509487503407915,,0.0,,,0.0
2022-10-22,,,,,0.0,,,,0.0,,,,,,0.0,,,,,,,,0.0,,,,,0.0,0.3115645911445469,,0.0,,,0.0
2022-10-23,,,,,0.0,,,,0.0,,,,,,0.0,,,,,,,,0.0,,,,,0.0,0.4017543412127052,,0.0,,,0.0
2022-10-24,,,,,0.0,,,,0.0,,,,,,0.0,,,,,,,,0.0,,,,,0.0,0.7379161369212953,,0.0,,,0.0
2022-10-25,,,,,0.0,,,,0.0,,,,,,0.0,,,,,,,,0.48779894942836527,,,,,0.0,0.4919440912808634,,0.0,,,0.0
2022-10-26,,,,,0.0,,,,0.0,,,,,,0.0,,,,,,,,0.0,,,,,0.0,0.6559254550411514,,0.0,,,0.51
2022-10-27,,,,,0.0,,,,0.0,,,,,,0.0,,,,,,,,0.0,,,,,0.0,0.6641245232291656,,0.0,,,0.0
2022-10-28,,,,,0.0,,,,0.0,,,,,,0.0,,,,,,,,0.0,,,,,0.0,0.5657357049729931,,0.0,,,0.0
2022-10-29,,,,,0.0,,,,0.0,,,,,,0.0,,,,,,,,0.0,,,,,0.0,0.42635154577674833,,0.0,,,0.0
2022-10-30,,,,,0.0,,,,0.0,,,,,,0.0,,,,,,,,0.0,,,,,0.0,0.6149301141010792,,0.0,,,0.0
2022-10-31,,,,,0.0,,,,0.0,,,,,,0.0,,,,,,,,0.0,,,,,0.0,0.5739347731610074,,0.0,,,0.52
2022-11-01,,,,,0.0,,,,0.0,,,,,,0.0,,,,,,,,0.0,,,,,0.0,0.6641245232291656,,0.0,,,0.0
2022-11-02,,,,,0.0,,,,0.0,,,,,,0.0,,,,,,,,0.0,,,,,0.0,0.6723235914171801,,0.0,,,0.0
2022-11-03,,,,,0.0,,,,0.0,,,,,,0.0,,,,,,,,0.0,,,,,0.0,0.5985319777250505,,0.0,,,0.0
2022-11-04,,,,,0.0,,,,0.0,,,,,,0.0,,,,,,,,0.0,,,,,0.0,0.7543142732973241,,0.0,,,0.0
2022-11-05,,,,,0.0,,,,0.0,,,,,,0.0,,,,,,,,0.0,,,,,0.0,0.5083422276568924,,0.0,,,0.0
2022-11-06,,,,,0.0,,,,0.0,,,,,,0.0,,,,,,,,0.0,,,,,0.0,0.6231291822890938,,0.0,,,0.0
2022-11-07,,,,,0.0,,,,0.0,,,,,,0.0,,,,,,,,0.0,,,,,0.0,0.5657357049729931,,0.0,,,0.0
2022-11-08,,,,,0.0,,,,0.0,,,,,,0.0,,,,,,,,0.0,,,,,0.0,0.46734688671682045,,0.0,,,0.0
2022-11-09,,,,,0.0,,,,0.0,,,,,,0.0,,,,,,,,0.0,,,,,0.0,0.5739347731610074,,0.0,,,0.55
2022-11-10,,,,,0.0,,,,0.0,,,,,,0.0,,,,,,,,0.0,,,,,0.0,0.5739347731610074,,0.0,,,0.0
2022-11-11,,,,,0.0,,,,0.0,,,,,,0.0,,,,,,,,0.0,,,,,0.0,0.5411385004089497,,0.0,,,0.0
2022-11-12,,,,,0.0,,,,0.0,,,,,,0.0,,,,,,,,0.0,,,,,0.0,0.6231291822890938,,0.0,,,0.0
2022-11-13,,,,,0.0,,,,0.0,,,,,,0.0,,,,,,,,0.0,,,,,0.0,0.4427496821527771,,0.0,,,0.0
2022-11-14,,,,,0.0,,,,0.0,,,,,,0.0,,,,,,,,0.0,,,,,0.0,0.631328250477108,,0.0,,,0.6
2022-11-15,,,,,0.0,,,,0.0,,,,,,0.0,,,,,,,,0.0,,,,,0.0,0.5739347731610074,,0.0,,,0.0
2022-11-16,,,,,0.0,,,,0.0,,,,,,0.0,,,,,,,,0.0,,,,,0.0,0.5411385004089497,,0.0,,,0.0
2022-11-17,,,,,0.0,,,,0.0,,,,,,0.0,,,,,,,,0.0,,,,,0.0,0.6805226596051945,,0.0,,,0.61
2022-11-18,,,,,0.0,,,,0.0,,,,,,0.0,,,,,,,,0.0,,,,,0.0,0.5821338413490217,,0.0,,,0.0
2022-11-19,,,,,0.0,,,,0.0,,,,,,0.0,,,,,,,,0.0,,,,,0.0,0.631328250477108,,0.0,,,0.0
2022-11-20,,,,,0.0,,,,0.0,,,,,,0.0,,,,,,,,0.0,,,,,0.0,0.5083422276568924,,0.0,,,0.0
2022-11-21,,,,,0.0,,,,0.0,,,,,,0.0,,,,,,,,0.0,,,,,0.0,0.4755459549048347,,0.0,,,0.0
2022-11-22,,,,,0.0,,,,0.0,,,,,,0.0,,,,,,,,0.0,,,,,0.0,0.631328250477108,,0.0,,,0.0
2022-11-23,,,,,0.0,,,,0.0,,,,,,0.0,,,,,,,,0.455812133072407,,,,,0.0,0.6723235914171801,,0.0,,,0.0
2022-11-24,,,,,0.0,,,,0.0,,,,,,0.0,,,,,,,,0.0,,,,,0.0,0.7707124096733527,,0.0,,,0.5
2022-11-25,,,,,0.0,,,,0.0,,,,,,0.0,,,,,,,,0.0,,,,,0.0,0.4919440912808634,,0.0,,,0.58
2022-11-26,,,,,0.0,,,,0.0,,,,,,0.0,,,,,,,,0.0,,,,,0.0,0.5657357049729931,,0.0,,,0.0
2022-11-27,,,,,0.0,,,,0.0,,,,,,0.0,,,,,,,,0.0,,,,,0.0,0.46734688671682045,,0.0,,,0.0
2022-11-28,,,,,0.0,,,,0.0,,,,,,0.0,,,,,,,,0.0,,,,,0.0,0.27056925020447486,,0.0,,,0.0
2022-11-29,,,,,0.0,,,,0.0,,,,,,0.586592071611253,,,,,,,,0.0,,,,,0.0,0.6149301141010792,,0.0,,,0.0
2022-11-30,,,,,0.0,,,,0.0,,,,,,0.0,,,,,,,,0.0,,,,,0.0,0.48374502309284906,,0.0,,,0.0
2022-12-01,,,,,0.0,,,,0.0,,,,,,0.0,,,,,,,,0.0,,,,,0.0,0.5001431594688778,,0.0,,,0.0
2022-12-02,,,,,0.0,,,,0.0,,,,,,0.0,,,,,,,,0.0,,,,,0.0,0.36075900027263325,,0.0,,,0.0
2022-12-03,,,,,0.0,,,,0.0,,,,,,0.0,,,,,,,,0.0,,,,,0.0,0.4017543412127052,,0.0,,,0.0
2022-12-04,,,,,0.0,,,,0.0,,,,,,0.0,,,,,,,,0.0,,,,,0.0,0.46734688671682045,,0.0,,,0.0
2022-12-05,,,,,0.0,,,,0.0,,,,,,0.0,,,,,,,,0.0,,,,,0.0,0.5985319777250505,,0.0,,,0.0
2022-12-06,,,,,0.0,,,,0.0,,,,,,0.0,,,,,,,,0.0,,,,,0.0,0.5083422276568924,,0.0,,,0.0
2022-12-07,,,,,0.0,,,,0.0,,,,,,0.0,,,,,,,,0.0,,,,,0.0,0.6805226596051945,,0.0,,,0.0
2022-12-08,,,,,0.0,,,,0.0,,,,,,0.0,,,,,,,,0.0,,,,,0.0,0.5575366367849786,,0.4230481837003576,,,0.0
2022-12-09,,,,,0.0,,,,0.0,,,,,,0.0,,,,,,,,0.0,,,,,0.0,0.4591478185288061,,0.0,,,0.0
2022-12-10,,,,,0.0,,,,0.0,,,,,,0.0,,,,,,,,0.0,,,,,0.0,0.46734688671682045,,0.0,,,0.0
2022-12-11,,,,,0.0,,,,0.0,,,,,,0.0,,,,,,,,0.0,,,,,0.0,0.4591478185288061,,0.0,,,0.0
2022-12-12,,,,,0.0,,,,0.0,,,,,,0.0,,,,,,,,0.0,,,,,0.0,0.6969207959812234,,0.0,,,0.0
2022-12-13,,,,,0.0,,,,0.0,,,,,,0.0,,,,,,,,0.0,,,,,0.0,0.5657357049729931,,0.0,,,0.0
2022-12-14,,,,,0.0,,,,0.0,,,,,,0.0,,,,,,,,0.0,,,,,0.0,0.6559254550411514,,0.0,,,0.0
2022-12-15,,,,,0.0,,,,0.0,,,,,,0.0,,,,,,,,0.0,,,,,0.0,0.46734688671682045,,0.0,,,0.0
2022-12-16,,,,,0.0,,,,0.0,,,,,,0.0,,,,,,,,0.0,,,,,0.0,0.5985319777250505,,0.0,,,0.0
2022-12-17,,,,,0.0,,,,0.0,,,,,,0.0,,,,,,,,0.0,,,,,0.0,0.5165412958449067,,0.0,,,0.0
2022-12-18,,,,,0.0,,,,0.0,,,,,,0.0,,,,,,,,0.0,,,,,0.0,0.3197636593325613,,0.0,,,0.0
2022-12-19,,,,,0.0,,,,0.0,,,,,,0.0,,,,,,,,0.0,,,,,0.0,0.38535620483667643,,0.0,,,0.0
2022-12-20,,,,,0.0,,,,0.0,,,,,,0.0,,,,,,,,0.0,,,,,0.0,0.524740364032921,,0.0,,,0.0
2022-12-21,,,,,0.0,,,,0.0,,,,,,0.0,,,,,,,,0.0,,,,,0.0,0.2541711138284462,,0.0,,,0.0
2022-12-22,,,,,0.0,,,,0.0,,,,,,0.0,,,,,,,,0.0,,,,,0.0,0.6805226596051945,,0.0,,,0.0
2022-12-23,,,,,0.0,,,,0.0,,,,,,0.0,,,,,,,,0.0,,,,,0.0,0.5739347731610074,,0.0,,,0.0
2022-12-24,,,,,0.0,,,,0.0,,,,,,0.0,,,,,,,,0.0,,,,,0.0,0.5903329095370362,,0.0,,,0.0
2022-12-25,,,,,0.0,,,,0.0,,,,,,0.0,,,,,,,,0.0,,,,,0.0,0.38535620483667643,,0.0,,,0.0
2022-12-26,,,,,0.0,,,,0.0,,,,,,0.0,,,,,,,,0.7996704088989596,,,,,0.0,0.36895806846064766,,0.0,,,0.0
2022-12-27,,,,,0.0,,,,0.0,,,,,,0.0,,,,,,,,0.0,,,,,0.0,0.5821338413490217,,0.0,,,0.0
2022-12-28,,,,,0.0,,,,0.0,,,,,,0.0,,,,,,,,0.0,,,,,0.0,0.42635154577674833,,0.0,,,0.0
2022-12-29,,,,,0.0,,,,0.0,,,,,,0.0,,,,,,,,0.0,,,,,0.0,0.3771571366486621,,0.0,,,0.0
2022-12-30,,,,,0.0,,,,0.0,,,,,,0.0,,,,,,,,0.0,,,,,0.0,0.5657357049729931,,0.4927267080745341,,,0.0
2022-12-31,,,,,0.0,,,,0.0,,,,,,0.0,,,,,,,,0.0,,,,,0.0,0.0,,0.0,,,0.0
2023-01-01,,,,,0.0,,,,0.0,,,,,,0.0,,,,,,,,0.0,,,,,0.0,0.5411385004089497,,0.0,,,0.0
2023-01-02,,,,,,,,,,,,,,,0.0,,0.0,,,,,,0.0,,,,,0.0,0.598458455823205,,0.0,,,0.0
2023-01-03,,,,,,,,,,,,,,,0.0,,0.0,,,,,,0.0,,,,,0.0,0.5143002354730669,,0.0,,,0.0
2023-01-04,,,,,,,,,,,,,,,0.0,,0.0,,,,,,0.0,,,,,0.0,0.5423529755897796,,0.0,,,0.0
2023-01-05,,,,,,,,,,,,,,,0.7146678743961351,,0.0,,,,,,0.0,,,,,0.0,0.5797566290787298,,0.0,,,0.0
2023-01-06,,,,,,,,,,,,,,,0.0,,0.0,,,,,,0.0,,,,,0.0,0.5423529755897796,,0.0,,,0.0
2023-01-07,,,,,,,,,,,,,,,0.0,,0.0,,,,,,0.0,,,,,0.0,0.6078093691954425,,0.0,,,0.5074595734318553
2023-01-08,,,,,,,,,,,,,,,0.0,,0.0,,,,,,0.0,,,,,0.0,0.598458455823205,,0.0,,,0.0
2023-01-09,,,,,,,,,,,,,,,0.5145608695652173,,0.0,,,,,,0.0,,,,,0.0,0.6171602825676802,,0.0,,,0.0
2023-01-10,,,,,,,,,,,,,,,0.0,,0.0,,,,,,0.0,,,,,0.0,0.6078093691954425,,0.0,,,0.0
2023-01-11,,,,,,,,,,,,,,,0.0,,0.0,,,,,,0.0,,,,,0.0,0.4955984087285916,,0.0,,,0.0
2023-01-12,,,,,,,,,,,,,,,0.0,,0.0,,,,,,0.0,,,,,0.0,0.4955984087285916,,0.0,,,0.7313387970047327
2023-01-13,,,,,,,,,,,,,,,0.0,,0.0,,,,,,0.0,,,,,0.0,0.4207911017506911,,0.0,,,0.0
2023-01-14,,,,,,,,,,,,,,,0.0,,0.0,,,,,,0.0,,,,,0.0,0.6265111959399178,,0.0,,,0.0
2023-01-15,,,,,,,,,,,,,,,0.0,,0.0,,,,,,0.0,,,,,0.0,0.5517038889620172,,0.0,,,0.0
2023-01-16,,,,,,,,,,,,,,,0.0,,0.0,,,,,,0.0,,,,,0.0,0.7948276366401942,,0.0,,,0.0
2023-01-17,,,,,,,,,,,,,,,0.0,,0.0,,,,,,0.0,,,,,0.0,0.5891075424509675,,0.0,,,0.0
2023-01-18,,,,,,,,,,,,,,,0.0,,0.0,,,,,,0.0,,,,,0.0,0.645213022684393,,0.0,,,0.0
2023-01-19,,,,,,,,,,,,,,,0.0,,0.0,,,,,,0.0,,,,,0.0,0.5143002354730669,,0.0,,,0.0
2023-01-20,,,,,,,,,,,,,,,0.0,,0.0,,,,,,0.0,,,,,0.0,0.6545639360566305,,0.0,,,0.0
2023-01-21,,,,,,,,,,,,,,,0.0,,0.0,,,,,,0.0,,,,,0.0,0.40208927500621594,,0.0,,,0.0
2023-01-22,,,,,,,,,,,,,,,0.0,,0.0,,,,,,0.0,,,,,0.0,0.4675456686118789,,0.0,,,0.0
2023-01-23,,,,,,,,,,,,,,,0.0,,0.0,,,,,,0.0,,,,,0.0,0.6826166761733432,,0.0,,,0.0
2023-01-24,,,,,,,,,,,,,,,0.0,,0.0,,,,,,0.0,,,,,0.0,0.3927383616339783,,0.0,,,0.0
2023-01-25,,,,,,,,,,,,,,,0.0,,0.0,,,,,,0.0,,,,,0.0,0.5610548023342546,,0.0,,,0.0
2023-01-26,,,,,,,,,,,,,,,0.0,,0.0,,,,,,0.0,,,,,0.0,0.5610548023342546,,0.3631428571428571,,,0.0
2023-01-27,,,,,,,,,,,,,,,0.0,,0.0,,,,,,0.0,,,,,0.0,0.4394929284951662,,0.0,,,0.0
2023-01-28,,,,,,,,,,,,,,,0.0,,0.0,,,,,,0.0,,,,,0.0,0.4675456686118789,,0.0,,,0.0
2023-01-29,,,,,,,,,,,,,,,0.0,,0.0,,,,,,0.0,,,,,0.0,0.8976876837348077,,0.0,,,0.0
2023-01-30,,,,,,,,,,,,,,,0.0,,0.0,,,,,,0.41539726027397256,,,,,0.0,0.7387221564067687,,0.0,,,0.7462640785762581
2023-01-31,,,,,,,,,,,,,,,0.0,,0.0,,,,,,0.0,,,,,0.0,0.43014201512292866,,0.0,,,0.4626837287172799
2023-02-01,,,,,,,,,,,,,,,0.0,,0.0,,,,,,0.0,,,,,0.0,0.4207911017506911,,0.0,,,0.4701463695030425
2023-02-02,,,,,,,,,,,,,,,0.0,,0.0,,,,,,0.0,,,,,0.0,0.4768965819841165,,0.0,,,0.4701463695030425
2023-02-03,,,,,,,,,,,,,,,0.0,,0.0,,,,,,0.0,,,,,0.0,0.5797566290787298,,0.0,,,0.0
2023-02-04,,,,,,,,,,,,,,,0.0,,0.0,,,,,,0.0,,,,,0.0,0.5704057157064923,,0.0,,,0.5447727773606684
2023-02-05,,,,,,,,,,,,,,,0.0,,0.0,,,,,,0.41539726027397256,,,,,0.0,0.6171602825676802,,0.0,,,0.0
2023-02-06,,,,,,,,,,,,,,,0.0,,0.0,,,,,,0.0,,,,,0.2328070044151762,0.663914849428868,,0.0,,,0.0
2023-02-07,,,,,,,,,,,,,,,0.0,,0.0,,,,,,0.0,,,,,0.0,0.5891075424509675,,0.0,,,0.0
2023-02-08,,,,,,,,,,,,,,,0.0,,0.0,,,,,,0.0,,,,,0.0,0.6826166761733432,,0.0,,,0.0
2023-02-09,,,,,,,,,,,,,,,0.0,,0.0,,,,,,0.0,,,,,0.0,0.6265111959399178,,0.0,,,0.0
2023-02-10,,,,,,,,,,,,,,,0.0,,0.0,,,,,,0.0,,,,,0.0,0.5610548023342546,,0.0,,,0.0
2023-02-11,,,,,,,,,,,,,,,0.0,,0.0,,,,,,0.0,,,,,0.0,0.5797566290787298,,0.0,,,0.0
2023-02-12,,,,,,,,,,,,,,,0.0,,0.0,,,,,,0.0,,,,,0.3816508269101249,0.7948276366401942,,0.0,,,0.0
2023-02-13,,,,,,,,,,,,,,,0.0,,0.0,,,,,,0.0,,,,,0.0,0.48624749535635403,,0.0,,,0.0
2023-02-14,,,,,,,,,,,,,,,0.0,,0.0,,,,,,0.0,,,,,0.0,0.6919675895455808,,0.0,,,0.0
2023-02-15,,,,,,,,,,,,,,,0.0,,0.0,,,,,,0.0,,,,,0.0,0.598458455823205,,0.0,,,0.0
2023-02-16,,,,,,,,,,,,,,,0.0,,0.0,,,,,,0.0,,,,,0.0,0.6545639360566305,,0.0,,,0.0
2023-02-17,,,,,,,,,,,,,,,0.0,,0.0,,,,,,0.0,,,,,0.0,0.43014201512292866,,0.0,,,0.0
2023-02-18,,,,,,,,,,,,,,,0.0,,0.0,,,,,,0.0,,,,,0.0,0.3179310546560777,,0.0,,,0.0
2023-02-19,,,,,,,,,,,,,,,0.0,,0.0,,,,,,0.0,,,,,0.0,0.5704057157064923,,0.0,,,0.0
2023-02-20,,,,,,,,,,,,,,,0.0,,0.0,,,,,,0.0,,,,,0.0,0.5423529755897796,,0.0,,,0.0
2023-02-21,,,,,,,,,,,,,,,0.0,,0.0,,,,,,0.0,,,,,0.0,0.5797566290787298,,0.0,,,0.0
2023-02-22,,,,,,,,,,,,,,,0.0,,0.0,,,,,,0.0,,,,,0.0,0.40208927500621594,,0.0,,,0.0
2023-02-23,,,,,,,,,,,,,,,0.0,,0.0,,,,,,0.0,,,,,0.0,0.598458455823205,,0.0,,,0.0
2023-02-24,,,,,,,,,,,,,,,0.0,,0.0,,,,,,0.0,,,,,0.0,0.663914849428868,,0.0,,,0.0
2023-02-25,,,,,,,,,,,,,,,0.0,,0.0,,,,,,0.0,,,,,0.0,0.663914849428868,,0.0,,,0.0
2023-02-26,,,,,,,,,,,,,,,0.0,,1.0,,,,,,0.0,,,,,0.0,0.3927383616339783,,0.0,,,0.0
2023-02-27,,,,,,,,,,,,,,,0.0,,0.0,,,,,,0.0,,,,,0.0,0.48624749535635403,,0.0,,,0.0
2023-02-28,,,,,,,,,,,,,,,0.0,,0.0,,,,,,0.0,,,,,0.0,0.4768965819841165,,0.0,,,0.0
2023-03-01,,,,,,,,,,,,,,,0.0,,0.0,,,,,,0.0,,,,,0.0,0.6171602825676802,,0.0,,,0.0
2023-03-02,,,,,,,,,,,,,,,0.0,,0.0,,,,,,0.0,,,,,0.0,0.44884384186740384,,0.0,,,0.0
2023-03-03,,,,,,,,,,,,,,,0.0,,0.0,,,,,,0.0,,,,,0.0,0.45819475523964137,,0.0,,,0.0
2023-03-04,,,,,,,,,,,,,,,0.0,,0.0,,,,,,0.0,,,,,0.0,0.598458455823205,,0.0,,,0.0
2023-03-05,,,,,,,,,,,,,,,0.0,,0.0,,,,,,0.0,,,,,0.0,0.5610548023342546,,0.0,,,0.0
2023-03-06,,,,,,,,,,,,,,,0.0,,0.0,,,,,,0.0,,,,,0.0,0.5143002354730669,,0.0,,,0.0
2023-03-07,,,,,,,,,,,,,,,0.0,,0.0,,,,,,0.0,,,,,0.0,0.4675456686118789,,0.0,,,0.0
2023-03-08,,,,,,,,,,,,,,,0.0,,0.0,,,,,,0.0,,,,,0.0,0.4955984087285916,,0.0,,,0.0
2023-03-09,,,,,,,,,,,,,,,0.0,,0.0,,,,,,0.48870265914585004,,,,,0.0,0.7667748965234814,,0.0,,,0.0
2023-03-10,,,,,,,,,,,,,,,0.0,,0.0,,,,,,0.0,,,,,0.0,0.33663288140055286,,0.0,,,0.0
2023-03-11,,,,,,,,,,,,,,,0.0,,0.0,,,,,,0.0,,,,,0.0,0.5610548023342546,,0.0,,,0.0
2023-03-12,,,,,,,,,,,,,,,0.0,,0.0,,,,,,0.0,,,,,0.0,0.5891075424509675,,0.0,,,0.6119365444325314
2023-03-13,,,,,,,,,,,,,,,0.0,,0.0,,,,,,0.0,,,,,0.0,0.5236511488453043,,0.0,,,0.0
2023-03-14,,,,,,,,,,,,,,,0.5788809782608695,,0.0,,,,,,0.0,,,,,0.0,0.4955984087285916,,0.0,,,0.0
2023-03-15,,,,,,,,,,,,,,,0.0,,0.0,,,,,,0.0,,,,,0.0,0.6545639360566305,,0.0,,,0.0
2023-03-16,,,,,,,,,,,,,,,0.0,,0.0,,,,,,0.0,,,,,0.0,0.645213022684393,,0.0,,,0.0
2023-03-17,,,,,,,,,,,,,,,0.0,,0.0,,,,,,0.0,,,,,0.0,0.533002062217542,,0.0,,,0.0
2023-03-18,,,,,,,,,,,,,,,0.0,,0.0,,,,,,0.0,,,,,0.0,0.4675456686118789,,0.0,,,0.5373101365749058
2023-03-19,,,,,,,,,,,,,,,0.0,,0.0,,,,,,0.0,,,,,0.0,0.4675456686118789,,0.0,,,0.0
2023-03-20,,,,,,,,,,,,,,,0.0,,0.0,,,,,,0.0,,,,,0.0,0.45819475523964137,,0.0,,,0.0
2023-03-21,,,,,,,,,,,,,,,0.0,,0.0,,,,,,0.0,,,,,0.0,0.4768965819841165,,0.0,,,0.0
2023-03-22,,,,,,,,,,,,,,,0.0,,0.0,,,,,,0.0,,,,,0.0,0.48624749535635403,,0.0,,,0.0
2023-03-23,,,,,,,,,,,,,,,0.0,,0.0,,,,,,0.0,,,,,0.0,0.37403653488950317,,0.0,,,0.0
2023-03-24,,,,,,,,,,,,,,,0.0,,0.0,,,,,,0.0,,,,,0.0,0.88833677036257,,0.0,,,0.0
2023-03-25,,,,,,,,,,,,,,,0.0,,0.0,,,,,,0.0,,,,,0.0,0.44884384186740384,,0.0,,,0.0
2023-03-26,,,,,,,,,,,,,,,0.0,,0.0,,,,,,0.0,,,,,0.0,0.3833874482617407,,0.0,,,0.0
2023-03-27,,,,,,,,,,,,,,,0.0,,0.0,,,,,,0.43494536663980654,,,,,0.0,0.8041785500124319,,0.0,,,0.0
2023-03-28,,,,,,,,,,,,,,,0.0,,0.0,,,,,,0.0,,,,,0.0,0.7387221564067687,,0.0,,,0.0
2023-03-29,,,,,,,,,,,,,,,0.0,,0.0,,,,,,0.0,,,,,0.0,0.7293712430345312,,0.3446779661016949,,,0.0
2023-03-30,,,,,,,,,,,,,,,0.0,,0.0,,,,,,0.0,,,,,0.0,0.9350913372237578,,0.0,,,0.0
2023-03-31,,,,,,,,,,,,,,,0.0,,0.0,,,,,,0.0,,,,,0.0,0.7574239831512437,,0.0,,,0.0
2023-04-01,,,,,,,,,,,,,,,0.0,,0.0,,,,,,0.0,,,,,0.0,0.645213022684393,,0.0,,,0.0
2023-04-02,,,,,,,,,,,,,,,0.0,,0.0,,,,,,0.0,,,,,0.0,0.5236511488453043,,0.0,,,0.0
2023-04-03,,,,,,,,,,,,,,,0.0,,0.0,,,,,,0.0,,,,,0.0,0.6545639360566305,,0.0,,,0.0
2023-04-04,,,,,,,,,,,,,,,0.0,,0.0,,,,,,0.0,,,,,0.0,0.5610548023342546,,0.0,,,0.0
2023-04-05,,,,,,,,,,,,,,,0.0,,0.0,,,,,,0.0,,,,,0.0,0.5610548023342546,,0.0,,,0.6119365444325314
2023-04-06,,,,,,,,,,,,,,,0.0,,0.0,,,,,,0.0,,,,,0.0,0.43014201512292866,,0.0,,,0.0
2023-04-07,,,,,,,,,,,,,,,0.0,,0.0,,,,,,0.0,,,,,0.0,0.5423529755897796,,0.0,,,0.0
2023-04-08,,,,,,,,,,,,,,,0.0,,0.0,,,,,,0.0,,,,,0.0,0.5891075424509675,,0.0,,,0.0
2023-04-09,,,,,,,,,,,,,,,0.0,,0.0,,,,,,0.0,,,,,0.0,0.6545639360566305,,0.0,,,0.6119365444325314
2023-04-10,,,,,,,,,,,,,,,0.0,,0.0,,,,,,0.0,,,,,0.0,0.5143002354730669,,0.0,,,0.0
2023-04-11,,,,,,,,,,,,,,,0.0,,0.0,,,,,,0.0,,,,,0.0,0.4955984087285916,,0.0,,,0.0
2023-04-12,,,,,,,,,,,,,,,0.0,,0.0,,,,,,0.0,,,,,0.0,0.5704057157064923,,0.0,,,0.0
2023-04-13,,,,,,,,,,,,,,,0.0,,0.0,,,,,,0.0,,,,,0.0,0.4675456686118789,,0.0,,,0.0
2023-04-14,,,,,,,,,,,,,,,0.0,,0.0,,,,,,0.0,,,,,0.0,0.3179310546560777,,0.0,,,0.0
2023-04-15,,,,,,,,,,,,,,,0.0,,0.0,,,,,,0.0,,,,,0.29387113672079623,0.5143002354730669,,0.0,,,0.0
2023-04-16,,,,,,,,,,,,,,,0.0,,0.0,,,,,,0.0,,,,,0.0,0.2805274011671273,,0.0,,,0.0
2023-04-17,,,,,,,,,,,,,,,0.0,,0.0,,,,,,0.0,,,,,0.0,0.3646856215172656,,0.0,,,0.0
2023-04-18,,,,,,,,,,,,,,,0.0,,0.0,,,,,,0.0,,,,,0.0,0.3833874482617407,,0.0,,,0.0
2023-04-19,,,,,,,,,,,,,,,0.0,,0.0,,,,,,0.0,,,,,0.0,0.3833874482617407,,0.0,,,0.0
2023-04-20,,,,,,,,,,,,,,,0.0,,0.0,,,,,,0.0,,,,,0.0,0.0,,0.0,,,0.0
2023-04-21,,,,,,,,,,,,,,,0.0,,0.0,,,,,,0.0,,,,,0.0,0.37403653488950317,,0.0,,,0.0
2023-04-22,,,,,,,,,,,,,,,0.0,,0.0,,,,,,0.0,,,,,0.0,0.0,,0.0,,,0.0
2023-04-23,,,,,,,,,,,,,,,0.0,,0.0,,,,,,0.0,,,,,0.0,0.2524746610504146,,0.0,,,0.0
2023-04-24,,,,,,,,,,,,,,,0.0,,0.0,,,,,,0.0,,,,,0.0,0.45819475523964137,,0.0,,,0.0
2023-04-25,,,,,,,,,,,,,,,0.0,,0.0,,,,,,0.0,,,,,0.0,0.37403653488950317,,0.0,,,0.0
2023-04-26,,,,,,,,,,,,,,,0.0,,0.0,,,,,,0.0,,,,,0.0,0.4207911017506911,,0.0,,,0.0
2023-04-27,,,,,,,,,,,,,,,0.0,,0.0,,,,,,0.0,,,,,0.0,0.3459837947727904,,0.0,,,0.0
2023-04-28,,,,,,,,,,,,,,,0.0,,0.0,,,,,,0.0,,,,,0.0,0.598458455823205,,0.0,,,0.0
2023-04-29,,,,,,,,,,,,,,,0.0,,0.0,,,,,,0.0,,,,,0.0,0.5049493221008292,,0.0,,,0.0
2023-04-30,,,,,,,,,,,,,,,0.0,,0.0,,,,,,0.0,,,,,0.0,0.0,,0.0,,,0.0
2023-05-01,,,,,,,,,,,,,,,0.0,,0.0,,,,,,0.0,,,,,0.0,0.4114401883784534,,0.0,,,0.0
2023-05-02,,,,,,,,,,,,,,,0.0,,0.0,,,,,,0.0,,,,,0.0,0.5797566290787298,,0.0,,,0.0
2023-05-03,,,,,,,,,,,,,,,0.0,,0.0,,,,,,0.0,,,,,0.0,0.4955984087285916,,0.0,,,0.0
2023-05-04,,,,,,,,,,,,,,,0.0,,0.0,,,,,,0.0,,,,,0.0,0.5236511488453043,,0.0,,,0.0
2023-05-05,,,,,,,,,,,,,,,0.0,,0.0,,,,,,0.0,,,,,0.0,0.4955984087285916,,0.0,,,0.0
2023-05-06,,,,,,,,,,,,,,,0.0,,0.0,,,,,,0.0,,,,,0.0,0.3927383616339783,,0.0,,,0.0
2023-05-07,,,,,,,,,,,,,,,0.0,,0.0,,,,,,0.0,,,,,0.0,0.37403653488950317,,0.0,,,0.0
2023-05-08,,,,,,,,,,,,,,,0.0,,0.0,,,,,,0.0,,,,,0.0,0.3927383616339783,,0.0,,,0.0
2023-05-09,,,,,,,,,,,,,,,0.0,,0.0,,,,,,0.0,,,,,0.0,0.4675456686118789,,0.0,,,0.0
2023-05-10,,,,,,,,,,,,,,,0.0,,0.0,,,,,,0.0,,,,,0.0,0.5423529755897796,,0.0,,,0.0
2023-05-11,,,,,,,,,,,,,,,0.0,,0.0,,,,,,0.0,,,,,0.0,0.6265111959399178,,0.0,,,0.0
2023-05-12,,,,,,,,,,,,,,,0.0,,0.0,,,,,,0.0,,,,,0.0,0.5704057157064923,,0.0,,,0.0
2023-05-13,,,,,,,,,,,,,,,0.0,,0.0,,,,,,0.0,,,,,0.0,0.5423529755897796,,0.0,,,0.6193991852182941
2023-05-14,,,,,,,,,,,,,,,0.0,,0.0,,,,,,0.0,,,,,0.0,0.5236511488453043,,0.0,,,0.0
2023-05-15,,,,,,,,,,,,,,,0.0,,0.0,,,,,,0.0,,,,,0.0,0.40208927500621594,,0.0,,,0.0
2023-05-16,,,,,,,,,,,,,,,0.0,,0.0,,,,,,0.0,,,,,0.0,0.4394929284951662,,0.0,,,0.0
2023-05-17,,,,,,,,,,,,,,,0.0,,0.0,,,,,,0.0,,,,,0.0,0.4955984087285916,,0.0,,,0.0
2023-05-18,,,,,,,,,,,,,,,0.0,,0.0,,,,,,0.0,,,,,0.0,0.533002062217542,,0.0,,,0.0
2023-05-19,,,,,,,,,,,,,,,0.0,,0.0,,,,,,0.0,,,,,0.0,0.45819475523964137,,0.0,,,0.0
2023-05-20,,,,,,,,,,,,,,,0.0,,0.0,,,,,,0.0,,,,,0.0,0.4955984087285916,,0.0,,,0.0
2023-05-21,,,,,,,,,,,,,,,0.0,,0.0,,,,,,0.0,,,,,0.0,0.5049493221008292,,0.0,,,0.0
2023-05-22,,,,,,,,,,,,,,,0.0,,0.0,,,,,,0.42028428686543107,,,,,0.0,0.5891075424509675,,0.0,,,0.0
2023-05-23,,,,,,,,,,,,,,,0.0,,0.0,,,,,,0.0,,,,,0.0,0.5423529755897796,,0.0,,,0.0
2023-05-24,,,,,,,,,,,,,,,0.0,,0.0,,,,,,0.0,,,,,0.0,0.5797566290787298,,0.0,,,0.0
2023-05-25,,,,,,,,,,,,,,,0.5502942632850242,,0.0,,,,,,0.0,,,,,0.0,0.5797566290787298,,0.0,,,0.0
2023-05-26,,,,,,,,,,,,,,,0.0,,0.0,,,,,,0.0,,,,,0.0,0.7200203296622935,,0.0,,,0.0
2023-05-27,,,,,,,,,,,,,,,0.0,,0.0,,,,,,0.0,,,,,0.0,0.44884384186740384,,0.0,,,0.0
2023-05-28,,,,,,,,,,,,,,,0.0,,0.0,,,,,,0.0,,,,,0.0,0.3833874482617407,,0.0,,,0.0
2023-05-29,,,,,,,,,,,,,,,0.0,,0.0,,,,,,0.0,,,,,0.0,0.5891075424509675,,0.0,,,0.0
2023-05-30,,,,,,,,,,,,,,,0.0,,0.0,,,,,,0.0,,,,,0.0,0.6358621093121554,,0.615496368038741,,,0.0
2023-05-31,,,,,,,,,,,,,,,0.0,,0.0,,,,,,0.0,,,,,0.0,0.43014201512292866,,0.0,,,0.6268618260040567
2023-06-01,,,,,,,,,,,,,,,0.0,,0.0,,,,,,0.0,,,,,0.0,0.44884384186740384,,0.0,,,0.0
2023-06-02,,,,,,,,,,,,,,,0.0,,0.0,,,,,,0.0,,,,,0.0,0.6919675895455808,,0.0,,,0.6193991852182941
2023-06-03,,,,,,,,,,,,,,,0.0,,0.0,,,,,,0.0,,,,,0.0,0.4114401883784534,,0.0,,,0.0
2023-06-04,,,,,,,,,,,,,,,0.0,,0.0,,,,,,0.400736180499597,,,,,0.0,0.48624749535635403,,0.0,,,0.0
2023-06-05,,,,,,,,,,,,,,,0.0,,0.0,,,,,,0.0,,,,,0.0,0.598458455823205,,0.0,,,0.0
2023-06-06,,,,,,,,,,,,,,,0.0,,0.0,,,,,,0.0,,,,,0.0,0.8415822035013822,,0.0,,,0.0
2023-06-07,,,,,,,,,,,,,,,0.0,,0.0,,,,,,0.0,,,,,0.0,0.5049493221008292,,0.0,,,0.0
2023-06-08,,,,,,,,,,,,,,,0.0,,0.0,,,,,,0.0,,,,,0.0,0.4675456686118789,,0.0,,,0.0
2023-06-09,,,,,,,,,,,,,,,0.0,,0.0,,,,,,0.0,,,,,0.0,0.533002062217542,,0.0,,,0.0
2023-06-10,,,,,,,,,,,,,,,0.0,,0.0,,,,,,0.0,,,,,0.0,0.4955984087285916,,0.0,,,0.0
2023-06-11,,,,,,,,,,,,,,,0.0,,0.0,,,,,,0.0,,,,,0.0,0.7761258098957191,,0.4862421307506053,,,0.0
2023-06-12,,,,,,,,,,,,,,,0.0,,0.0,,,,,,0.0,,,,,0.0,0.6358621093121554,,0.0,,,0.0
2023-06-13,,,,,,,,,,,,,,,0.0,,0.0,,,,,,0.0,,,,,0.0,0.5517038889620172,,0.0,,,0.0
2023-06-14,,,,,,,,,,,,,,,0.0,,0.0,,,,,,0.0,,,,,0.0,0.4114401883784534,,0.0,,,0.0
2023-06-15,,,,,,,,,,,,,,,0.0,,0.0,,,,,,0.0,,,,,0.0,0.5797566290787298,,0.0,,,0.0
2023-06-16,,,,,,,,,,,,,,,0.0,,0.0,,,,,,0.0,,,,,0.0,0.5891075424509675,,0.0,,,0.0
2023-06-17,,,,,,,,,,,,,,,0.0,,0.0,,,,,,0.0,,,,,0.0,0.48624749535635403,,0.0,,,0.0
2023-06-18,,,,,,,,,,,,,,,0.0,,0.0,,,,,,0.0,,,,,0.0,0.533002062217542,,0.0,,,0.0
2023-06-19,,,,,,,,,,,,,,,0.0,,0.0,,,,,,0.0,,,,,0.0,0.23377283430593945,,0.0,,,0.0
2023-06-20,,,,,,,,,,,,,,,0.0,,0.0,,,,,,0.0,,,,,0.0,0.5143002354730669,,0.0,,,0.0
2023-06-21,,,,,,,,,,,,,,,0.0,,0.0,,,,,,0.0,,,,,0.0,0.7293712430345312,,0.0,,,0.0
2023-06-22,,,,,,,,,,,,,,,0.0,,0.0,,,,,,0.410510233682514,,,,,0.0,0.6826166761733432,,0.0,,,0.0
2023-06-23,,,,,,,,,,,,,,,0.0,,0.0,,,,,,0.0,,,,,0.0,0.3833874482617407,,0.0,,,0.0
2023-06-24,,,,,,,,,,,,,,,0.0,,0.0,,,,,,0.38607510072522155,,,,,0.0,0.44884384186740384,,0.0,,,0.0
2023-06-25,,,,,,,,,,,,,,,0.0,,0.0,,,,,,0.0,,,,,0.0,0.45819475523964137,,0.0,,,0.0
2023-06-26,,,,,,,,,,,,,,,0.0,,0.0,,,,,,0.0,,,,,0.0,0.5049493221008292,,0.40007263922518166,,,0.0
2023-06-27,,,,,,,,,,,,,,,0.0,,0.0,,,,,,0.0,,,,,0.0,0.4768965819841165,,0.0,,,0.0
2023-06-28,,,,,,,,,,,,,,,0.0,,0.0,,,,,,0.0,,,,,0.0,0.4207911017506911,,0.0,,,0.0
2023-06-29,,,,,,,,,,,,,,,0.0,,0.0,,,,,,0.0,,,,,0.0,0.4675456686118789,,0.0,,,0.0
2023-06-30,,,,,,,,,,,,,,,0.0,,0.0,,,,,,0.0,,,,,0.0,0.4768965819841165,,0.0,,,0.0
2023-07-01,,,,,,,,,,,,,,,0.0,,0.0,,,,,,0.0,,,,,0.0,0.5423529755897796,,0.0,,,0.0
2023-07-02,,,,,,,,,,,,,,,0.0,,0.0,,,,,,0.0,,,,,0.0,0.44884384186740384,,0.0,,,0.0
2023-07-03,,,,,,,,,,,,,,,0.0,,0.0,,,,,,0.0,,,,,0.0,0.5891075424509675,,0.0,,,0.0
2023-07-04,,,,,,,,,,,,,,,0.0,,,,,,,,0.0,,,,,0.0,0.4927912667043101,,0.0,,,0.0
2023-07-05,,,,,,,,,,,,,,,0.0,,,,,,,,0.0,,,,,0.0,0.44630152456239414,,0.0,,,0.0
2023-07-06,,,,,,,,,,,,,,,0.0,,,,,,,,0.0,,,,,0.0,0.5671748541313758,,0.0,,,0.0
2023-07-07,,,,,,,,,,,,,,,0.0,,,,,,,,0.0,,,,,0.0,0.32542819499341236,,0.0,,,0.395410886729426
2023-07-08,,,,,,,,,,,,,,,0.0,,,,,,,,0.0,,,,,0.0,0.5950686994165255,,0.0,,,0.0
2023-07-09,,,,,,,,,,,,,,,0.0,,,,,,,,0.0,,,,,0.0,0.3440240918501788,,0.0,,,0.0
2023-07-10,,,,,,,,,,,,,,,0.0,,,,,,,,0.0,,,,,0.0,0.38121588556371167,,0.0,,,0.0
2023-07-11,,,,,,,,,,,,,,,0.0,,,,,,,,0.0,,,,,0.0,0.46489742141916046,,0.0,,,0.0
2023-07-12,,,,,,,,,,,,,,,0.0,,,,,,,,0.0,,,,,0.0,0.5299830604178429,,0.0,,,0.0
2023-07-13,,,,,,,,,,,,,,,0.0,,,,,,,,0.0,,,,,0.0,0.2603425559947299,,0.0,,,0.0
2023-07-14,,,,,,,,,,,,,,,0.0,,,,,,,,0.0,,,,,0.0,0.42770562770562764,,0.0,,,0.0
2023-07-15,,,,,,,,,,,,,,,0.0,,,,,,,,0.0,,,,,0.0,0.4555994729907773,,0.0,,,0.0
2023-07-16,,,,,,,,,,,,,,,0.0,,,,,,,,0.0,,,,,0.0,0.3626199887069452,,0.0,,,0.0
2023-07-17,,,,,,,,,,,,,,,0.0,,,,,,,,0.0,,,,,0.0,0.5299830604178429,,0.0,,,0.0
2023-07-18,,,,,,,,,,,,,,,0.0,,,,,,,,0.0,,,,,0.0,0.3905138339920948,,0.0,,,0.0
2023-07-19,,,,,,,,,,,,,,,0.0,,,,,,,,0.0,,,,,0.0,0.2882364012798796,,0.0,,,0.0
2023-07-20,,,,,,,,,,,,,,,0.0,,,,,,,,0.0,,,,,0.0,0.4555994729907773,,0.0,,,0.0
2023-07-21,,,,,,,,,,,,,,,0.0,,,,,,,,0.0,,,,,0.0,0.5020892151326933,,0.0,,,0.0
2023-07-22,,,,,,,,,,,,,,,0.0,,,,,,,,0.0,,,,,0.0,0.6787502352719744,,0.0,,,0.0
2023-07-23,,,,,,,,,,,,,,,0.0,,,,,,,,0.0,,,,,0.0,0.2882364012798796,,0.0,,,0.0
2023-07-24,,,,,,,,,,,,,,,0.0,,,,,,,,0.0,,,,,0.0,0.8275174101261058,,0.0,,,0.0
2023-07-25,,,,,,,,,,,,,,,0.0,,,,,,,,0.0,,,,,0.0,0.6043666478449087,,0.0,,,0.0
2023-07-26,,,,,,,,,,,,,,,0.0,,,,,,,,0.0,,,,,0.0,0.5113871635610767,,0.0,,,0.0
2023-07-27,,,,,,,,,,,,,,,0.0,,,,,,,,0.0,,,,,0.0,0.4091097308488613,,0.0,,,0.0
2023-07-28,,,,,,,,,,,,,,,0.0,,,,,,,,0.0,,,,,0.0,0.3440240918501788,,0.0,,,0.0
2023-07-29,,,,,,,,,,,,,,,0.0,,,,,,,,0.0,,,,,0.0,0.42770562770562764,,0.0,,,0.0
2023-07-30,,,,,,,,,,,,,,,0.0,,,,,,,,0.0,,,,,0.0,0.5485789572746094,,0.0,,,0.0
2023-07-31,,,,,,,,,,,,,,,0.0,,,,,,,,0.0,,,,,0.0,0.5950686994165255,,0.0,,,0.0
2023-08-01,,,,,,,,,,,,,,,0.0,,,,,,,,0.0,,,,,0.0,0.846113306982872,,0.0,,,0.0
2023-08-02,,,,,,,,,,,,,,,0.0,,,,,,,,0.0,,,,,0.0,0.6787502352719744,,0.0,,,0.0
2023-08-03,,,,,,,,,,,,,,,0.0,,,,,,,,0.0,,,,,0.0,0.5857707509881422,,0.0,,,0.0
2023-08-04,,,,,,,,,,,,,,,0.0,,,,,,,,0.0,,,,,0.0,0.4927912667043101,,0.0,,,0.0
2023-08-05,,,,,,,,,,,,,,,0.0,,,,,,,,0.0,,,,,0.0,0.42770562770562764,,0.0,,,0.0
2023-08-06,,,,,,,,,,,,,,,0.0,,,,,,,,0.0,,,,,0.0,0.6043666478449087,,0.0,,,0.0
2023-08-07,,,,,,,,,,,,,,,0.0,,,,,,,,0.6100000000000001,,,,,0.0,0.706644080557124,,0.0,,,0.0
2023-08-08,,,,,,,,,,,,,,,0.0,,,,,,,,0.0,,,,,0.0,0.6973461321287409,,0.0,,,0.0
2023-08-09,,,,,,,,,,,,,,,0.0,,,,,,,,0.6799999999999998,,,,,0.0,0.8089215132693394,,0.41653521126760557,,,0.0
2023-08-10,,,,,,,,,,,,,,,0.0,,,,,,,,0.0,,,,,0.0,0.44630152456239414,,0.0,,,0.0
2023-08-11,,,,,,,,,,,,,,,0.0,,,,,,,,0.0,,,,,0.0,0.353322040278562,,0.0,,,0.0
2023-08-12,,,,,,,,,,,,,,,0.0,,,,,,,,0.0,,,,,0.0,0.46489742141916046,,0.5553802816901409,,,0.0
2023-08-13,,,,,,,,,,,,,,,0.0,,,,,,,,0.0,,,,,0.0,0.3905138339920948,,0.0,,,0.0
2023-08-14,,,,,,,,,,,,,,,0.0,,,,,,,,0.0,,,,,0.0,0.6043666478449087,,0.0,,,0.0
2023-08-15,,,,,,,,,,,,,,,0.0,,,,,,,,0.0,,,,,0.0,0.5020892151326933,,0.0,,,0.0
2023-08-16,,,,,,,,,,,,,,,0.0,,,,,,,,0.0,,,,,0.0,0.353322040278562,,0.0,,,0.0
2023-08-17,,,,,,,,,,,,,,,0.0,,,,,,,,0.0,,,,,0.0,0.33472614342179563,,0.0,,,0.0
2023-08-18,,,,,,,,,,,,,,,0.0,,,,,,,,0.0,,,,,0.0,0.5578769057029926,,0.0,,,0.0
2023-08-19,,,,,,,,,,,,,,,0.0,,,,,,,,0.0,,,,,0.0,0.5299830604178429,,0.0,,,0.0
2023-08-20,,,,,,,,,,,,,,,0.0,,,,,,,,0.0,,,,,0.0,0.42770562770562764,,0.0,,,0.0
2023-08-21,,,,,,,,,,,,,,,0.0,,,,,,,,0.0,,,,,0.0,0.5206851119894598,,0.0,,,0.0
2023-08-22,,,,,,,,,,,,,,,0.0,,,,,,,,0.0,,,,,0.0,0.7438358742706568,,0.0,,,0.0
2023-08-23,,,,,,,,,,,,,,,0.0,,,,,,,,0.0,,,,,0.0,0.613664596273292,,0.0,,,0.0
2023-08-24,,,,,,,,,,,,,,,0.0,,,,,,,,0.0,,,,,0.0,0.4741953698475438,,0.0,,,0.0
2023-08-25,,,,,,,,,,,,,,,0.0,,,,,,,,0.0,,,,,0.0,0.6601543384152079,,0.0,,,0.0
2023-08-26,,,,,,,,,,,,,,,0.0,,,,,,,,0.0,,,,,0.0,0.3440240918501788,,0.0,,,0.0
2023-08-27,,,,,,,,,,,,,,,0.0,,,,,,,,0.0,,,,,0.0,0.0,,0.0,,,0.0
2023-08-28,,,,,,,,,,,,,,,0.0,,,,,,,,0.0,,,,,0.0,0.5206851119894598,,0.4231468812877263,,,0.0
2023-08-29,,,,,,,,,,,,,,,0.0,,,,,,,,0.0,,,,,0.0,0.6694522868435913,,0.0,,,0.0
2023-08-30,,,,,,,,,,,,,,,0.0,,,,,,,,0.0,,,,,0.0,0.6880481837003576,,0.0,,,0.0
2023-08-31,,,,,,,,,,,,,,,0.0,,,,,,,,0.0,,,,,0.0,0.5485789572746094,,0.0,,,0.0
2023-09-01,,,,,,,,,,,,,,,0.0,,,,,,,,0.0,,,,,0.0,0.4741953698475438,,0.0,,,0.0
2023-09-02,,,,,,,,,,,,,,,0.0,,,,,,,,0.0,,,,,0.0,0.25104460756634667,,0.0,,,0.0
2023-09-03,,,,,,,,,,,,,,,0.0,,,,,,,,0.0,,,,,0.0,0.5764728025597592,,0.0,,,0.0
2023-09-04,,,,,,,,,,,,,,,0.0,,,,,,,,0.0,,,,,0.0,0.5764728025597592,,0.0,,,0.0
2023-09-05,,,,,,,,,,,,,,,0.0,,,,,,,,0.0,,,,,0.0,0.5950686994165255,,0.0,,,0.0
2023-09-06,,,,,,,,,,,,,,,0.0,,,,,,,,0.0,,,,,0.0,0.4834933182759269,,0.0,,,0.0
2023-09-07,,,,,,,,,,,,,,,0.0,,,,,,,,0.0,,,,,0.0,0.6880481837003576,,0.0,,,0.0
2023-09-08,,,,,,,,,,,,,,,0.0,,,,,,,,0.0,,,,,0.0,0.3905138339920948,,0.46942857142857136,,,0.0
2023-09-09,,,,,,,,,,,,,,,0.0,,,,,,,,0.0,,,,,0.0,0.3905138339920948,,0.0,,,0.5901655025812329
2023-09-10,,,,,,,,,,,,,,,0.0,,,,,,,,0.0,,,,,0.0,0.4184076792772444,,0.0,,,0.0
2023-09-11,,,,,,,,,,,,,,,0.0,,,,,,,,0.0,,,,,0.0,0.5020892151326933,,0.5289336016096577,,,0.0
2023-09-12,,,,,,,,,,,,,,,0.0,,,,,,,,0.0,,,,,0.0,0.4555994729907773,,0.0,,,0.0
2023-09-13,,,,,,,,,,,,,,,0.0,,,,,,,,0.0,,,,,0.0,0.44630152456239414,,0.0,,,0.0
2023-09-14,,,,,,,,,,,,,,,0.0,,,,,,,,0.0,,,,,0.0,0.5392810088462263,,0.0,,,0.0
2023-09-15,,,,,,,,,,,,,,,0.0,,,,,,,,0.0,,,,,0.0,0.46489742141916046,,0.0,,,0.0
2023-09-16,,,,,,,,,,,,,,,0.0,,,,,,,,0.0,,,,,0.0,0.5392810088462263,,0.0,,,0.0
2023-09-17,,,,,,,,,,,,,,,0.0,,,,,,,,0.0,,,,,0.0,0.622962544701675,,0.0,,,0.0
2023-09-18,,,,,,,,,,,,,,,0.0,,,,,,,,0.0,,,,,0.0,0.5578769057029926,,0.0,,,0.0
2023-09-19,,,,,,,,,,,,,,,0.0,,,,,,,,0.0,,,,,0.0,0.5020892151326933,,0.0,,,0.0
2023-09-20,,,,,,,,,,,,,,,0.0,,,,,,,,0.0,,,,,0.0,0.5671748541313758,,0.0,,,0.0
2023-09-21,,,,,,,,,,,,,,,0.0,,,,,,,,0.0,,,,,0.0,0.5485789572746094,,0.0,,,0.395410886729426
2023-09-22,,,,,,,,,,,,,,,0.0,,,,,,,,0.0,,,,,0.0,0.4741953698475438,,0.0,,,0.0
2023-09-23,,,,,,,,,,,,,,,0.0,,,,,,,,0.0,,,,,0.0,0.4184076792772444,,0.0,,,0.0
2023-09-24,,,,,,,,,,,,,,,0.0,,,,,,,,0.0,,,,,0.0,0.3905138339920948,,0.0,,,0.0
2023-09-25,,,,,,,,,,,,,,,0.0,,,,,,,,0.0,,,,,0.0,0.4184076792772444,,0.0,,,0.0
2023-09-26,,,,,,,,,,,,,,,0.0,,,,,,,,0.0,,,,,0.0,0.5206851119894598,,0.0,,,0.0
2023-09-27,,,,,,,,,,,,,,,0.43782608695652164,,,,,,,,0.0,,,,,0.0,0.437003576134011,,0.0,,,0.0
2023-09-28,,,,,,,,,,,,,,,0.0,,,,,,,,0.0,,,,,0.0,0.31613024656502914,,0.0,,,0.0
2023-09-29,,,,,,,,,,,,,,,0.0,,,,,,,,0.0,,,,,0.0,0.353322040278562,,0.0,,,0.0
2023-09-30,,,,,,,,,,,,,,,0.0,,,,,,,,0.0,,,,,0.0,0.4834933182759269,,0.0,,,0.0
2023-10-01,,,,,,,,,,,,,,,0.0,,,,,,,,0.0,,,,,0.0,0.5206851119894598,,0.0,,,0.0
2023-10-02,,,,,,,,,,,,,,,0.0,,,,,,,,0.0,,,,,0.0,0.5857707509881422,,0.0,,,0.0
2023-10-03,,,,,,,,,,,,,,,0.0,,,,,,,,0.0,,,,,0.0,0.7810276679841897,,0.0,,,0.0
2023-10-04,,,,,,,,,,,,,,,0.0,,,,,,,,0.0,,,,,0.0,0.5485789572746094,,0.40992354124748487,,,0.4957390221682356
2023-10-05,,,,,,,,,,,,,,,0.0,,,,,,,,0.0,,,,,0.0,0.5392810088462263,,0.0,,,0.395410886729426
2023-10-06,,,,,,,,,,,,,,,0.0,,,,,,,,0.0,,,,,0.0,0.42770562770562764,,0.0,,,0.0
2023-10-07,,,,,,,,,,,,,,,0.0,,,,,,,,0.0,,,,,0.0,0.3068322981366459,,0.0,,,0.0
2023-10-08,,,,,,,,,,,,,,,0.0,,,,,,,,0.0,,,,,0.0,0.7345379258422736,,0.0,,,0.0
2023-10-09,,,,,,,,,,,,,,,0.0,,,,,,,,0.0,,,,,0.0,0.5020892151326933,,0.0,,,0.0
2023-10-10,,,,,,,,,,,,,,,0.0,,,,,,,,0.0,,,,,0.7590361445783133,0.4555994729907773,,0.0,,,0.0
2023-10-11,,,,,,,,,,,,,,,0.0,,,,,,,,0.0,,,,,0.0,0.46489742141916046,,0.0,,,0.0
2023-10-12,,,,,,,,,,,,,,,0.0,,,,,,,,0.0,,,,,0.0,0.5764728025597592,,0.0,,,0.0
2023-10-13,,,,,,,,,,,,,,,0.0,,,,,,,,0.0,,,,,0.0,0.3998117824204781,,0.0,,,0.0
2023-10-14,,,,,,,,,,,,,,,0.0,,,,,,,,0.0,,,,,0.0,0.3905138339920948,,0.0,,,0.0
2023-10-15,,,,,,,,,,,,,,,0.0,,,,,,,,0.0,,,,,0.0,0.3905138339920948,,0.0,,,0.0
2023-10-16,,,,,,,,,,,,,,,0.0,,,,,,,,0.0,,,,,0.0,0.6043666478449087,,0.0,,,0.0
2023-10-17,,,,,,,,,,,,,,,0.0,,,,,,,,0.0,,,,,0.0,0.5671748541313758,,0.0,,,0.0
2023-10-18,,,,,,,,,,,,,,,0.0,,,,,,,,0.0,,,,,0.0,0.44630152456239414,,0.0,,,0.0
2023-10-19,,,,,,,,,,,,,,,0.0,,,,,,,,0.0,,,,,0.0,0.5299830604178429,,0.0,,,0.0
2023-10-20,,,,,,,,,,,,,,,0.0,,,,,,,,0.0,,,,,0.0,0.4834933182759269,,0.0,,,0.0
2023-10-21,,,,,,,,,,,,,,,0.0,,,,,,,,0.0,,,,,0.0,0.5392810088462263,,0.0,,,0.0
2023-10-22,,,,,,,,,,,,,,,0.0,,,,,,,,0.0,,,,,0.0,0.4091097308488613,,0.0,,,0.0
2023-10-23,,,,,,,,,,,,,,,0.0,,,,,,,,0.0,,,,,0.0,0.7252399774138903,,0.0,,,0.0
2023-10-24,,,,,,,,,,,,,,,0.0,,,,,,,,0.0,,,,,0.0,0.7252399774138903,,0.0,,,0.0
2023-10-25,,,,,,,,,,,,,,,0.0,,,,,,,,0.0,,,,,0.0,0.4741953698475438,,0.0,,,0.0
2023-10-26,,,,,,,,,,,,,,,0.0,,,,,,,,0.0,,,,,0.0,0.6787502352719744,,0.0,,,0.5193456422714849
2023-10-27,,,,,,,,,,,,,,,0.0,,,,,,,,0.0,,,,,0.0,0.5485789572746094,,0.0,,,0.0
2023-10-28,,,,,,,,,,,,,,,0.0,,,,,,,,0.0,,,,,0.0,0.2789384528514963,,0.0,,,0.0
2023-10-29,,,,,,,,,,,,,,,0.0,,,,,,,,0.0,,,,,0.0,0.4927912667043101,,0.0,,,0.0
2023-10-30,,,,,,,,,,,,,,,0.0,,,,,,,,0.0,,,,,0.0,0.6601543384152079,,0.0,,,0.0
2023-10-31,,,,,,,,,,,,,,,0.0,,,,,,,,0.0,,,,,0.0,0.9019009975531717,,0.0,,,0.0
2023-11-01,,,,,,,,,,,,,,,0.0,,,,,,,,1.0,,,,,0.0,0.7345379258422736,,0.0,,,0.0
2023-11-02,,,,,,,,,,,,,,,0.0,,,,,,,,0.77,,,,,0.0,0.7531338226990401,,0.46281690140845066,,,0.0
2023-11-03,,,,,,,,,,,,,,,0.0,,,,,,,,0.0,,,,,0.0,0.8182194616977226,,0.0,,,0.0
2023-11-04,,,,,,,,,,,,,,,0.0,,,,,,,,0.0,,,,,0.0,0.7159420289855072,,0.0,,,0.0
2023-11-05,,,,,,,,,,,,,,,0.0,,,,,,,,0.0,,,,,0.0,0.7624317711274233,,0.0,,,0.0
2023-11-06,,,,,,,,,,,,,,,0.0,,,,,,,,0.0,,,,,0.0,0.846113306982872,,0.0,,,0.0
2023-11-07,,,,,,,,,,,,,,,0.0,,,,,,,,0.0,,,,,0.0,0.6601543384152079,,0.0,,,0.0
2023-11-08,,,,,,,,,,,,,,,0.0,,,,,,,,0.0,,,,,0.0,0.7252399774138903,,0.4033118712273641,,,0.0
2023-11-09,,,,,,,,,,,,,,,0.0,,,,,,,,0.0,,,,,0.0,0.6415584415584416,,0.0,,,0.0
2023-11-10,,,,,,,,,,,,,,,0.0,,,,,,,,0.0,,,,,0.0,0.5299830604178429,,0.0,,,0.0
2023-11-11,,,,,,,,,,,,,,,0.0,,,,,,,,0.0,,,,,0.0,0.7159420289855072,,0.0,,,0.0
2023-11-12,,,,,,,,,,,,,,,0.0,,,,,,,,0.0,,,,,0.0,0.8275174101261058,,0.0,,,0.0
2023-11-13,,,,,,,,,,,,,,,0.0,,,,,,,,0.0,,,,,0.0,0.9297948428383209,,0.0,,,0.4308208168843
2023-11-14,,,,,,,,,,,,,,,0.0,,,,,,,,0.0,,,,,0.0,0.7531338226990401,,0.0,,,0.0
2023-11-15,,,,,,,,,,,,,,,0.0,,,,,,,,0.0,,,,,0.0,0.622962544701675,,0.0,,,0.0
2023-11-16,,,,,,,,,,,,,,,0.0,,,,,,,,0.7,,,,,0.0,0.5671748541313758,,0.0,,,0.0
2023-11-17,,,,,,,,,,,,,,,0.0,,,,,,,,0.0,,,,,0.0,0.613664596273292,,0.0,,,0.0
2023-11-18,,,,,,,,,,,,,,,0.0,,,,,,,,0.0,,,,,0.0,0.42770562770562764,,0.0,,,0.5606572274521713
2023-11-19,,,,,,,,,,,,,,,0.0,,,,,,,,0.0,,,,,0.0,0.4091097308488613,,0.0,,,0.0
2023-11-20,,,,,,,,,,,,,,,0.0,,,,,,,,0.0,,,,,0.0,0.7438358742706568,,0.0,,,0.0
2023-11-21,,,,,,,,,,,,,,,0.0,,,,,,,,0.0,,,,,0.0,0.7624317711274233,,0.0,,,0.0
2023-11-22,,,,,,,,,,,,,,,0.0,,,,,,,,0.0,,,,,0.0,0.6694522868435913,,0.0,,,0.0
2023-11-23,,,,,,,,,,,,,,,0.0,,,,,,,,0.6299999999999999,,,,,0.0,0.8182194616977226,,0.5818269617706237,,,0.0
2023-11-24,,,,,,,,,,,,,,,0.0,,,,,,,,0.0,,,,,0.0,0.3998117824204781,,0.0,,,0.0
2023-11-25,,,,,,,,,,,,,,,0.0,,,,,,,,0.0,,,,,0.0,0.5206851119894598,,0.0,,,0.0
2023-11-26,,,,,,,,,,,,,,,0.0,,,,,,,,0.0,,,,,0.0,0.5857707509881422,,0.0,,,0.0
2023-11-27,,,,,,,,,,,,,,,0.0,,,,,,,,0.0,,,,,0.0,0.6601543384152079,,0.0,,,0.0
2023-11-28,,,,,,,,,,,,,,,0.0,,,,,,,,0.0,,,,,0.0,0.5857707509881422,,0.0,,,0.0
2023-11-29,,,,,,,,,,,,,,,0.0,,,,,,,,0.0,,,,,0.0,0.8275174101261058,,0.4231468812877263,,,0.0
2023-11-30,,,,,,,,,,,,,,,0.0,,,,,,,,0.0,,,,,0.0,0.6415584415584416,,0.0,,,0.5134439872456726
2023-12-01,,,,,,,,,,,,,,,0.0,,,,,,,,0.0,,,,,0.0,0.6601543384152079,,0.0,,,0.0
2023-12-02,,,,,,,,,,,,,,,0.0,,,,,,,,0.0,,,,,0.0,0.7438358742706568,,0.0,,,0.0
2023-12-03,,,,,,,,,,,,,,,0.0,,,,,,,,0.0,,,,,0.0,0.42770562770562764,,0.0,,,0.5429522623747343
2023-12-04,,,,,,,,,,,,,,,0.0,,,,,,,,0.0,,,,,0.0,0.6694522868435913,,0.0,,,0.0
2023-12-05,,,,,,,,,,,,,,,0.0,,,,,,,,0.0,,,,,0.0,0.5392810088462263,,0.0,,,0.0
2023-12-06,,,,,,,,,,,,,,,0.0,,,,,,,,0.0,,,,,0.0,0.6694522868435913,,0.0,,,0.0
2023-12-07,,,,,,,,,,,,,,,0.0,,,,,,,,0.0,,,,,0.0,0.7252399774138903,,0.0,,,0.0
2023-12-08,,,,,,,,,,,,,,,0.0,,,,,,,,0.0,,,,,0.0,0.5020892151326933,,0.0,,,0.5429522623747343
2023-12-09,,,,,,,,,,,,,,,0.0,,,,,,,,0.0,,,,,0.0,0.5113871635610767,,0.0,,,0.0
2023-12-10,,,,,,,,,,,,,,,0.0,,,,,,,,0.0,,,,,0.0,0.6787502352719744,,0.0,,,0.0
2023-12-11,,,,,,,,,,,,,,,0.0,,,,,,,,0.0,,,,,0.0,0.7252399774138903,,0.0,,,0.0
2023-12-12,,,,,,,,,,,,,,,0.0,,,,,,,,0.0,,,,,0.0,0.622962544701675,,0.0,,,0.0
2023-12-13,,,,,,,,,,,,,,,0.0,,,,,,,,0.0,,,,,0.0,0.622962544701675,,0.0,,,0.0
2023-12-14,,,,,,,,,,,,,,,0.0,,,,,,,,0.0,,,,,0.0,0.6043666478449087,,0.0,,,0.0
2023-12-15,,,,,,,,,,,,,,,0.0,,,,,,,,0.0,,,,,0.0,0.6322604931300583,,0.0,,,0.0
2023-12-16,,,,,,,,,,,,,,,0.0,,,,,,,,0.0,,,,,0.0,0.8089215132693394,,0.0,,,0.0
2023-12-17,,,,,,,,,,,,,,,0.0,,,,,,,,0.0,,,,,0.0,0.5950686994165255,,0.0,,,0.0
2023-12-18,,,,,,,,,,,,,,,0.0,,,,,,,,0.0,,,,,0.0,0.5392810088462263,,0.46281690140845066,,,0.0
2023-12-19,,,,,,,,,,,,,,,0.0,,,,,,,,0.0,,,,,0.0,0.6694522868435913,,0.0,,,0.0
2023-12-20,,,,,,,,,,,,,,,0.0,,,,,,,,0.0,,,,,0.0,0.4184076792772444,,0.0,,,0.47803405709079866
2023-12-21,,,,,,,,,,,,,,,0.0,,,,,,,,0.8399999999999999,,,,,0.0,0.5206851119894598,,0.0,,,0.0
2023-12-22,,,,,,,,,,,,,,,0.0,,,,,,,,0.0,,,,,0.0,0.5764728025597592,,0.0,,,0.0
2023-12-23,,,,,,,,,,,,,,,0.0,,,,,,,,0.0,,,,,0.0,0.5485789572746094,,0.0,,,0.0
2023-12-24,,,,,,,,,,,,,,,0.0,,,,,,,,0.0,,,,,0.0,0.5020892151326933,,0.0,,,0.0
2023-12-25,,,,,,,,,,,,,,,0.0,,,,,,,,0.0,,,,,0.0,0.6508563899868247,,0.0,,,0.0
2023-12-26,,,,,,,,,,,,,,,0.0,,,,,,,,0.0,,,,,0.0,0.5950686994165255,,0.4826519114688128,,,0.0
2023-12-27,,,,,,,,,,,,,,,0.0,,,,,,,,0.0,,,,,0.0,0.4091097308488613,,0.0,,,0.0
2023-12-28,,,,,,,,,,,,,,,0.0,,,,,,,,0.0,,,,,0.0,0.5950686994165255,,0.0,,,0.0
2023-12-29,,,,,,,,,,,,,,,0.0,,,,,,,,0.0,,,,,0.0,0.5020892151326933,,0.0,,,0.0
2023-12-30,,,,,,,,,,,,,,,0.0,,,,,,,,0.0,,,,,0.0,0.2882364012798796,,0.0,,,0.0
2023-12-31,,,,,,,,,,,,,,,0.0,,,,,,,,0.0,,,,,0.0,0.26964050442311316,,0.0,,,0.0
2024-01-01,,,,,,,,,,,,,,,0.0,,,,,,,,0.0,,,,,0.0,0.5578769057029926,,0.6611670020120723,,,0.0
2024-01-02,,,,,,,,,,,,,,,0.0,,,,,,,,0.0,,,,,0.0,0.31613024656502914,,0.0,,,0.0
2024-01-03,,,,,,,0.0,,0.0,,,,,,,,,,,,,,0.0,,,,,0.0,0.4067611447440836,,0.0,,,0.0
2024-01-04,,,,,,,0.0,,0.0,,,,,,,,,,,,,,0.0,,,,,0.0,0.6063043478260868,,0.0,,,0.0
2024-01-05,,,,,,,0.0,,0.0,,,,,,,,,,,,,,0.0,,,,,0.0,0.6753769950467803,,0.0,,,0.0
2024-01-06,,,,,,,0.0,,0.0,,,,,,,,,,,,,,0.0,,,,,0.0,0.4988580077050082,,0.0,,,0.0
2024-01-07,,,,,,,0.0,,0.0,,,,,,,,,,,,,,0.0,,,,,0.0,0.4528095762245459,,0.0,,,0.0
2024-01-08,,,,,,,0.0,,0.0,,,,,,,,,,,,,,0.0,,,,,0.0,0.4451348376444689,,0.0,,,0.0
2024-01-09,,,,,,,0.0,,0.0,,,,,,,,,,,,,,0.0,,,,,0.0,0.4911832691249311,,0.0,,,0.0
2024-01-10,,,,,,,0.0,,0.0,,,,,,,,,,,,,,0.0,,,,,0.0,0.5142074848651623,,0.0,,,0.0
2024-01-11,,,,,,,0.0,,0.0,,,,,,,,,,,,,,0.0,,,,,0.0,0.5679306549257016,,0.0,,,0.0
2024-01-12,,,,,,,0.0,,0.0,,,,,,,,,,,,,,0.0,,,,,0.0,0.6907264722069344,,0.0,,,0.0
2024-01-13,,,,,,,0.0,,0.0,,,,,,,,,,,,,,0.0,,,,,0.0,0.5679306549257016,,0.0,,,0.0
2024-01-14,,,,,,,0.0,,0.0,,,,,,,,,,,,,,0.0,,,,,0.0,0.48350853054485404,,0.0,,,0.0
2024-01-15,,,,,,,0.0,,0.0,,,,,,,,,,,,,,0.0,,,,,0.0,0.5065327462850852,,0.0,,,0.0
2024-01-16,,,,,,,0.0,,0.0,,,,,,,,,,,,,,0.0,,,,,0.0,0.6984012107870115,,0.0,,,0.0
2024-01-17,,,,,,,0.0,,0.0,,,,,,,,,,,,,,0.0,,,,,0.0,0.5218822234452393,,0.0,,,0.0
2024-01-18,,,,,,,0.0,,0.0,,,,,,,,,,,,,,0.0,,,,,0.0,0.4988580077050082,,0.0,,,0.0
2024-01-19,,,,,,,0.0,,0.0,,,,,,,,,,,,,,0.0,,,,,0.0,0.621653824986241,,0.0,,,0.0
2024-01-20,,,,,,,0.0,,0.0,,,,,,,,,,,,,,0.0,,,,,0.0,0.5986296092460097,,0.0,,,0.0
2024-01-21,,,,,,,0.0,,0.0,,,,,,,,,,,,,,0.0,,,,,0.0,0.5449064391854704,,0.0,,,0.0
2024-01-22,,,,,,,0.0,,0.0,,,,,,,,,,,,,,0.0,,,,,0.0,0.4297853604843147,,0.0,,,0.0
2024-01-23,,,,,,,0.0,,0.0,,,,,,,,,,,,,,0.0,,,,,0.0,0.460484314804623,,0.0,,,0.0
2024-01-24,,,,,,,0.0,,0.0,,,,,,,,,,,,,,0.0,,,,,0.0,0.5832801320858557,,0.0,,,0.0
2024-01-25,,,,,,,0.0,,0.0,,,,,,,,,,,,,,0.0,,,,,0.0,0.7597991194276278,,0.0,,,0.0
2024-01-26,,,,,,,0.0,,0.0,,,,,,,,,,,,,,0.0,,,,,0.0,0.46815905338470004,,0.0,,,0.0
2024-01-27,,,,,,,0.0,,0.0,,,,,,,,,,,,,,0.0,,,,,0.0,0.4221106219042376,,0.0,,,0.0
2024-01-28,,,,,,,0.0,,0.0,,,,,,,,,,,,,,0.0,,,,,0.0,0.39908640616400654,,0.0,,,0.0
2024-01-29,,,,,,,0.0,,0.0,,,,,,,,,,,,,,0.0,,,,,0.0,0.46815905338470004,,0.0,,,0.0
2024-01-30,,,,,,,0.0,,0.0,,,,,,,,,,,,,,0.0,,,,,0.0,0.4528095762245459,,0.0,,,0.0
2024-01-31,,,,,,,0.0,,0.0,,,,,,,,,,,,,,0.0,,,,,0.0,0.4297853604843147,,0.0,,,0.0
2024-02-01,,,,,,,0.0,,0.0,,,,,,,,,,,,,,0.0,,,,,0.0,0.4988580077050082,,0.0,,,0.0
2024-02-02,,,,,,,0.0,,0.0,,,,,,,,,,,,,,0.0,,,,,0.0,0.4528095762245459,,0.0,,,0.0
2024-02-03,,,,,,,0.0,,0.0,,,,,,,,,,,,,,0.0,,,,,0.0,0.4911832691249311,,0.0,,,0.0
2024-02-04,,,,,,,0.0,,0.0,,,,,,,,,,,,,,0.0,,,,,0.9518072289156626,0.0,,0.0,,,0.0
2024-02-05,,,,,,,0.0,,0.0,,,,,,,,,,,,,,0.0,,,,,0.0,0.5142074848651623,,0.0,,,0.0
2024-02-06,,,,,,,0.0,,0.0,,,,,,,,,,,,,,0.0,,,,,0.0,0.3914116675839295,,0.0,,,0.0
2024-02-07,,,,,,,0.0,,0.0,,,,,,,,,,,,,,0.0,,,,,0.0,0.460484314804623,,0.4605714285714285,,,0.6030610385666565
2024-02-08,,,,,,,0.0,,0.0,,,,,,,,,,,,,,0.0,,,,,0.0,0.0,,0.0,,,0.0
2024-02-09,,,,,,,0.0,,0.0,,,,,,,,,,,,,,0.0,,,,,0.0,0.48350853054485404,,0.0,,,0.0
2024-02-10,,,,,,,0.0,,0.0,,,,,,,,,,,,,,0.0,,,,,0.0,0.475833791964777,,0.0,,,0.0
2024-02-11,,,,,,,0.0,,0.0,,,,,,,,,,,,,,0.0,,,,,0.0,0.5679306549257016,,0.0,,,0.0
2024-02-12,,,,,,,0.0,,0.0,,,,,,,,,,,,,,0.0,,,,,0.0,0.306989543203082,,0.0,,,0.0
2024-02-13,,,,,,,0.0,,0.0,,,,,,,,,,,,,,0.0,,,,,0.0,0.2686158503026967,,0.0,,,0.0
2024-02-14,,,,,,,0.0,,0.0,,,,,,,,,,,,,,0.0,,,,,0.0,0.3300137589433131,,0.0,,,0.0
2024-02-15,,,,,,,0.0,,0.0,,,,,,,,,,,,,,0.0,,,,,0.0,0.35303797468354425,,0.0,,,0.0
2024-02-16,,,,,,,0.0,,0.0,,,,,,,,,,,,,,0.0,,,,,0.0,0.48350853054485404,,0.0,,,0.0
2024-02-17,,,,,,,0.0,,0.0,,,,,,,,,,,,,,0.0,,,,,0.0,0.3607127132636213,,0.0,,,0.0
2024-02-18,,,,,,,0.0,,0.0,,,,,,,,,,,,,,0.0,,,,,0.0,0.29164006604292786,,0.0,,,0.0
2024-02-19,,,,,,,0.0,,0.0,,,,,,,,,,,,,,0.0,,,,,0.0,0.5449064391854704,,0.0,,,0.0
2024-02-20,,,,,,,0.0,,0.0,,,,,,,,,,,,,,0.0,,,,,0.0,0.4988580077050082,,0.0,,,0.0
2024-02-21,,,,,,,0.0,,1.0,,,,,,,,,,,,,,0.0,,,,,0.0,0.6830517336268573,,0.0,,,0.0
2024-02-22,,,,,,,0.0,,0.0,,,,,,,,,,,,,,0.0,,,,,0.0,0.5065327462850852,,0.0,,,0.0
2024-02-23,,,,,,,0.0,,0.0,,,,,,,,,,,,,,0.0,,,,,0.0,0.5986296092460097,,0.0,,,0.0
2024-02-24,,,,,,,0.0,,0.0,,,,,,,,,,,,,,0.0,,,,,0.0,0.46815905338470004,,0.0,,,0.0
2024-02-25,,,,,,,0.0,,0.0,,,,,,,,,,,,,,0.0,,,,,0.0,0.5449064391854704,,0.0,,,0.0
2024-02-26,,,,,,,0.0,,0.0,,,,,,,,,,,,,,0.0,,,,,0.0,0.5372317006053934,,0.0,,,0.0
2024-02-27,,,,,,,0.0,,0.0,,,,,,,,,,,,,,0.0,,,,,0.0,0.5142074848651623,,0.0,,,0.0
2024-02-28,,,,,,,0.0,,0.0,,,,,,,,,,,,,,0.0,,,,,0.0,0.39908640616400654,,0.0,,,0.0
2024-02-29,,,,,,,0.0,,0.0,,,,,,,,,,,,,,0.0,,,,,0.0,0.7674738580077048,,0.0,,,0.0
2024-03-01,,,,,,,0.0,,0.0,,,,,,,,,,,,,,0.0,,,,,0.0,0.6293285635663178,,0.0,,,0.0
2024-03-02,,,,,,,0.0,,0.0,,,,,,,,,,,,,,0.0,,,,,0.0,0.5986296092460097,,0.0,,,0.0
2024-03-03,,,,,,,0.0,,0.0,,,,,,,,,,,,,,0.0,,,,,0.0,0.644678040726472,,0.0,,,0.0
2024-03-04,,,,,,,1.0,,0.0,,,,,,,,,,,,,,0.0,,,,,0.0,0.5372317006053934,,0.0,,,0.0
2024-03-05,,,,,,,0.0,,0.0,,,,,,,,,,,,,,0.0,,,,,0.0,0.5065327462850852,,0.0,,,0.0
2024-03-06,,,,,,,0.0,,0.0,,,,,,,,,,,,,,0.0,,,,,0.0,0.7291001651073197,,0.0,,,0.0
2024-03-07,,,,,,,0.0,,0.0,,,,,,,,,,,,,,0.0,,,,,0.0,0.48350853054485404,,0.0,,,0.0
2024-03-08,,,,,,,0.0,,0.0,,,,,,,,,,,,,,0.0,,,,,0.0,0.306989543203082,,0.0,,,0.0
2024-03-09,,,,,,,0.0,,0.0,,,,,,,,,,,,,,0.0,,,,,0.0,0.43746009906439176,,0.0,,,0.0
2024-03-10,,,,,,,0.0,,0.0,,,,,,,,,,,,,,0.0,,,,,0.0,0.3300137589433131,,0.0,,,0.0
2024-03-11,,,,,,,0.0,,0.0,,,,,,,,,,,,,,0.0,,,,,0.0,0.29164006604292786,,0.0,,,0.0
2024-03-12,,,,,,,0.0,,0.0,,,,,,,,,,,,,,0.0,,,,,0.0,0.5756053935057787,,0.0,,,0.0
2024-03-13,,,,,,,0.0,,0.0,,,,,,,,,,,,,,0.0,,,,,0.0,0.4528095762245459,,0.0,,,0.0
2024-03-14,,,,,,,0.0,,0.0,,,,,,,,,,,,,,0.0,,,,,0.0,0.46815905338470004,,0.0,,,0.0
2024-03-15,,,,,,,0.0,,0.0,,,,,,,,,,,,,,0.0,,,,,0.0,0.48350853054485404,,0.0,,,0.0
2024-03-16,,,,,,,0.0,,0.0,,,,,,,,,,,,,,0.0,,,,,0.0,0.4067611447440836,,0.0,,,0.0
2024-03-17,,,,,,,0.0,,0.0,,,,,,,,,,,,,,0.0,,,,,0.0,0.4221106219042376,,0.0,,,0.0
2024-03-18,,,,,,,0.0,,0.0,,,,,,,,,,,,,,0.0,,,,,0.0,0.38373692900385253,,0.0,,,0.0
2024-03-19,,,,,,,0.0,,0.0,,,,,,,,,,,,,,0.0,,,,,0.0,0.35303797468354425,,0.0,,,0.0
2024-03-20,,,,,,,0.0,,0.0,,,,,,,,,,,,,,0.0,,,,,0.0,0.5602559163456245,,0.0,,,0.0
2024-03-21,,,,,,,0.0,,0.0,,,,,,,,,,,,,,0.0,,,,,0.0,0.48350853054485404,,0.0,,,0.0
2024-03-22,,,,,,,0.0,,0.0,,,,,,,,,,,,,,0.0,,,,,0.0,0.4528095762245459,,0.0,,,0.0
2024-03-23,,,,,,,0.0,,0.0,,,,,,,,,,,,,,0.0,,,,,0.0,0.4451348376444689,,0.0,,,0.0
2024-03-24,,,,,,,0.0,,0.0,,,,,,,,,,,,,,0.0,,,,,0.0,0.35303797468354425,,0.0,,,0.0
2024-03-25,,,,,,,0.0,,0.0,,,,,,,,,,,,,,0.0,,,,,0.0,0.621653824986241,,0.0,,,0.0
2024-03-26,,,,,,,0.0,,0.0,,,,,,,,,,,,,,0.0,,,,,0.0,0.5449064391854704,,0.0,,,0.0
2024-03-27,,,,,,,0.0,,0.0,,,,,,,,,,,,,,0.0,,,,,0.0,0.6063043478260868,,0.0,,,0.0
2024-03-28,,,,,,,0.0,,0.0,,,,,,,,,,,,,,0.0,,,,,0.0,0.4297853604843147,,0.0,,,0.0
2024-03-29,,,,,,,0.0,,0.0,,,,,,,,,,,,,,0.0,,,,,0.0,0.3300137589433131,,0.4605714285714285,,,0.0
2024-03-30,,,,,,,0.0,,0.0,,,,,,,,,,,,,,0.0,,,,,0.0,0.33768849752339014,,0.0,,,0.0
2024-03-31,,,,,,,0.0,,0.0,,,,,,,,,,,,,,0.0,,,,,0.0,0.5525811777655475,,0.0,,,0.6030610385666565
2024-04-01,,,,,,,0.0,,0.0,,,,,,,,,,,,,,0.0,,,,,0.0,0.5295569620253164,,0.0,,,0.0
2024-04-02,,,,,,,0.0,,0.0,,,,,,,,,,,,,,0.0,,,,,0.0,0.41443588332416065,,0.0,,,0.0
2024-04-03,,,,,,,0.0,,0.0,,,,,,,,,,,,,,0.0,,,,,0.0,0.4911832691249311,,0.0,,,0.0
2024-04-04,,,,,,,0.0,,0.0,,,,,,,,,,,,,,0.0,,,,,0.0,0.322339020363236,,0.0,,,0.0
2024-04-05,,,,,,,0.0,,0.0,,,,,,,,,,,,,,0.0,,,,,0.0,0.2686158503026967,,0.0,,,0.0
2024-04-06,,,,,,,0.0,,0.0,,,,,,,,,,,,,,0.0,,,,,0.0,0.0,,0.0,,,0.0
2024-04-07,,,,,,,0.0,,0.0,,,,,,,,,,,,,,0.0,,,,,0.0,0.5909548706659327,,0.0,,,0.0
2024-04-08,,,,,,,0.0,,0.0,,,,,,,,,,,,,,0.0,,,,,0.0,0.0,,0.0,,,0.0
2024-04-09,,,,,,,0.0,,0.0,,,,,,,,,,,,,,0.0,,,,,0.0,0.0,,0.0,,,0.0
2024-04-10,,,,,,,0.0,,0.0,,,,,,,,,,,,,,0.0,,,,,0.0,0.0,,0.0,,,0.0
2024-04-11,,,,,,,0.0,,0.0,,,,,,,,,,,,,,0.0,,,,,0.0,0.0,,0.0,,,0.0
2024-04-12,,,,,,,0.0,,0.0,,,,,,,,,,,,,,0.0,,,,,0.0,0.0,,0.0,,,0.0
2024-04-13,,,,,,,0.0,,0.0,,,,,,,,,,,,,,0.0,,,,,0.0,0.0,,0.0,,,0.0
2024-04-14,,,,,,,0.0,,0.0,,,,,,,,,,,,,,0.0,,,,,0.0,0.0,,0.0,,,0.0
2024-04-15,,,,,,,0.0,,0.0,,,,,,,,,,,,,,0.0,,,,,0.0,0.3146642817831589,,0.0,,,0.0
2024-04-16,,,,,,,0.0,,0.0,,,,,,,,,,,,,,0.0,,,,,0.0,0.39908640616400654,,0.0,,,0.0
2024-04-17,,,,,,,0.0,,0.0,,,,,,,,,,,,,,0.0,,,,,0.0,0.41443588332416065,,0.0,,,0.0
2024-04-18,,,,,,,0.0,,0.0,,,,,,,,,,,,,,0.0,,,,,0.0,0.29931480462300486,,0.0,,,0.0
2024-04-19,,,,,,,0.0,,0.0,,,,,,,,,,,,,,0.0,,,,,0.0,0.6293285635663178,,0.0,,,0.0
2024-04-20,,,,,,,0.0,,0.0,,,,,,,,,,,,,,0.0,,,,,0.0,0.2686158503026967,,0.0,,,0.0
2024-04-21,,,,,,,0.0,,0.0,,,,,,,,,,,,,,0.0,,,,,0.0,0.2839653274628508,,0.0,,,0.0
2024-04-22,,,,,,,0.0,,0.0,,,,,,,,,,,,,,0.0,,,,,0.0,0.3683874518436984,,0.3828846815834768,,,0.0
2024-04-23,,,,,,,0.0,,0.0,,,,,,,,,,,,,,0.0,,,,,0.0,0.0,,0.0,,,0.0
2024-04-24,,,,,,,0.0,,0.0,,,,,,,,,,,,,,0.0,,,,,0.0,0.2686158503026967,,0.0,,,0.0
2024-04-25,,,,,,,0.0,,0.0,,,,,,,,,,,,,,0.0,,,,,0.0,0.322339020363236,,0.0,,,0.0
2024-04-26,,,,,,,0.0,,0.0,,,,,,,,,,,,,,0.0,,,,,0.0,0.43746009906439176,,0.0,,,0.0
2024-04-27,,,,,,,0.0,,0.0,,,,,,,,,,,,,,0.0,,,,,0.0,0.48350853054485404,,0.0,,,0.0
2024-04-28,,,,,,,0.0,,0.0,,,,,,,,,,,,,,0.0,,,,,0.0,0.5295569620253164,,0.0,,,0.0
2024-04-29,,,,,,,0.0,,0.0,,,,,,,,,,,,,,0.0,,,,,0.0,0.48350853054485404,,0.0,,,0.0
2024-04-30,,,,,,,0.0,,0.0,,,,,,,,,,,,,,0.0,,,,,0.0,0.322339020363236,,0.0,,,0.0
2024-05-01,,,,,,,0.0,,0.0,,,,,,,,,,,,,,0.0,,,,,0.0,0.38373692900385253,,0.0,,,0.0
2024-05-02,,,,,,,0.0,,0.0,,,,,,,,,,,,,,0.0,,,,,0.0,0.2379168959823885,,0.0,,,0.0
2024-05-03,,,,,,,0.0,,0.0,,,,,,,,,,,,,,0.0,,,,,0.0,0.5295569620253164,,0.0,,,0.0
2024-05-04,,,,,,,0.0,,0.0,,,,,,,,,,,,,,0.0,,,,,0.0,0.4297853604843147,,0.0,,,0.0
2024-05-05,,,,,,,0.0,,0.0,,,,,,,,,,,,,,0.0,,,,,0.0,0.29931480462300486,,0.0,,,0.0
2024-05-06,,,,,,,0.0,,0.0,,,,,,,,,,,,,,0.0,,,,,0.0,0.5525811777655475,,0.0,,,0.0
2024-05-07,,,,,,,0.0,,0.0,,,,,,,,,,,,,,0.493758904109589,,,,,0.0,0.3146642817831589,,0.0,,,0.0
2024-05-08,,,,,,,0.0,,0.0,,,,,,,,,,,,,,0.0,,,,,0.0,0.3300137589433131,,0.0,,,0.0
2024-05-09,,,,,,,0.0,,0.0,,,,,,,,,,,,,,0.0,,,,,0.0,0.29931480462300486,,0.0,,,0.0
2024-05-10,,,,,,,0.0,,0.0,,,,,,,,,,,,,,0.0,,,,,0.0,0.2686158503026967,,0.0,,,0.0
2024-05-11,,,,,,,0.0,,0.0,,,,,,,,,,,,,,0.0,,,,,0.0,0.0,,0.0,,,0.0
2024-05-12,,,,,,,0.0,,0.0,,,,,,,,,,,,,,0.0,,,,,0.0,0.4988580077050082,,0.0,,,0.0
2024-05-13,,,,,,,0.0,,0.0,,,,,,,,,,,,,,0.0,,,,,0.0,0.5679306549257016,,0.0,,,0.0
2024-05-14,,,,,,,0.0,,0.0,,,,,,,,,,,,,,0.0,,,,,0.0,0.4911832691249311,,0.0,,,0.0
2024-05-15,,,,,,,0.0,,0.0,,,,,,,,,,,,,,0.0,,,,,0.0,0.5372317006053934,,0.0,,,0.0
2024-05-16,,,,,,,0.0,,0.0,,,,,,,,,,,,,,0.0,,,,,0.0,0.3453632361034672,,0.0,,,0.0
2024-05-17,,,,,,,0.0,,0.0,,,,,,,,,,,,,,0.0,,,,,0.0,0.43746009906439176,,0.0,,,0.0
2024-05-18,,,,,,,0.0,,0.0,,,,,,,,,,,,,,0.0,,,,,0.0,0.5602559163456245,,0.0,,,0.0
2024-05-19,,,,,,,0.0,,0.0,,,,,,,,,,,,,,0.0,,,,,0.0,0.322339020363236,,0.0,,,0.0
2024-05-20,,,,,,,0.0,,0.0,,,,,,,,,,,,,,0.0,,,,,0.0,0.322339020363236,,0.0,,,0.0
2024-05-21,,,,,,,0.0,,0.0,,,,,,,,,,,,,,0.0,,,,,0.0,0.4911832691249311,,0.0,,,0.0
2024-05-22,,,,,,,0.0,,0.0,,,,,,,,,,,,,,0.0,,,,,0.0,0.3914116675839295,,0.0,,,0.0
2024-05-23,,,,,,,0.0,,0.0,,,,,,,,,,,,,,0.0,,,,,0.0,0.4911832691249311,,0.5549053356282271,,,0.0
2024-05-24,,,,,,,0.0,,0.0,,,,,,,,,,,,,,0.0,,,,,0.0,0.3914116675839295,,0.0,,,0.0
2024-05-25,,,,,,,0.0,,0.0,,,,,,,,,,,,,,0.0,,,,,0.0,0.4067611447440836,,0.0,,,0.0
2024-05-26,,,,,,,0.0,,0.0,,,,,,,,,,,,,,0.0,,,,,0.0,0.41443588332416065,,0.4605714285714285,,,0.0
2024-05-27,,,,,,,0.0,,0.0,,,,,,,,,,,,,,0.0,,,,,0.0,0.5065327462850852,,0.0,,,0.0
2024-05-28,,,,,,,0.0,,0.0,,,,,,,,,,,,,,0.0,,,,,0.0,0.5986296092460097,,0.0,,,0.0
2024-05-29,,,,,,,0.0,,0.0,,,,,,,,,,,,,,0.0,,,,,0.0,0.5218822234452393,,0.0,,,0.0
2024-05-30,,,,,,,0.0,,0.0,,,,,,,,,,,,,,0.0,,,,,0.0,0.0,,0.0,,,0.0
2024-05-31,,,,,,,0.94,,0.0,,,,,,,,,,,,,,0.0,,,,,0.0,0.3453632361034672,,0.0,,,0.0
2024-06-01,,,,,,,0.0,,0.0,,,,,,,,,,,,,,0.0,,,,,0.0,0.35303797468354425,,0.0,,,0.0
2024-06-02,,,,,,,0.0,,0.0,,,,,,,,,,,,,,0.0,,,,,0.0,0.29164006604292786,,0.0,,,0.0
2024-06-03,,,,,,,0.0,,0.0,,,,,,,,,,,,,,0.0,,,,,0.0,0.3607127132636213,,0.0,,,0.0
2024-06-04,,,,,,,0.0,,0.0,,,,,,,,,,,,,,0.0,,,,,0.0,0.4988580077050082,,0.3995318416523236,,,0.0
2024-06-05,,,,,,,0.0,,0.0,,,,,,,,,,,,,,0.0,,,,,0.0,0.4297853604843147,,0.0,,,0.0
2024-06-06,,,,,,,0.0,,0.0,,,,,,,,,,,,,,0.0,,,,,0.0,0.3146642817831589,,0.0,,,0.0
2024-06-07,,,,,,,0.0,,0.0,,,,,,,,,,,,,,0.0,,,,,0.0,0.4067611447440836,,0.0,,,0.0
2024-06-08,,,,,,,0.0,,0.0,,,,,,,,,,,,,,0.0,,,,,0.0,0.4988580077050082,,0.0,,,0.0
2024-06-09,,,,,,,0.0,,0.0,,,,,,,,,,,,,,0.0,,,,,0.0,0.4067611447440836,,0.0,,,0.0
2024-06-10,,,,,,,0.0,,0.0,,,,,,,,,,,,,,0.0,,,,,0.0,0.4221106219042376,,0.0,,,0.0
2024-06-11,,,,,,,0.0,,0.0,,,,,,,,,,,,,,0.0,,,,,0.0,0.29931480462300486,,0.0,,,0.0
2024-06-12,,,,,,,0.0,,0.0,,,,,,,,,,,,,,0.0,,,,,0.0,0.2762905888827737,,0.0,,,0.0
2024-06-13,,,,,,,0.0,,0.0,,,,,,,,,,,,,,0.0,,,,,0.0,0.4911832691249311,,0.0,,,0.0
2024-06-14,,,,,,,0.0,,0.0,,,,,,,,,,,,,,0.0,,,,,0.0,0.4988580077050082,,0.0,,,0.0
2024-06-15,,,,,,,0.0,,0.0,,,,,,,,,,,,,,0.6763820604240947,,,,,0.0,0.37606219042377537,,0.0,,,0.0
2024-06-16,,,,,,,0.0,,0.0,,,,,,,,,,,,,,0.0,,,,,0.0,0.37606219042377537,,0.0,,,0.0
2024-06-17,,,,,,,0.0,,0.0,,,,,,,,,,,,,,0.0,,,,,0.0,0.38373692900385253,,0.0,,,0.0
2024-06-18,,,,,,,0.0,,0.0,,,,,,,,,,,,,,0.0,,,,,0.0,0.460484314804623,,0.0,,,0.0
2024-06-19,,,,,,,0.0,,0.0,,,,,,,,,,,,,,0.0,,,,,0.0,0.5832801320858557,,0.0,,,0.0
2024-06-20,,,,,,,0.0,,0.0,,,,,,,,,,,,,,0.0,,,,,0.0,0.2762905888827737,,0.0,,,0.0
2024-06-21,,,,,,,0.0,,0.0,,,,,,,,,,,,,,0.0,,,,,0.0,0.3683874518436984,,0.0,,,0.0
2024-06-22,,,,,,,0.0,,0.0,,,,,,,,,,,,,,0.0,,,,,0.0,0.4297853604843147,,0.0,,,0.0
2024-06-23,,,,,,,0.0,,0.0,,,,,,,,,,,,,,0.0,,,,,0.0,0.46815905338470004,,0.0,,,0.0
2024-06-24,,,,,,,0.0,,0.0,,,,,,,,,,,,,,0.0,,,,,0.0,0.5218822234452393,,0.0,,,0.0
2024-06-25,,,,,,,0.0,,0.0,,,,,,,,,,,,,,0.0,,,,,0.0,0.4451348376444689,,0.0,,,0.0
2024-06-26,,,,,,,0.0,,0.0,,,,,,,,,,,,,,0.0,,,,,0.0,0.0,,0.0,,,0.0
2024-06-27,,,,,,,0.0,,0.0,,,,,,,,,,,,,,0.0,,,,,0.0,0.0,,0.0,,,0.0
2024-06-28,,,,,,,0.0,,0.0,,,,,,,,,,,,,,0.0,,,,,0.0,0.322339020363236,,0.0,,,0.0
2024-06-29,,,,,,,0.0,,0.0,,,,,,,,,,,,,,0.0,,,,,0.0,0.3683874518436984,,0.0,,,0.0
2024-06-30,,,,,,,0.0,,0.0,,,,,,,,,,,,,,0.0,,,,,0.0,0.35303797468354425,,0.0,,,0.0
2024-07-01,,,,,,,0.0,,0.0,,,,,,,,,,,,,,0.0,,,,,0.0,0.0,,0.0,,,0.0
2024-07-02,,,,,,,0.0,,0.0,,,,,,,,,,,,,,0.0,,,,,0.0,0.322339020363236,,0.0,,,0.0
2024-07-03,,,,,,,0.0,,0.0,,,,,,,,,,,,,,0.0,,,,,0.0,0.322339020363236,,0.0,,,0.0
2024-07-04,,,,,,,,,,,,,,,,,,,,,,,0.0,,,,,,0.3659898072941551,,0.0,,,0.0
2024-07-05,,,,,,,,,,,,,,,,,,,,,,,0.0,,,,,,0.4909619366141105,,0.0,,,0.0
2024-07-06,,,,,,,,,,,,,,,,,,,,,,,0.0,,,,,,0.0,,0.0,,,0.0
2024-07-07,,,,,,,,,,,,,,,,,,,,,,,0.0,,,,,,0.5445214206083773,,0.0,,,0.0
2024-07-08,,,,,,,,,,,,,,,,,,,,,,,0.0,,,,,,0.30350374263417745,,0.0,,,0.0
2024-07-09,,,,,,,,,,,,,,,,,,,,,,,0.0,,,,,,0.4016961299569995,,0.0,,,0.0
2024-07-10,,,,,,,,,,,,,,,,,,,,,,,0.0,,,,,,0.47310877528268835,,0.0,,,0.0
2024-07-11,,,,,,,,,,,,,,,,,,,,,,,0.0,,,,,,0.41954929128842167,,0.3277142857142856,,,0.0
2024-07-12,,,,,,,,,,,,,,,,,,,,,,,0.0,,,,,,0.3481366459627329,,0.0,,,0.0
2024-07-13,,,,,,,,,,,,,,,,,,,,,,,0.0,,,,,,0.5623745819397993,,0.0,,,0.0
2024-07-14,,,,,,,,,,,,,,,,,,,,,,,0.0,,,,,,0.5266682592769549,,0.0,,,0.0
2024-07-15,,,,,,,,,,,,,,,,,,,,,,,0.0,,,,,,0.45525561395126607,,0.0,,,0.0
2024-07-16,,,,,,,,,,,,,,,,,,,,,,,0.0,,,,,,0.446329033285555,,0.0,,,0.0
2024-07-17,,,,,,,,,,,,,,,,,,,,,,,0.0,,,,,,0.47310877528268835,,0.0,,,0.0
2024-07-18,,,,,,,,,,,,,,,,,,,,,,,0.0,,,,,,0.4374024526198439,,0.0,,,0.0
2024-07-19,,,,,,,,,,,,,,,,,,,,,,,0.0,,,,,,0.0,,0.0,,,0.0
2024-07-20,,,,,,,,,,,,,,,,,,,,,,,0.0,,,,,,0.0,,0.0,,,0.0
2024-07-21,,,,,,,,,,,,,,,,,,,,,,,0.0,,,,,,0.4374024526198439,,0.0,,,0.0
2024-07-22,,,,,,,,,,,,,,,,,,,,,,,0.0,,,,,,0.41062271062271066,,0.0,,,0.0
2024-07-23,,,,,,,,,,,,,,,,,,,,,,,0.0,,,,,,0.6070074852683549,,0.0,,,0.0
2024-07-24,,,,,,,,,,,,,,,,,,,,,,,0.0,,,,,,0.5177416786112438,,0.0,,,0.0
2024-07-25,,,,,,,,,,,,,,,,,,,,,,,0.0,,,,,,0.5088150979455327,,0.0,,,0.0
2024-07-26,,,,,,,,,,,,,,,,,,,,,,,0.0,,,,,,0.5266682592769549,,0.0,,,0.0
2024-07-27,,,,,,,,,,,,,,,,,,,,,,,0.0,,,,,,0.47310877528268835,,0.0,,,0.0
2024-07-28,,,,,,,,,,,,,,,,,,,,,,,0.6930082641530647,,,,,,0.4998885172798216,,0.0,,,0.0
2024-07-29,,,,,,,,,,,,,,,,,,,,,,,0.0,,,,,,0.37491638795986626,,0.0,,,0.0
2024-07-30,,,,,,,,,,,,,,,,,,,,,,,0.0,,,,,,0.6784201305940436,,0.26486497064579256,,,0.5745316125113878
2024-07-31,,,,,,,,,,,,,,,,,,,,,,,0.589057024530105,,,,,,0.41954929128842167,,0.0,,,0.0
2024-08-01,,,,,,,,,,,,,,,,,,,,,,,0.0,,,,,,0.45525561395126607,,0.30975733855185905,,,0.0
2024-08-02,,,,,,,,,,,,,,,,,,,,,,,0.0,,,,,,0.4016961299569995,,0.0,,,0.0
2024-08-03,,,,,,,,,,,,,,,,,,,,,,,0.0,,,,,,0.6070074852683549,,0.0,,,0.0
2024-08-04,,,,,,,,,,,,,,,,,,,,,,,0.0,,,,,,0.5802277432712216,,0.0,,,0.0
2024-08-05,,,,,,,,,,,,,,,,,,,,,,,0.0,,,,,,0.8748049052396878,,0.0,,,0.0
2024-08-06,,,,,,,,,,,,,,,,,,,,,,,0.0,,,,,,0.48203535594839947,,0.0,,,0.0
2024-08-07,,,,,,,,,,,,,,,,,,,,,,,0.0,,,,,,0.8301720019111322,,0.0,,,0.0
2024-08-08,,,,,,,,,,,,,,,,,,,,,,,0.0,,,,,,0.5177416786112438,,0.0,,,0.0
2024-08-09,,,,,,,,,,,,,,,,,,,,,,,0.0,,,,,,0.5088150979455327,,0.0,,,0.8091994542413913
2024-08-10,,,,,,,,,,,,,,,,,,,,,,,0.0,,,,,,0.45525561395126607,,0.0,,,0.0
2024-08-11,,,,,,,,,,,,,,,,,,,,,,,0.0,,,,,,0.37491638795986626,,0.0,,,0.0
2024-08-12,,,,,,,,,,,,,,,,,,,,,,,0.0,,,,,,0.5266682592769549,,0.0,,,0.0
2024-08-13,,,,,,,,,,,,,,,,,,,,,,,0.0,,,,,,0.4998885172798216,,0.0,,,0.0
2024-08-14,,,,,,,,,,,,,,,,,,,,,,,0.0,,,,,,0.5980809046026436,,0.0,,,0.0
2024-08-15,,,,,,,,,,,,,,,,,,,,,,,0.0,,,,,,0.38384296862557726,,0.0,,,0.0
2024-08-16,,,,,,,,,,,,,,,,,,,,,,,0.0,,,,,,0.41062271062271066,,0.0,,,0.0
2024-08-17,,,,,,,,,,,,,,,,,,,,,,,0.0,,,,,,0.37491638795986626,,0.0,,,0.0
2024-08-18,,,,,,,,,,,,,,,,,,,,,,,0.0,,,,,,0.0,,0.0,,,0.0
2024-08-19,,,,,,,,,,,,,,,,,,,,,,,0.0,,,,,,0.6070074852683549,,0.0,,,0.0
2024-08-20,,,,,,,,,,,,,,,,,,,,,,,0.0,,,,,,0.4998885172798216,,0.0,,,0.0
2024-08-21,,,,,,,,,,,,,,,,,,,,,,,0.0,,,,,,0.41954929128842167,,0.0,,,0.0
2024-08-22,,,,,,,,,,,,,,,,,,,,,,,0.0,,,,,,0.535594839942666,,0.0,,,0.0
2024-08-23,,,,,,,,,,,,,,,,,,,,,,,0.0,,,,,,0.3213569039655997,,0.0,,,0.0
2024-08-24,,,,,,,,,,,,,,,,,,,,,,,0.0,,,,,,0.47310877528268835,,0.0,,,0.0
2024-08-25,,,,,,,,,,,,,,,,,,,,,,,0.0,,,,,,0.5891543239369326,,0.0,,,0.0
2024-08-26,,,,,,,,,,,,,,,,,,,,,,,0.0,,,,,,0.5177416786112438,,0.0,,,0.0
2024-08-27,,,,,,,,,,,,,,,,,,,,,,,0.0,,,,,,0.5713011626055104,,0.0,,,0.0
2024-08-28,,,,,,,,,,,,,,,,,,,,,,,0.0,,,,,,0.48203535594839947,,0.0,,,0.0
2024-08-29,,,,,,,,,,,,,,,,,,,,,,,0.0,,,,,,0.5177416786112438,,0.0,,,0.0
2024-08-30,,,,,,,,,,,,,,,,,,,,,,,0.0,,,,,,0.4641821946169773,,0.0,,,0.0
2024-08-31,,,,,,,,,,,,,,,,,,,,,,,0.0,,,,,,0.4374024526198439,,0.0,,,0.0
2024-09-01,,,,,,,,,,,,,,,,,,,,,,,0.0,,,,,,0.4284758719541329,,0.0,,,0.0
2024-09-02,,,,,,,,,,,,,,,,,,,,,,,0.0,,,,,,0.6427138079311994,,0.0,,,0.0
2024-09-03,,,,,,,,,,,,,,,,,,,,,,,0.0,,,,,,0.5891543239369326,,0.0,,,0.0
2024-09-04,,,,,,,,,,,,,,,,,,,,,,,0.0,,,,,,0.5445214206083773,,0.0,,,0.0
2024-09-05,,,,,,,,,,,,,,,,,,,,,,,0.0,,,,,,0.267797419971333,,0.0,,,0.0
2024-09-06,,,,,,,,,,,,,,,,,,,,,,,0.0,,,,,,0.803392259913999,,0.4489236790606653,,,0.0
2024-09-07,,,,,,,,,,,,,,,,,,,,,,,0.0,,,,,,0.47310877528268835,,0.0,,,0.0
2024-09-08,,,,,,,,,,,,,,,,,,,,,,,0.0,,,,,,0.47310877528268835,,0.0,,,0.0
2024-09-09,,,,,,,,,,,,,,,,,,,,,,,0.0,,,,,,0.5445214206083773,,0.0,,,0.0
2024-09-10,,,,,,,,,,,,,,,,,,,,,,,0.0,,,,,,0.0,,0.0,,,0.0
2024-09-11,,,,,,,,,,,,,,,,,,,,,,,0.0,,,,,,0.48203535594839947,,0.0,,,0.0
2024-09-12,,,,,,,,,,,,,,,,,,,,,,,0.0,,,,,,0.5445214206083773,,0.0,,,0.0
2024-09-13,,,,,,,,,,,,,,,,,,,,,,,0.0,,,,,,0.41062271062271066,,0.0,,,0.0
2024-09-14,,,,,,,,,,,,,,,,,,,,,,,0.0,,,,,,0.0,,0.0,,,0.0
2024-09-15,,,,,,,,,,,,,,,,,,,,,,,0.0,,,,,,0.41062271062271066,,0.0,,,0.0
2024-09-16,,,,,,,,,,,,,,,,,,,,,,,0.0,,,,,,0.4641821946169773,,0.0,,,0.0
2024-09-17,,,,,,,,,,,,,,,,,,,,,,,0.0,,,,,,0.4641821946169773,,0.0,,,0.0
2024-09-18,,,,,,,,,,,,,,,,,,,,,,,0.6237074377377582,,,,,,0.5623745819397993,,0.0,,,0.0
2024-09-19,,,,,,,,,,,,,,,,,,,,,,,0.0,,,,,,0.2856505813027552,,0.0,,,0.0
2024-09-20,,,,,,,,,,,,,,,,,,,,,,,0.0,,,,,,0.5623745819397993,,0.0,,,0.0
2024-09-21,,,,,,,,,,,,,,,,,,,,,,,0.0,,,,,,0.3213569039655997,,0.0,,,0.0
2024-09-22,,,,,,,,,,,,,,,,,,,,,,,0.0,,,,,,0.45525561395126607,,0.0,,,0.0
2024-09-23,,,,,,,,,,,,,,,,,,,,,,,0.0,,,,,,0.5980809046026436,,0.0,,,0.0
2024-09-24,,,,,,,,,,,,,,,,,,,,,,,0.0,,,,,,0.5088150979455327,,0.0,,,0.0
2024-09-25,,,,,,,,,,,,,,,,,,,,,,,0.0,,,,,,0.4909619366141105,,0.0,,,0.0
2024-09-26,,,,,,,,,,,,,,,,,,,,,,,0.0,,,,,,0.5802277432712216,,0.0,,,0.0
2024-09-27,,,,,,,,,,,,,,,,,,,,,,,0.0,,,,,,0.48203535594839947,,0.0,,,0.0
2024-09-28,,,,,,,,,,,,,,,,,,,,,,,0.0,,,,,,0.3659898072941551,,0.0,,,0.0
2024-09-29,,,,,,,,,,,,,,,,,,,,,,,0.0,,,,,,0.3392100652970218,,0.0,,,0.0
2024-09-30,,,,,,,,,,,,,,,,,,,,,,,0.0,,,,,,0.41954929128842167,,0.0,,,0.0
