Date,Nusa Tenggara Barat,Sulawesi Tenggara,Nusa Tenggara Timur,Maluku,Sumatera Utara,Jambi,Kepulauan Riau,Maluku Utara,Bali,Aceh,Sulawesi Tengah,Sumatera Barat,Riau,Papua Barat,DKI Jakarta,Bengkulu,Sumatera Selatan,Kalimantan Selatan,Kepulauan Bangka Belitung,Sulawesi Utara,Kalimantan Barat,Jawa Tengah,Banten,Kalimantan Timur,Lampung,Papua,DI Yogyakarta,Indonesia,Kalimantan Tengah,Jawa Barat,Sulawesi Barat,Sulawesi Selatan,Jawa Timur,Kalimantan Utara
2022-01-01,,,,,0.0,,,,,,,,,,0.0,,,,,,,0.0,0.0,,,,,0.3683863841751181,,0.0,,,0.0,
2022-01-02,,,,,0.0,,,,,,,,,,0.0,,,,,,,0.0,0.0,,,,,0.6425343910031128,,0.0,,,0.0,
2022-01-03,,,,,0.0,,,,,,,,,,0.0,,,,,,,0.0,0.0,,,,,0.6254001405763632,,0.0,,,0.0,
2022-01-04,,,,,0.0,,,,,,,,,,0.0,,,,,,,0.0,0.0,,,,,0.6682357666432374,,1.0,,,0.0,
2022-01-05,,,,,0.0,,,,,,,,,,0.0,,,,,,,0.0,0.0,,,,,0.8310111456973592,,0.0,,,0.0,
2022-01-06,,,,,0.0,,,,,,,,,,0.0,,,,,,,0.0,0.0,,,,,0.522594638015865,,0.0,,,0.0,
2022-01-07,,,,,0.0,,,,,,,,,,0.0,,,,,,,0.0,0.0,,,,,0.53116176322924,,0.0,,,0.0,
2022-01-08,,,,,0.0,,,,,,,,,,0.0,,,,,,,0.0,0.0,,,,,0.44549051109549154,,0.0,,,0.0,
2022-01-09,,,,,0.0,,,,,,,,,,0.0,,,,,,,0.0,0.0,,,,,0.5397288884426147,,0.0,,,0.0,
2022-01-10,,,,,0.0,,,,,,,,,,0.0,,,,,,,0.0,0.0,,,,,0.6082658901496135,,0.0,,,0.0,
2022-01-11,,,,,0.0,,,,,,,,,,0.0,,,,,,,0.0,0.0,,,,,0.6082658901496135,,0.0,,,0.0,
2022-01-12,,,,,0.0,,,,,,,,,,0.0,,,,,,,0.0,0.0,,,,,0.522594638015865,,0.0,,,0.0,
2022-01-13,,,,,0.0,,,,,,,,,,0.0,,,,,,,0.0,0.0,,,,,0.5397288884426147,,0.0,,,0.0,
2022-01-14,,,,,0.0,,,,,,,,,,0.0,,,,,,,0.0,0.0,,,,,0.44549051109549154,,0.0,,,0.0,
2022-01-15,,,,,0.0,,,,,,,,,,0.0,,,,,,,0.0,0.0,,,,,0.316983632894869,,0.0,,,0.0,
2022-01-16,,,,,0.0,,,,,,,,,,0.0,,,,,,,0.0,0.0,,,,,0.5739973892961142,,0.0,,,0.0,
2022-01-17,,,,,0.0,,,,,,,,,,0.0,,,,,,,0.0,0.0,,,,,0.6168330153629882,,0.0,,,0.0,
2022-01-18,,,,,0.0,,,,,,,,,,0.0,,,,,,,0.0,0.0,,,,,0.6596686414298625,,0.0,,,0.0,
2022-01-19,,,,,0.0,,,,,,,,,,0.0,,,,,,,0.0,0.0,,,,,0.5568631388693644,,0.0,,,0.0,
2022-01-20,,,,,0.0,,,,,,,,,,0.0,,,,,,,0.0,0.0,,,,,0.3341178833216187,,0.0,,,0.0,
2022-01-21,,,,,0.0,,,,,,,,,,0.0,,,,,,,0.0,0.0,,,,,0.5140275128024903,,0.0,,,0.0,
2022-01-22,,,,,0.0,,,,,,,,,,0.0,,,,,,,0.0,0.0,,,,,0.316983632894869,,0.0,,,0.0,
2022-01-23,,,,,0.0,,,,,,,,,,0.0,,,,,,,0.0,0.0,,,,,0.471191886735616,,0.0,,,0.0,
2022-01-24,,,,,0.0,,,,,,,,,,0.0,,,,,,,0.0,0.0,,,,,0.8138768952706095,,0.0,,,0.0,
2022-01-25,,,,,0.0,,,,,,,,,,0.0,,,,,,,0.0,0.0,,,,,0.6682357666432374,,0.0,,,0.0,
2022-01-26,,,,,0.0,,,,,,,,,,0.8600000000000001,,,,,,,0.0,0.0,,,,,0.316983632894869,,0.0,,,0.0,
2022-01-27,,,,,0.0,,,,,,,,,,0.0,,,,,,,0.0,0.0,,,,,0.4369233858821168,,0.0,,,0.0,
2022-01-28,,,,,0.0,,,,,,,,,,0.0,,,,,,,0.0,0.0,,,,,0.0,,0.0,,,0.0,
2022-01-29,,,,,0.0,,,,,,,,,,0.0,,,,,,,0.0,0.0,,,,,0.4026548850286174,,0.0,,,0.0,
2022-01-30,,,,,0.0,,,,,,,,,,0.0,,,,,,,0.0,0.0,,,,,0.3769535093884928,,0.0,,,0.0,
2022-01-31,,,,,0.0,,,,,,,,,,0.0,,,,,,,0.0,0.0,,,,,0.6682357666432374,,0.0,,,0.0,
2022-02-01,,,,,0.0,,,,,,,,,,0.0,,,,,,,0.0,0.0,,,,,0.41122201024199223,,0.0,,,0.0,
2022-02-02,,,,,0.0,,,,,,,,,,1.0,,,,,,,0.0,0.0,,,,,0.4883261371623657,,0.0,,,0.0,
2022-02-03,,,,,0.0,,,,,,,,,,0.0,,,,,,,0.0,0.0,,,,,0.4883261371623657,,0.0,,,0.0,
2022-02-04,,,,,0.0,,,,,,,,,,0.0,,,,,,,0.0,0.0,,,,,0.3341178833216187,,0.0,,,0.0,
2022-02-05,,,,,0.0,,,,,,,,,,0.0,,,,,,,0.0,0.0,,,,,0.0,,0.0,,,0.0,
2022-02-06,,,,,0.0,,,,,,,,,,0.0,,,,,,,0.0,0.0,,,,,0.3940877598152426,,0.0,,,0.0,
2022-02-07,,,,,0.0,,,,,,,,,,0.0,,,,,,,0.0,0.0,,,,,0.6853700170699869,,0.0,,,0.0,
2022-02-08,,,,,0.0,,,,,,,,,,0.0,,,,,,,0.0,0.0,,,,,0.4197891354553671,,0.0,,,0.0,
2022-02-09,,,,,0.0,,,,,,,,,,0.0,,,,,,,0.0,0.0,,,,,0.7539070187769856,,0.0,,,0.0,
2022-02-10,,,,,0.0,,,,,,,,,,0.0,,,,,,,0.0,0.0,,,,,0.4797590119489909,,0.0,,,0.0,
2022-02-11,,,,,0.0,,,,,,,,,,0.0,,,,,,,0.0,0.0,,,,,0.6168330153629882,,0.0,,,0.0,
2022-02-12,,,,,0.0,,,,,,,,,,0.0,,,,,,,0.0,0.0,,,,,0.4369233858821168,,0.0,,,0.0,
2022-02-13,,,,,0.0,,,,,,,,,,0.0,,,,,,,0.0,0.0,,,,,0.8053097700572348,,0.0,,,0.0,
2022-02-14,,,,,0.0,,,,,,,,,,0.0,,,,,,,0.0,0.0,,,,,0.4797590119489909,,0.52,,,0.0,
2022-02-15,,,,,0.0,,,,,,,,,,0.0,,,,,,,0.0,0.0,,,,,0.8567125213374838,,0.6,,,0.0,
2022-02-16,,,,,0.0,,,,,,,,,,0.0,,,,,,,0.0,0.0,,,,,0.7453398935636107,,0.0,,,0.0,
2022-02-17,,,,,0.0,,,,,,,,,,0.0,,,,,,,0.0,0.0,,,,,0.5996987649362387,,0.0,,,0.589375,
2022-02-18,,,,,0.0,,,,,,,,,,0.0,,,,,,,0.0,0.0,,,,,0.5739973892961142,,0.0,,,0.0,
2022-02-19,,,,,0.0,,,,,,,,,,0.0,,,,,,,0.0,0.0,,,,,0.6254001405763632,,0.56,,,0.0,
2022-02-20,,,,,0.0,,,,,,,,,,0.0,,,,,,,0.0,0.0,,,,,0.5482960136559896,,0.0,,,0.0,
2022-02-21,,,,,0.0,,,,,,,,,,0.0,,,,,,,0.0,0.6300000000000001,,,,,0.5568631388693644,,0.0,,,0.589375,
2022-02-22,,,,,0.0,,,,,,,,,,0.0,,,,,,,0.0,0.0,,,,,0.6425343910031128,,0.0,,,0.0,
2022-02-23,,,,,0.0,,,,,,,,,,0.0,,,,,,,0.0,0.0,,,,,0.6082658901496135,,0.5700000000000001,,,0.0,
2022-02-24,,,,,0.0,,,,,,,,,,0.0,,,,,,,0.0,0.0,,,,,0.5397288884426147,,0.0,,,0.0,
2022-02-25,,,,,0.0,,,,,,,,,,0.0,,,,,,,0.0,0.0,,,,,0.6682357666432374,,0.0,,,0.0,
2022-02-26,,,,,0.0,,,,,,,,,,0.0,,,,,,,0.0,0.0,,,,,0.4026548850286174,,0.0,,,0.0,
2022-02-27,,,,,0.0,,,,,,,,,,0.0,,,,,,,0.0,0.0,,,,,0.44549051109549154,,0.0,,,0.0,
2022-02-28,,,,,0.0,,,,,,,,,,0.0,,,,,,,0.0,0.0,,,,,0.4626247615222413,,0.0,,,0.0,
2022-03-01,,,,,0.0,,,,,,,,,,0.0,,,,,,,0.0,0.0,,,,,0.7367727683502362,,0.56,,,0.0,
2022-03-02,,,,,0.0,,,,,,,,,,0.0,,,,,,,0.0,0.0,,,,,0.5397288884426147,,0.0,,,0.0,
2022-03-03,,,,,0.0,,,,,,,,,,0.0,,,,,,,0.0,0.0,,,,,0.522594638015865,,0.0,,,0.0,
2022-03-04,,,,,0.0,,,,,,,,,,0.0,,,,,,,0.0,0.0,,,,,0.7110713927101117,,0.0,,,0.0,
2022-03-05,,,,,0.5416285068740112,,,,,,,,,,0.0,,,,,,,0.0,1.0,,,,,0.41122201024199223,,0.0,,,0.0,
2022-03-06,,,,,0.536212221805271,,,,,,,,,,0.0,,,,,,,0.0,0.0,,,,,0.6254001405763632,,0.0,,,0.0,
2022-03-07,,,,,0.0,,,,,,,,,,0.75,,,,,,,0.0,0.0,,,,,0.6853700170699869,,0.0,,,0.0,
2022-03-08,,,,,0.0,,,,,,,,,,0.0,,,,,,,0.0,0.0,,,,,0.6425343910031128,,0.0,,,0.0,
2022-03-09,,,,,0.0,,,,,,,,,,0.0,,,,,,,0.0,0.0,,,,,0.7196385179234865,,0.4700000000000001,,,0.0,
2022-03-10,,,,,0.4333028054992089,,,,,,,,,,0.0,,,,,,,0.0,0.0,,,,,0.633967265789738,,0.0,,,0.0,
2022-03-11,,,,,0.4008050950867681,,,,,,,,,,0.0,,,,,,,0.0,0.0,,,,,0.471191886735616,,0.0,,,0.0,
2022-03-12,,,,,0.0,,,,,,,,,,0.0,,,,,,,0.5670595238095238,0.0,,,,,0.5140275128024903,,0.0,,,0.0,
2022-03-13,,,,,0.0,,,,,,,,,,0.0,,,,,,,0.0,0.7,,,,,0.53116176322924,,0.0,,,0.0,
2022-03-14,,,,,0.0,,,,,,,,,,0.0,,,,,,,0.0,0.0,,,,,0.7196385179234865,,0.0,,,0.5005650684931507,
2022-03-15,,,,,0.0,,,,,,,,,,0.0,,,,,,,0.0,0.0,,,,,0.5482960136559896,,0.0,,,0.0,
2022-03-16,,,,,0.0,,,,,,,,,,0.0,,,,,,,0.0,0.0,,,,,0.633967265789738,,0.0,,,0.0,
2022-03-17,,,,,0.0,,,,,,,,,,0.0,,,,,,,0.0,0.0,,,,,0.8567125213374838,,0.0,,,0.0,
2022-03-18,,,,,0.0,,,,,,,,,,0.0,,,,,,,0.0,0.0,,,,,0.6768028918566122,,0.0,,,0.0,
2022-03-19,,,,,0.0,,,,,,,,,,0.0,,,,,,,0.0,0.0,,,,,0.8053097700572348,,0.0,,,0.0,
2022-03-20,,,,,0.0,,,,,,,,,,0.0,,,,,,,0.0,0.0,,,,,0.5397288884426147,,0.61,,,0.0,
2022-03-21,,,,,0.0,,,,,,,,,,0.0,,,,,,,0.0,0.0,,,,,0.7624741439903606,,0.0,,,0.0,
2022-03-22,,,,,0.0,,,,,,,,,,0.0,,,,,,,0.0,0.0,,,,,0.4626247615222413,,0.0,,,0.589375,
2022-03-23,,,,,0.0,,,,,,,,,,0.0,,,,,,,0.0,0.0,,,,,0.8053097700572348,,0.0,,,0.0,
2022-03-24,,,,,0.0,,,,,,,,,,0.0,,,,,,,0.0,0.0,,,,,0.5996987649362387,,0.0,,,0.0,
2022-03-25,,,,,0.0,,,,,,,,,,0.0,,,,,,,0.0,0.0,,,,,0.5996987649362387,,0.0,,,0.0,
2022-03-26,,,,,0.0,,,,,,,,,,0.0,,,,,,,0.0,0.0,,,,,0.7796083944171103,,0.0,,,0.0,
2022-03-27,,,,,0.0,,,,,,,,,,0.0,,,,,,,0.0,0.0,,,,,0.4369233858821168,,0.0,,,0.0,
2022-03-28,,,,,0.0,,,,,,,,,,0.0,,,,,,,0.0,0.0,,,,,0.5825645145094889,,0.0,,,0.0,
2022-03-29,,,,,0.5253796516677908,,,,,,,,,,0.0,,,,,,,0.4130433568489124,0.0,,,,,0.7710412692037355,,0.0,,,0.0,
2022-03-30,,,,,0.0,,,,,,,,,,0.0,,,,,,,0.0,0.0,,,,,0.4026548850286174,,0.0,,,0.0,
2022-03-31,,,,,0.0,,,,,,,,,,0.0,,,,,,,0.0,0.0,,,,,0.5911316397228639,,0.0,,,0.0,
2022-04-01,,,,,0.0,,,,,,,,,,0.0,,,,,,,0.0,0.0,,,,,0.5568631388693644,,0.0,,,0.0,
2022-04-02,,,,,0.0,,,,,,,,,,0.0,,,,,,,0.0,0.0,,,,,0.5397288884426147,,0.0,,,0.0,
2022-04-03,,,,,0.0,,,,,,,,,,0.0,,,,,,,0.0,0.0,,,,,0.5054603875891154,,0.0,,,0.0,
2022-04-04,,,,,0.0,,,,,,,,,,0.0,,,,,,,0.0,0.0,,,,,0.3084165076814941,,0.0,,,0.0,
2022-04-05,,,,,0.0,,,,,,,,,,0.0,,,,,,,0.0,0.0,,,,,0.5140275128024903,,0.0,,,0.0,
2022-04-06,,,,,0.0,,,,,,,,,,0.0,,,,,,,0.0,0.0,,,,,0.6425343910031128,,0.0,,,0.0,
2022-04-07,,,,,0.0,,,,,,,,,,0.0,,,,,,,0.0,0.0,,,,,0.4797590119489909,,0.0,,,0.0,
2022-04-08,,,,,0.0,,,,,,,,,,0.0,,,,,,,0.0,0.0,,,,,0.6768028918566122,,0.0,,,0.0,
2022-04-09,,,,,0.0,,,,,,,,,,0.0,,,,,,,0.0,0.0,,,,,0.471191886735616,,0.0,,,0.0,
2022-04-10,,,,,0.0,,,,,,,,,,0.0,,,,,,,0.0,0.0,,,,,0.5654302640827393,,0.0,,,0.0,
2022-04-11,,,,,0.0,,,,,,,,,,0.0,,,,,,,0.0,0.0,,,,,0.5568631388693644,,0.0,,,0.0,
2022-04-12,,,,,0.0,,,,,,,,,,0.0,,,,,,,0.0,0.0,,,,,0.4626247615222413,,0.0,,,0.0,
2022-04-13,,,,,0.0,,,,,,,,,,0.0,,,,,,,0.0,0.0,,,,,0.633967265789738,,0.0,,,0.0,
2022-04-14,,,,,0.0,,,,,,,,,,0.0,,,,,,,0.0,0.0,,,,,0.3683863841751181,,0.0,,,0.0,
2022-04-15,,,,,0.0,,,,,,,,,,0.0,,,,,,,0.0,0.0,,,,,0.53116176322924,,0.0,,,0.0,
2022-04-16,,,,,0.0,,,,,,,,,,0.0,,,,,,,0.0,0.0,,,,,0.316983632894869,,0.0,,,0.0,
2022-04-17,,,,,0.0,,,,,,,,,,0.0,,,,,,,0.0,0.0,,,,,0.4626247615222413,,0.0,,,0.0,
2022-04-18,,,,,0.0,,,,,,,,,,0.0,,,,,,,0.49005144032921805,0.0,,,,,0.6254001405763632,,0.0,,,0.0,
2022-04-19,,,,,0.0,,,,,,,,,,0.0,,,,,,,0.0,0.0,,,,,0.4283562606687419,,0.0,,,0.0,
2022-04-20,,,,,0.0,,,,,,,,,,0.0,,,,,,,0.0,0.0,,,,,0.6511015162164877,,0.0,,,0.0,
2022-04-21,,,,,0.0,,,,,,,,,,0.0,,,,,,,0.518054379776602,0.0,,,,,0.5054603875891154,,0.0,,,0.0,
2022-04-22,,,,,0.0,,,,,,,,,,0.0,,,,,,,0.0,0.0,,,,,0.5996987649362387,,0.0,,,0.0,
2022-04-23,,,,,0.0,,,,,,,,,,0.0,,,,,,,0.0,0.0,,,,,0.4026548850286174,,0.0,,,0.0,
2022-04-24,,,,,0.0,,,,,,,,,,0.0,,,,,,,0.50405291005291,0.0,,,,,0.316983632894869,,0.0,,,0.0,
2022-04-25,,,,,0.0,,,,,,,,,,0.0,,,,,,,0.0,0.0,,,,,0.4968932623757407,,0.0,,,0.0,
2022-04-26,,,,,0.0,,,,,,,,,,0.0,,,,,,,0.0,0.0,,,,,0.4883261371623657,,0.0,,,0.0,
2022-04-27,,,,,0.0,,,,,,,,,,0.0,,,,,,,0.0,0.0,,,,,0.5054603875891154,,0.0,,,0.0,
2022-04-28,,,,,0.0,,,,,,,,,,0.0,,,,,,,0.0,0.0,,,,,0.471191886735616,,0.0,,,0.0,
2022-04-29,,,,,0.0,,,,,,,,,,0.0,,,,,,,0.0,0.0,,,,,0.32555075810824385,,0.0,,,0.0,
2022-04-30,,,,,0.0,,,,,,,,,,0.0,,,,,,,0.0,0.0,,,,,0.29128225725474444,,0.0,,,0.0,
2022-05-01,,,,,0.0,,,,,,,,,,0.0,,,,,,,0.0,0.0,,,,,0.38552063460186775,,0.0,,,0.0,
2022-05-02,,,,,0.0,,,,,,,,,,0.0,,,,,,,0.0,0.0,,,,,0.0,,0.0,,,0.0,
2022-05-03,,,,,0.0,,,,,,,,,,0.0,,,,,,,0.0,0.0,,,,,0.0,,0.0,,,0.0,
2022-05-04,,,,,0.0,,,,,,,,,,0.0,,,,,,,0.0,0.0,,,,,0.3683863841751181,,0.0,,,0.8073630136986302,
2022-05-05,,,,,0.0,,,,,,,,,,0.0,,,,,,,0.0,0.0,,,,,0.3341178833216187,,0.0,,,0.0,
2022-05-06,,,,,0.0,,,,,,,,,,0.0,,,,,,,0.0,0.0,,,,,0.4026548850286174,,0.0,,,0.0,
2022-05-07,,,,,0.0,,,,,,,,,,0.0,,,,,,,0.0,0.0,,,,,0.0,,0.0,,,0.0,
2022-05-08,,,,,0.0,,,,,,,,,,0.0,,,,,,,0.0,0.0,,,,,0.28271513204136967,,0.0,,,0.0,
2022-05-09,,,,,0.0,,,,,,,,,,0.0,,,,,,,0.0,0.0,,,,,0.3769535093884928,,0.59,,,0.0,
2022-05-10,,,,,0.0,,,,,,,,,,0.0,,,,,,,0.0,0.0,,,,,0.4797590119489909,,0.0,,,0.0,
2022-05-11,,,,,0.0,,,,,,,,,,0.0,,,,,,,0.0,0.0,,,,,0.5397288884426147,,0.0,,,0.0,
2022-05-12,,,,,0.0,,,,,,,,,,0.0,,,,,,,0.0,0.0,,,,,0.4540576363088664,,0.0,,,0.0,
2022-05-13,,,,,0.0,,,,,,,,,,0.0,,,,,,,0.0,0.0,,,,,0.471191886735616,,0.0,,,0.0,
2022-05-14,,,,,0.0,,,,,,,,,,0.0,,,,,,,0.7000734861845973,0.0,,,,,0.35981925896174327,,0.0,,,0.0,
2022-05-15,,,,,0.0,,,,,,,,,,0.0,,,,,,,0.0,0.0,,,,,0.35981925896174327,,0.0,,,0.0,
2022-05-16,,,,,0.0,,,,,,,,,,0.0,,,,,,,0.0,0.0,,,,,0.3940877598152426,,0.0,,,0.0,
2022-05-17,,,,,0.0,,,,,,,,,,0.0,,,,,,,0.0,0.0,,,,,0.4968932623757407,,0.0,,,0.0,
2022-05-18,,,,,0.0,,,,,,,,,,0.0,,,,,,,0.0,0.0,,,,,0.4369233858821168,,0.0,,,0.0,
2022-05-19,,,,,0.0,,,,,,,,,,0.0,,,,,,,0.0,0.0,,,,,0.4540576363088664,,0.0,,,0.0,
2022-05-20,,,,,0.0,,,,,,,,,,0.0,,,,,,,0.0,0.0,,,,,0.41122201024199223,,0.0,,,0.0,
2022-05-21,,,,,0.0,,,,,,,,,,0.0,,,,,,,0.0,0.0,,,,,0.28271513204136967,,0.0,,,0.0,
2022-05-22,,,,,0.0,,,,,,,,,,0.0,,,,,,,0.0,0.0,,,,,0.4797590119489909,,0.0,,,0.0,
2022-05-23,,,,,0.0,,,,,,,,,,0.0,,,,,,,0.0,0.0,,,,,0.4883261371623657,,0.0,,,0.0,
2022-05-24,,,,,0.0,,,,,,,,,,0.0,,,,,,,0.0,0.0,,,,,0.3341178833216187,,0.0,,,0.0,
2022-05-25,,,,,0.0,,,,,,,,,,0.0,,,,,,,0.0,0.0,,,,,0.35981925896174327,,0.0,,,0.0,
2022-05-26,,,,,0.0,,,,,,,,,,0.0,,,,,,,0.0,0.0,,,,,0.4797590119489909,,0.0,,,0.0,
2022-05-27,,,,,0.0,,,,,,,,,,0.0,,,,,,,0.0,0.0,,,,,0.35125213374836833,,0.0,,,0.0,
2022-05-28,,,,,0.0,,,,,,,,,,0.0,,,,,,,0.0,0.0,,,,,0.316983632894869,,0.0,,,0.0,
2022-05-29,,,,,0.0,,,,,,,,,,0.0,,,,,,,0.0,0.0,,,,,0.41122201024199223,,0.72,,,0.0,
2022-05-30,,,,,0.0,,,,,,,,,,0.0,,,,,,,0.0,0.0,,,,,0.4026548850286174,,0.0,,,0.0,
2022-05-31,,,,,0.0,,,,,,,,,,0.0,,,,,,,0.0,0.0,,,,,0.4797590119489909,,0.0,,,0.0,
2022-06-01,,,,,0.0,,,,,,,,,,0.0,,,,,,,0.0,0.0,,,,,0.34268500853499345,,0.0,,,0.0,
2022-06-02,,,,,0.0,,,,,,,,,,0.0,,,,,,,0.0,0.0,,,,,0.4626247615222413,,0.0,,,0.0,
2022-06-03,,,,,0.0,,,,,,,,,,0.0,,,,,,,0.0,0.0,,,,,0.29128225725474444,,0.0,,,0.0,
2022-06-04,,,,,0.0,,,,,,,,,,0.0,,,,,,,0.0,0.0,,,,,0.471191886735616,,0.0,,,0.0,
2022-06-05,,,,,0.0,,,,,,,,,,0.0,,,,,,,0.0,0.0,,,,,0.6254001405763632,,0.0,,,0.0,
2022-06-06,,,,,0.0,,,,,,,,,,0.0,,,,,,,0.0,0.0,,,,,0.6082658901496135,,0.0,,,0.0,
2022-06-07,,,,,0.0,,,,,,,,,,0.0,,,,,,,0.0,0.0,,,,,0.5996987649362387,,0.0,,,0.0,
2022-06-08,,,,,0.0,,,,,,,,,,0.0,,,,,,,0.0,0.0,,,,,0.3940877598152426,,0.0,,,0.0,
2022-06-09,,,,,0.0,,,,,,,,,,0.0,,,,,,,0.0,0.0,,,,,0.4797590119489909,,0.0,,,0.0,
2022-06-10,,,,,0.0,,,,,,,,,,0.0,,,,,,,0.0,0.0,,,,,0.5397288884426147,,0.0,,,0.0,
2022-06-11,,,,,0.0,,,,,,,,,,0.0,,,,,,,0.0,0.0,,,,,0.4968932623757407,,0.0,,,0.0,
2022-06-12,,,,,0.0,,,,,,,,,,0.0,,,,,,,0.0,0.0,,,,,0.5911316397228639,,0.0,,,0.0,
2022-06-13,,,,,0.0,,,,,,,,,,0.0,,,,,,,0.0,0.0,,,,,0.4968932623757407,,0.0,,,0.0,
2022-06-14,,,,,0.0,,,,,,,,,,0.0,,,,,,,0.0,0.0,,,,,0.6082658901496135,,0.0,,,0.0,
2022-06-15,,,,,0.0,,,,,,,,,,0.0,,,,,,,0.0,0.0,,,,,0.7539070187769856,,0.0,,,0.0,
2022-06-16,,,,,0.0,,,,,,,,,,0.0,,,,,,,0.0,0.0,,,,,0.5397288884426147,,0.0,,,0.0,
2022-06-17,,,,,0.0,,,,,,,,,,0.0,,,,,,,0.0,0.0,,,,,0.5996987649362387,,0.0,,,0.0,
2022-06-18,,,,,0.0,,,,,,,,,,0.0,,,,,,,0.0,0.0,,,,,0.4540576363088664,,0.0,,,0.0,
2022-06-19,,,,,0.0,,,,,,,,,,0.0,,,,,,,0.0,0.0,,,,,0.38552063460186775,,0.0,,,0.0,
2022-06-20,,,,,0.0,,,,,,,,,,0.0,,,,,,,0.0,0.0,,,,,0.4540576363088664,,0.0,,,0.0,
2022-06-21,,,,,0.0,,,,,,,,,,0.0,,,,,,,0.0,0.0,,,,,0.4797590119489909,,0.0,,,0.0,
2022-06-22,,,,,0.0,,,,,,,,,,0.0,,,,,,,0.0,0.0,,,,,0.633967265789738,,0.0,,,0.0,
2022-06-23,,,,,0.0,,,,,,,,,,0.0,,,,,,,0.0,0.0,,,,,0.3940877598152426,,0.0,,,0.0,
2022-06-24,,,,,0.0,,,,,,,,,,0.0,,,,,,,0.0,0.0,,,,,0.4626247615222413,,0.0,,,0.0,
2022-06-25,,,,,0.0,,,,,,,,,,0.0,,,,,,,0.0,0.0,,,,,0.34268500853499345,,0.0,,,0.0,
2022-06-26,,,,,0.0,,,,,,,,,,0.0,,,,,,,0.0,0.0,,,,,0.5654302640827393,,0.0,,,0.0,
2022-06-27,,,,,0.0,,,,,,,,,,0.0,,,,,,,0.6580690770135215,0.0,,,,,0.35981925896174327,,0.0,,,0.0,
2022-06-28,,,,,0.0,,,,,,,,,,0.0,,,,,,,0.0,0.0,,,,,0.5911316397228639,,0.0,,,0.0,
2022-06-29,,,,,0.0,,,,,,,,,,0.0,,,,,,,0.0,0.0,,,,,0.7196385179234865,,0.0,,,0.0,
2022-06-30,,,,,0.0,,,,,,,,,,0.0,,,,,,,0.0,0.0,,,,,0.4197891354553671,,0.0,,,0.0,
2022-07-01,,,,,0.0,,,,,,,,,,0.0,,,,,,,0.0,0.0,,,,,0.4540576363088664,,0.67,,,0.0,
2022-07-02,,,,,0.0,,,,,,,,,,0.0,,,,,,,0.0,0.0,,,,,0.41122201024199223,,0.0,,,0.0,
2022-07-03,,,,,0.0,,,,,0.0,,,,,0.0,,,,,,,0.0,,,,,,0.42077227111316967,,0.0,,0.0,0.0,
2022-07-04,,,,,0.0,,,,,0.0,,,,,0.0,,,,,,,0.0,,,,,,0.4118196696001235,,0.0,,0.0,0.0,
2022-07-05,,,,,0.0,,,,,0.0,,,,,0.0,,,,,,,0.0,,,,,,0.3581040605218466,,0.0,,0.0,0.0,
2022-07-06,,,,,0.0,,,,,0.0,,,,,0.0,,,,,,,0.0,,,,,,0.3849618650609851,,0.0,,0.0,0.0,
2022-07-07,,,,,0.0,,,,,0.0,,,,,0.0,,,,,,,0.0,,,,,,0.3133410529566158,,0.0,,0.0,0.0,
2022-07-08,,,,,0.0,,,,,0.0,,,,,0.0,,,,,,,0.0,,,,,,0.4565826771653544,,0.0,,0.0,0.0,
2022-07-09,,,,,0.0,,,,,0.0,,,,,0.0,,,,,,,0.0,,,,,,0.3760092635479389,,0.0,,0.0,0.0,
2022-07-10,,,,,0.0,,,,,0.0,,,,,0.0,,,,,,,0.0,,,,,,0.3133410529566158,,0.0,,0.0,0.0,
2022-07-11,,,,,0.0,,,,,0.0,,,,,0.31714602939621445,,,,,,,0.0,,,,,,0.8057341361741548,,0.0,,0.0,0.0,
2022-07-12,,,,,0.0,,,,,0.0,,,,,0.0,,,,,,,0.0,,,,,,0.5013456847305853,,0.0,,0.0,0.0,
2022-07-13,,,,,0.8,,,,,0.0,,,,,0.0,,,,,,,0.0,,,,,,0.4744878801914467,,0.0,,0.0,0.0,
2022-07-14,,,,,0.0,,,,,0.0,,,,,0.0,,,,,,,0.0,,,,,,0.5908716998610468,,0.0,,0.0,0.0,
2022-07-15,,,,,0.0,,,,,0.0,,,,,0.34101723590990796,,,,,,,0.0,,,,,,0.30438845144356963,,0.0,,0.0,0.0,
2022-07-16,,,,,0.0,,,,,0.0,,,,,0.0,,,,,,,0.0,,,,,,0.3491514590088004,,0.0,,0.0,0.0,
2022-07-17,,,,,0.0,,,,,0.0,,,,,0.0,,,,,,,0.0,,,,,,0.3133410529566158,,0.0,,0.0,0.0,
2022-07-18,,,,,0.0,,,,,0.0,,,,,0.0,,,,,,,0.0,,,,,,0.5819190983480007,,0.0,,0.0,0.0,
2022-07-19,,,,,0.0,,,,,0.0,,,,,0.0,,,,,,,0.0,,,,,,0.5192508877566775,,0.0,,0.0,0.0,
2022-07-20,,,,,0.0,,,,,0.0,,,,,0.0,,,,,,,0.0,,,,,,0.3312462559827081,,0.0,,0.0,0.0,
2022-07-21,,,,,0.0,,,,,0.0,,,,,0.0,,,,,,,0.0,,,,,,0.3312462559827081,,0.0,,0.0,0.0,
2022-07-22,,,,,0.0,,,,,0.0,,,,,0.0,,,,,,,0.0,,,,,,0.42077227111316967,,0.0,,0.0,0.0,
2022-07-23,,,,,0.0,,,,,0.0,,,,,0.0,,,,,,,0.0,,,,,,0.3939144665740313,,0.0,,0.0,0.0,
2022-07-24,,,,,0.0,,,,,0.0,,,,,0.0,,,,,,,0.0,,,,,,0.6893503165045547,,0.0,,0.0,0.0,
2022-07-25,,,,,0.0,,,,,0.0,,,,,0.0,,,,,,,0.0,,,,,,0.3760092635479389,,0.0,,0.0,0.0,
2022-07-26,,,,,0.0,,,,,0.0,,,,,0.0,,,,,,,0.0,,,,,,0.5908716998610468,,0.0,,0.0,0.0,
2022-07-27,,,,,0.0,,,,,0.0,,,,,0.0,,,,,,,0.0,,,,,,0.5282034892697238,,0.0,,0.0,0.0,
2022-07-28,,,,,0.0,,,,,0.0,,,,,0.0,,,,,,,0.0,,,,,,0.4565826771653544,,0.0,,0.0,0.0,
2022-07-29,,,,,0.0,,,,,0.0,,,,,0.0,,,,,,,0.0,,,,,,0.2775306469044311,,0.0,,0.0,0.0,
2022-07-30,,,,,1.0,,,,,0.0,,,,,0.0,,,,,,,0.0,,,,,,0.3939144665740313,,0.0,,0.0,0.0,
2022-07-31,,,,,0.0,,,,,0.0,,,,,0.0,,,,,,,0.0,,,,,,0.3670566620348928,,0.0,,0.0,0.0,
2022-08-01,,,,,0.0,,,,,0.0,,,,,0.0,,,,,,,0.0,,,,,,0.6266821059132316,,0.0,,0.0,0.0,
2022-08-02,,,,,0.0,,,,,0.0,,,,,0.0,,,,,,,1.0,,,,,,0.7430659255828317,,0.0,,0.0,0.0,
2022-08-03,,,,,0.0,,,,,0.0,,,,,0.0,,,,,,,0.0,,,,,,0.4744878801914467,,0.0,,0.0,0.0,
2022-08-04,,,,,0.0,,,,,0.0,,,,,0.0,,,,,,,0.0,,,,,,0.4923930832175391,,0.0,,0.0,0.0,
2022-08-05,,,,,0.0,,,,,0.0,,,,,0.0,,,,,,,0.0,,,,,,0.3760092635479389,,0.0,,0.0,0.0,
2022-08-06,,,,,0.0,,,,,0.0,,,,,0.0,,,,,,,0.0,,,,,,0.4028670680870774,,0.0,,0.0,0.0,
2022-08-07,,,,,0.0,,,,,0.0,,,,,0.0,,,,,,,0.0,,,,,,0.6356347074262777,,0.0,,0.0,0.0,
2022-08-08,,,,,0.0,,,,,0.0,,,,,0.0,,,,,,,0.0,,,,,,0.42077227111316967,,0.0,,0.0,0.0,
2022-08-09,,,,,0.0,,,,,0.0,,,,,0.0,,,,,,,0.0,,,,,,0.7520185270958778,,0.0,,0.0,0.0,
2022-08-10,,,,,0.0,,,,,0.0,,,,,0.0,,,,,,,0.0,,,,,,0.546108692295816,,0.0,,0.0,0.0,
2022-08-11,,,,,0.0,,,,,0.0,,,,,0.0,,,,,,,0.0,,,,,,0.5371560907827697,,0.0,,0.0,0.0,
2022-08-12,,,,,0.0,,,,,0.0,,,,,0.0,,,,,,,0.0,,,,,,0.4744878801914467,,0.0,,0.0,0.0,
2022-08-13,,,,,0.0,,,,,0.0,,,,,0.0,,,,,,,0.0,,,,,,0.5013456847305853,,0.0,,0.0,1.0,
2022-08-14,,,,,0.0,,,,,0.0,,,,,0.0,,,,,,,0.0,,,,,,0.46553527867840055,,0.0,,0.0,0.0,
2022-08-15,,,,,0.0,,,,,0.0,,,,,0.0,,,,,,,0.63,,,,,,0.6803977149915086,,0.0,,0.0,0.0,
2022-08-16,,,,,0.0,,,,,0.0,,,,,0.0,,,,,,,0.0,,,,,,0.43867747413926206,,0.0,,0.0,0.0,
2022-08-17,,,,,0.0,,,,,0.0,,,,,0.0,,,,,,,0.0,,,,,,0.4118196696001235,,0.0,,0.0,0.0,
2022-08-18,,,,,0.0,,,,,0.0,,,,,0.0,,,,,,,0.0,,,,,,0.5192508877566775,,0.0,,0.0,0.0,
2022-08-19,,,,,0.0,,,,,0.0,,,,,0.0,,,,,,,0.0,,,,,,0.42077227111316967,,0.0,,0.0,0.0,
2022-08-20,,,,,0.0,,,,,0.0,,,,,0.0,,,,,,,0.0,,,,,,0.42972487262621584,,0.0,,0.0,0.0,
2022-08-21,,,,,0.0,,,,,0.0,,,,,0.0,,,,,,,0.0,,,,,,0.5550612938088622,,0.0,,0.0,0.0,
2022-08-22,,,,,0.0,,,,,0.0,,,,,0.0,,,,,,,0.0,,,,,,0.4923930832175391,,0.0,,0.0,0.69,
2022-08-23,,,,,0.0,,,,,0.0,,,,,0.0,,,,,,,0.0,,,,,,0.5282034892697238,,0.0,,0.0,0.0,
2022-08-24,,,,,0.0,,,,,0.0,,,,,0.0,,,,,,,0.0,,,,,,0.4476300756523082,,0.0,,0.0,0.0,
2022-08-25,,,,,0.0,,,,,0.0,,,,,0.0,,,,,,,0.0,,,,,,0.6714451134784624,,0.0,,0.0,0.0,
2022-08-26,,,,,0.0,,,,,0.0,,,,,0.0,,,,,,,0.0,,,,,,0.3222936544696619,,0.0,,0.0,0.0,
2022-08-27,,,,,0.0,,,,,0.0,,,,,0.0,,,,,,,0.0,,,,,,0.5371560907827697,,0.0,,0.0,0.0,
2022-08-28,,,,,0.0,,,,,0.0,,,,,0.0,,,,,,,0.0,,,,,,0.4744878801914467,,0.0,,0.0,0.0,
2022-08-29,,,,,0.0,,,,,0.0,,,,,0.0,,,,,,,0.0,,,,,,0.599824301374093,,0.0,,0.0,0.0,
2022-08-30,,,,,0.0,,,,,0.0,,,,,0.0,,,,,,,0.0,,,,,,0.7967815346611086,,0.0,,0.0,0.0,
2022-08-31,,,,,0.0,,,,,0.0,,,,,0.0,,,,,,,0.0,,,,,,0.7520185270958778,,0.0,,0.0,0.0,
2022-09-01,,,,,0.0,,,,,0.0,,,,,0.0,,,,,,,0.0,,,,,,0.30438845144356963,,0.0,,0.0,0.0,
2022-09-02,,,,,0.0,,,,,0.0,,,,,0.0,,,,,,,0.0,,,,,,0.6445873089393238,,0.0,,0.0,0.0,
2022-09-03,,,,,0.0,,,,,0.0,,,,,0.0,,,,,,,0.0,,,,,,0.28648324841747724,,0.0,,1.0,0.0,
2022-09-04,,,,,0.0,,,,,0.0,,,,,0.0,,,,,,,0.0,,,,,,0.5550612938088622,,0.0,,0.0,0.0,
2022-09-05,,,,,0.0,,,,,0.0,,,,,0.0,,,,,,,0.0,,,,,,0.6624925119654163,,0.541981981981982,,0.0,0.0,
2022-09-06,,,,,0.0,,,,,0.0,,,,,0.0,,,,,,,0.0,,,,,,0.8325919407132935,,0.0,,0.0,0.0,
2022-09-07,,,,,0.0,,,,,0.0,,,,,0.0,,,,,,,0.56,,,,,,0.5192508877566775,,0.0,,0.0,0.0,
2022-09-08,,,,,0.0,,,,,0.0,,,,,0.0,,,,,,,0.0,,,,,,0.5908716998610468,,0.0,,0.0,0.0,
2022-09-09,,,,,0.0,,,,,0.0,,,,,0.0,,,,,,,0.0,,,,,,0.6087769028871393,,0.0,,0.0,0.0,
2022-09-10,,,,,0.0,,,,,0.0,,,,,0.0,,,,,,,0.0,,,,,,0.5729664968349545,,0.0,,0.0,0.0,
2022-09-11,,,,,0.0,,,,,0.0,,,,,0.0,,,,,,,0.0,,,,,,0.7609711286089241,,0.0,,0.0,0.0,
2022-09-12,,,,,0.0,,,,,0.0,,,,,0.0,,,,,,,0.0,,,,,,0.7609711286089241,,0.0,,0.0,0.0,
2022-09-13,,,,,0.0,,,,,0.0,,,,,0.0,,,,,,,0.0,,,,,,0.7430659255828317,,0.0,,0.0,0.0,
2022-09-14,,,,,0.0,,,,,0.0,,,,,0.0,,,,,,,0.0,,,,,,0.7072555195306471,,0.0,,0.0,0.0,
2022-09-15,,,,,0.0,,,,,0.0,,,,,0.0,,,,,,,0.0,,,,,,0.6803977149915086,,0.0,,0.0,0.0,
2022-09-16,,,,,0.0,,,,,0.0,,,,,0.0,,,,,,,0.0,,,,,,0.599824301374093,,0.0,,0.0,0.0,
2022-09-17,,,,,0.0,,,,,0.0,,,,,0.0,,,,,,,0.0,,,,,,0.42077227111316967,,0.0,,0.0,0.0,
2022-09-18,,,,,0.0,,,,,0.0,,,,,0.0,,,,,,,0.0,,,,,,0.6535399104523701,,0.0,,0.0,0.0,
2022-09-19,,,,,0.86,,,,,0.0,,,,,0.0,,,,,,,0.0,,,,,,0.5102982862436314,,0.0,,0.0,0.0,
2022-09-20,,,,,0.0,,,,,0.0,,,,,0.0,,,,,,,0.0,,,,,,0.823639339200247,,0.0,,0.0,0.0,
2022-09-21,,,,,0.0,,,,,0.0,,,,,0.0,,,,,,,0.0,,,,,,0.7162081210436932,,0.0,,0.0,0.0,
2022-09-22,,,,,0.0,,,,,0.0,,,,,0.0,,,,,,,0.0,,,,,,0.8952601513046164,,0.0,,0.0,0.0,
2022-09-23,,,,,0.0,,,,,0.0,,,,,0.0,,,,,,,0.0,,,,,,0.3222936544696619,,0.0,,0.0,0.0,
2022-09-24,,,,,0.0,,,,,0.0,,,,,0.0,,,,,,,0.0,,,,,,0.4923930832175391,,0.0,,0.0,0.0,
2022-09-25,,,,,0.0,,,,,0.0,,,,,0.0,,,,,,,0.0,,,,,,0.6177295044001854,,0.0,,0.0,0.0,
2022-09-26,,,,,0.0,,,,,0.0,,,,,0.0,,,,,,,0.0,,,,,,0.4565826771653544,,0.0,,0.0,0.0,
2022-09-27,,,,,0.0,,,,,0.0,,,,,0.0,,,,,,,0.0,,,,,,0.7341133240697856,,0.0,,0.0,0.0,
2022-09-28,,,,,0.0,,,,,0.0,,,,,0.0,,,,,,,0.0,,,,,,0.5371560907827697,,0.0,,0.0,0.0,
2022-09-29,,,,,0.0,,,,,0.0,,,,,0.0,,,,,,,0.0,,,,,,0.42077227111316967,,0.0,,0.0,0.0,
2022-09-30,,,,,0.0,,,,,0.0,,,,,0.0,,,,,,,0.0,,,,,,0.5013456847305853,,0.0,,0.0,0.0,
2022-10-01,,,,,0.0,,,,,0.0,,,,,0.0,,,,,,,0.0,,,,,,0.5371560907827697,,0.0,,0.0,0.0,
2022-10-02,,,,,0.0,,,,,0.0,,,,,0.0,,,,,,,0.0,,,,,,0.6177295044001854,,0.0,,0.0,0.0,
2022-10-03,,,,,0.0,,,,,0.0,,,,,0.0,,,,,,,0.0,,,,,,0.4923930832175391,,0.0,,0.0,0.0,
2022-10-04,,,,,0.0,,,,,0.0,,,,,0.0,,,,,,,0.76,,,,,,0.6087769028871393,,0.0,,0.0,0.0,
2022-10-05,,,,,0.0,,,,,0.0,,,,,0.0,,,,,,,0.0,,,,,,0.6535399104523701,,0.0,,0.0,0.0,
2022-10-06,,,,,0.0,,,,,0.0,,,,,0.0,,,,,,,0.0,,,,,,0.6177295044001854,,0.0,,0.0,0.0,
2022-10-07,,,,,0.0,,,,,0.0,,,,,0.0,,,,,,,0.0,,,,,,0.5013456847305853,,0.0,,0.0,0.0,
2022-10-08,,,,,0.0,,,,,0.0,,,,,0.0,,,,,,,0.0,,,,,,0.4834404817044929,,0.0,,0.0,0.0,
2022-10-09,,,,,0.0,,,,,0.0,,,,,0.0,,,,,,,0.0,,,,,,0.5550612938088622,,0.0,,0.0,0.78,
2022-10-10,,,,,0.0,,,,,0.0,,,,,0.0,,,,,,,0.0,,,,,,0.8594497452524317,,0.0,,0.0,0.0,
2022-10-11,,,,,0.0,,,,,0.0,,,,,0.0,,,,,,,0.0,,,,,,0.5371560907827697,,0.0,,0.0,0.0,
2022-10-12,,,,,0.0,,,,,0.0,,,,,0.0,,,,,,,0.0,,,,,,0.5371560907827697,,0.0,,0.0,0.0,
2022-10-13,,,,,0.0,,,,,0.0,,,,,0.0,,,,,,,0.0,,,,,,0.7341133240697856,,0.4281657657657658,,0.0,0.0,
2022-10-14,,,,,0.0,,,,,0.0,,,,,0.0,,,,,,,0.0,,,,,,0.5819190983480007,,0.0,,0.0,0.0,
2022-10-15,,,,,0.0,,,,,0.0,,,,,0.0,,,,,,,0.0,,,,,,0.42077227111316967,,0.0,,0.0,0.0,
2022-10-16,,,,,0.0,,,,,0.0,,,,,0.0,,,,,,,0.0,,,,,,0.3849618650609851,,0.0,,0.0,0.0,
2022-10-17,,,,,0.0,,,,,1.0,,,,,0.0,,,,,,,0.0,,,,,,0.5192508877566775,,0.0,,0.0,0.0,
2022-10-18,,,,,0.0,,,,,0.0,,,,,0.0,,,,,,,0.0,,,,,,0.7072555195306471,,0.0,,0.0,0.0,
2022-10-19,,,,,0.0,,,,,0.0,,,,,0.0,,,,,,,0.0,,,,,,0.7072555195306471,,0.0,,0.0,0.0,
2022-10-20,,,,,0.0,,,,,0.0,,,,,0.0,,,,,,,0.0,,,,,,0.7251607225567394,,0.0,,0.0,0.0,
2022-10-21,,,,,0.0,,,,,0.0,,,,,0.0,,,,,,,0.0,,,,,,0.4476300756523082,,0.0,,0.0,0.0,
2022-10-22,,,,,0.0,,,,,0.0,,,,,0.0,,,,,,,0.0,,,,,,0.3849618650609851,,0.0,,0.0,0.0,
2022-10-23,,,,,0.0,,,,,0.0,,,,,0.0,,,,,,,0.0,,,,,,0.6087769028871393,,0.0,,0.0,0.0,
2022-10-24,,,,,0.0,,,,,0.0,,,,,0.0,,,,,,,0.0,,,,,,0.5550612938088622,,0.0,,0.0,0.0,
2022-10-25,,,,,0.0,,,,,0.0,,,,,0.0,,,,,,,0.0,,,,,,0.4028670680870774,,0.0,,0.0,0.0,
2022-10-26,,,,,0.0,,,,,0.0,,,,,0.0,,,,,,,0.0,,,,,,0.6624925119654163,,0.0,,0.0,0.0,
2022-10-27,,,,,0.0,,,,,0.0,,,,,0.0,,,,,,,0.0,,,,,,0.4744878801914467,,0.0,,0.0,0.0,
2022-10-28,,,,,0.0,,,,,0.0,,,,,0.0,,,,,,,0.0,,,,,,0.26857804539138486,,0.0,,0.0,0.0,
2022-10-29,,,,,0.0,,,,,0.0,,,,,0.0,,,,,,,0.0,,,,,,0.5282034892697238,,0.0,,0.0,0.0,
2022-10-30,,,,,0.0,,,,,0.0,,,,,0.0,,,,,,,0.0,,,,,,0.5102982862436314,,0.0,,0.0,0.0,
2022-10-31,,,,,0.0,,,,,0.0,,,,,0.0,,,,,,,0.0,,,,,,0.5550612938088622,,0.0,,0.0,0.0,
2022-11-01,,,,,0.0,,,,,0.0,,,,,0.0,,,,,,,0.0,,,,,,0.7788763316350162,,0.5311423423423424,,0.0,0.0,
2022-11-02,,,,,0.0,,,,,0.0,,,,,0.0,,,,,,,0.0,,,,,,0.6624925119654163,,0.0,,0.0,0.6200000000000001,
2022-11-03,,,,,0.0,,,,,0.0,,,,,0.0,,,,,,,0.0,,,,,,0.7878289331480626,,0.390227027027027,,0.0,0.0,
2022-11-04,,,,,0.0,,,,,0.0,,,,,0.0,,,,,,,0.0,,,,,,0.599824301374093,,0.4281657657657658,,0.0,0.0,
2022-11-05,,,,,0.0,,,,,0.0,,,,,0.0,,,,,,,0.0,,,,,,0.5282034892697238,,0.0,,0.0,0.0,
2022-11-06,,,,,0.0,,,,,0.0,,,,,0.0,,,,,,,0.0,,,,,,0.6893503165045547,,0.0,,0.0,0.0,
2022-11-07,,,,,0.0,,,,,0.0,,,,,0.0,,,,,,,0.0,,,,,,0.7430659255828317,,0.0,,0.0,0.0,
2022-11-08,,,,,0.0,,,,,0.0,,,,,0.0,,,,,,,0.0,,,,,,0.6266821059132316,,0.4661045045045047,,0.0,0.0,
2022-11-09,,,,,0.0,,,,,0.0,,,,,0.0,,,,,,,0.0,,,,,,0.8773549482785241,,0.3739675675675676,,0.0,0.0,
2022-11-10,,,,,0.0,,,,,0.0,,,,,0.0,,,,,,,0.0,,,,,,0.4565826771653544,,0.0,,0.0,0.0,
2022-11-11,,,,,0.0,,,,,0.0,,,,,0.0,,,,,,,0.0,,,,,,0.30438845144356963,,0.0,,0.0,0.0,
2022-11-12,,,,,0.0,,,,,0.0,,,,,0.0,,,,,,,0.0,,,,,,0.5371560907827697,,0.0,,0.0,0.0,
2022-11-13,,,,,0.0,,,,,0.0,,,,,0.0,,,,,,,0.92,,,,,,0.7699237301219702,,0.0,,0.0,0.0,
2022-11-14,,,,,0.0,,,,,0.0,,,,,0.0,,,,,,,0.0,,,,,,0.6893503165045547,,0.0,,0.0,0.0,
2022-11-15,,,,,0.0,,,,,0.0,,,,,0.0,,,,,,,0.0,,,,,,0.823639339200247,,0.41732612612612596,,0.0,0.0,
2022-11-16,,,,,0.0,,,,,0.0,,,,,0.0,,,,,,,0.0,,,,,,0.6535399104523701,,0.5094630630630631,,0.0,0.0,
2022-11-17,,,,,0.0,,,,,0.0,,,,,0.0,,,,,,,0.0,,,,,,0.5819190983480007,,0.0,,0.0,0.0,
2022-11-18,,,,,0.0,,,,,0.0,,,,,0.0,,,,,,,0.0,,,,,,0.46553527867840055,,0.0,,0.0,0.0,
2022-11-19,,,,,0.0,,,,,0.0,,,,,0.0,,,,,,,0.0,,,,,,0.4834404817044929,,0.0,,0.0,0.0,
2022-11-20,,,,,0.0,,,,,0.0,,,,,0.0,,,,,,,0.0,,,,,,0.7162081210436932,,0.0,,0.0,0.0,
2022-11-21,,,,,0.0,,,,,0.0,,,,,0.0,,,,,,,0.0,,,,,,0.6803977149915086,,0.0,,0.0,0.0,
2022-11-22,,,,,0.0,,,,,0.0,,,,,0.0,,,,,,,0.0,,,,,,0.546108692295816,,0.0,,0.0,0.0,
2022-11-23,,,,,0.0,,,,,0.0,,,,,0.0,,,,,,,0.77,,,,,,0.8325919407132935,,0.0,,0.0,0.0,
2022-11-24,,,,,0.0,,,,,0.0,,,,,0.0,,,,,,,0.0,,,,,,0.6624925119654163,,0.0,,0.0,0.0,
2022-11-25,,,,,0.0,,,,,0.0,,,,,0.0,,,,,,,0.0,,,,,,0.3939144665740313,,0.0,,0.0,0.0,
2022-11-26,,,,,0.0,,,,,0.0,,,,,0.0,,,,,,,0.0,,,,,,0.5550612938088622,,0.0,,0.0,0.0,
2022-11-27,,,,,0.0,,,,,0.0,,,,,0.0,,,,,,,0.0,,,,,,0.3401988574957543,,0.0,,0.0,0.0,
2022-11-28,,,,,0.0,,,,,0.0,,,,,0.0,,,,,,,0.0,,,,,,0.5192508877566775,,0.0,,0.0,0.0,
2022-11-29,,,,,0.0,,,,,0.0,,,,,0.0,,,,,,,0.0,,,,,,0.599824301374093,,0.0,,0.0,0.61,
2022-11-30,,,,,0.0,,,,,0.0,,,,,0.0,,,,,,,0.0,,,,,,0.5371560907827697,,0.0,,0.0,0.0,
2022-12-01,,,,,0.0,,,,,0.0,,,,,0.0,,,,,,,0.0,,,,,,0.546108692295816,,0.0,,0.0,0.0,
2022-12-02,,,,,0.0,,,,,0.0,,,,,0.0,,,,,,,0.0,,,,,,0.5192508877566775,,0.0,,0.0,0.0,
2022-12-03,,,,,0.0,,,,,0.0,,,,,0.0,,,,,,,0.0,,,,,,0.4118196696001235,,0.0,,0.0,0.0,
2022-12-04,,,,,0.0,,,,,0.0,,,,,0.0,,,,,,,0.0,,,,,,0.3581040605218466,,0.0,,0.0,0.0,
2022-12-05,,,,,0.0,,,,,0.0,,,,,0.0,,,,,,,0.65,,,,,,0.6356347074262777,,0.0,,0.0,0.0,
2022-12-06,,,,,0.0,,,,,0.0,,,,,0.0,,,,,,,0.0,,,,,,0.6177295044001854,,0.0,,0.0,0.0,
2022-12-07,,,,,0.0,,,,,0.0,,,,,0.0,,,,,,,0.0,,,,,,0.5550612938088622,,0.0,,0.0,0.0,
2022-12-08,,,,,0.0,,,,,0.0,,,,,0.0,,,,,,,0.0,,,,,,0.599824301374093,,0.0,,0.0,0.0,
2022-12-09,,,,,0.0,,,,,0.0,,,,,0.0,,,,,,,0.0,,,,,,0.4118196696001235,,0.0,,0.0,0.0,
2022-12-10,,,,,0.0,,,,,0.0,,,,,0.0,,,,,,,0.0,,,,,,0.3581040605218466,,0.0,,0.0,0.0,
2022-12-11,,,,,0.0,,,,,0.0,,,,,0.0,,,,,,,0.0,,,,,,0.4744878801914467,,0.0,,0.0,0.0,
2022-12-12,,,,,0.0,,,,,0.0,,,,,0.0,,,,,,,0.0,,,,,,0.5819190983480007,,0.0,,0.0,0.0,
2022-12-13,,,,,0.0,,,,,0.0,,,,,0.0,,,,,,,0.0,,,,,,0.5819190983480007,,0.0,,0.0,0.0,
2022-12-14,,,,,0.0,,,,,0.0,,,,,0.0,,,,,,,0.0,,,,,,0.4834404817044929,,0.0,,0.0,0.0,
2022-12-15,,,,,0.0,,,,,0.0,,,,,0.0,,,,,,,0.0,,,,,,0.42077227111316967,,0.0,,0.0,0.0,
2022-12-16,,,,,0.0,,,,,0.0,,,,,0.0,,,,,,,0.0,,,,,,0.46553527867840055,,0.0,,0.0,0.0,
2022-12-17,,,,,0.0,,,,,0.0,,,,,0.0,,,,,,,0.0,,,,,,0.25067284236529264,,0.0,,0.0,0.0,
2022-12-18,,,,,0.86,,,,,0.0,,,,,0.0,,,,,,,0.0,,,,,,0.3222936544696619,,0.0,,0.0,0.0,
2022-12-19,,,,,0.0,,,,,0.0,,,,,0.0,,,,,,,0.0,,,,,,0.4118196696001235,,0.0,,0.0,0.0,
2022-12-20,,,,,0.0,,,,,0.0,,,,,0.0,,,,,,,0.0,,,,,,0.5640138953219084,,0.0,,0.0,0.0,
2022-12-21,,,,,0.0,,,,,0.0,,,,,0.0,,,,,,,0.0,,,,,,0.42972487262621584,,0.0,,0.0,0.0,
2022-12-22,,,,,0.0,,,,,0.0,,,,,0.0,,,,,,,0.0,,,,,,0.30438845144356963,,0.0,,0.0,0.0,
2022-12-23,,,,,0.0,,,,,0.0,,,,,0.0,,,,,,,0.0,,,,,,0.25067284236529264,,0.0,,0.0,0.0,
2022-12-24,,,,,0.0,,,,,0.0,,,,,0.0,,,,,,,0.0,,,,,,0.4118196696001235,,0.0,,0.0,0.0,
2022-12-25,,,,,0.0,,,,,0.0,,,,,0.0,,,,,,,0.0,,,,,,0.3133410529566158,,0.0,,0.0,0.0,
2022-12-26,,,,,0.0,,,,,0.0,,,,,0.0,,,,,,,0.0,,,,,,0.4476300756523082,,0.0,,0.0,0.0,
2022-12-27,,,,,0.0,,,,,0.0,,,,,0.0,,,,,,,0.0,,,,,,0.43867747413926206,,0.0,,0.0,0.0,
2022-12-28,,,,,0.0,,,,,0.0,,,,,0.0,,,,,,,0.0,,,,,,0.2417202408522465,,0.0,,0.0,0.0,
2022-12-29,,,,,0.0,,,,,0.0,,,,,0.0,,,,,,,0.0,,,,,,0.0,,0.0,,0.0,0.0,
2022-12-30,,,,,0.0,,,,,0.0,,,,,0.0,,,,,,,0.0,,,,,,0.3491514590088004,,0.0,,0.0,0.0,
2022-12-31,,,,,0.0,,,,,0.0,,,,,0.0,,,,,,,0.0,,,,,,0.42077227111316967,,0.0,,0.0,0.0,
2023-01-01,,,,,0.0,,,,,0.0,,,,,0.0,,,,,,,0.0,,,,,,0.4028670680870774,,0.0,,0.0,0.0,
2023-01-02,,,,,0.0,,,,,,,,,,0.0,,,,,,,0.0,,,,,,0.6502390983763321,,0.0,,,0.0,
2023-01-03,,,,,0.0,,,,,,,,,,0.0,,,,,,,0.0,,,,,,0.47811698410024434,,0.0,,,0.0,
2023-01-04,,,,,0.0,,,,,,,,,,0.0,,,,,,,0.0,,,,,,0.47811698410024434,,0.0,,,0.0,
2023-01-05,,,,,0.0,,,,,,,,,,0.0,,,,,,,0.7407334428024083,,,,,,0.4972416634642541,,0.0,,,0.0,
2023-01-06,,,,,0.0,,,,,,,,,,0.0,,,,,,,0.0,,,,,,0.44942996505422966,,0.0,,,0.0,
2023-01-07,,,,,0.0,,,,,,,,,,0.0,,,,,,,0.0,,,,,,0.42074294600821505,,0.0,,,0.0,
2023-01-08,,,,,0.0,,,,,,,,,,0.0,,,,,,,0.0,,,,,,0.48767932378224915,,0.0,,,0.0,
2023-01-09,,,,,0.0,,,,,,,,,,0.0,,,,,,,0.0,,,,,,0.506804003146259,,0.0,,,0.0,
2023-01-10,,,,,0.0,,,,,,,,,,0.0,,,,,,,0.0,,,,,,0.40161826664420525,,0.0,,,0.0,
2023-01-11,,,,,0.0,,,,,,,,,,0.0,,,,,,,0.0,,,,,,0.6789261174223469,,0.0,,,0.0,
2023-01-12,,,,,0.0,,,,,,,,,,0.0,,,,,,,0.0,,,,,,0.32511954918816605,,0.0,,,0.0,
2023-01-13,,,,,0.0,,,,,,,,,,0.0,,,,,,,0.0,,,,,,0.45899230473623454,,0.0,,,0.0,
2023-01-14,,,,,0.0,,,,,,,,,,0.0,,,,,,,0.0,,,,,,0.42074294600821505,,0.0,,,0.0,
2023-01-15,,,,,0.0,,,,,,,,,,0.0,,,,,,,0.0,,,,,,0.5546157015562834,,0.0,,,0.761875,
2023-01-16,,,,,0.0,,,,,,,,,,0.0,,,,,,,0.0,,,,,,0.5737403809202932,,0.0,,,0.0,
2023-01-17,,,,,0.0,,,,,,,,,,0.0,,,,,,,0.0,,,,,,0.6598014380583372,,0.0,,,0.0,
2023-01-18,,,,,0.0,,,,,,,,,,0.0,,,,,,,0.0,,,,,,0.43030528569021975,,0.0,,,0.0,
2023-01-19,,,,,0.0,,,,,,,,,,0.0,,,,,,,0.0,,,,,,0.6215520793303176,,0.0,,,0.0,
2023-01-20,,,,,0.0,,,,,,,,,,0.0,,,,,,,0.0,,,,,,0.6693637777403418,,0.0,,,0.0,
2023-01-21,,,,,0.0,,,,,,,,,,0.0,,,,,,,0.0,,,,,,0.32511954918816605,,0.0,,,0.0,
2023-01-22,,,,,0.0,,,,,,,,,,0.0,,,,,,,0.0,,,,,,0.41118060632621,,0.0,,,0.0,
2023-01-23,,,,,0.0,,,,,,,,,,0.0,,,,,,,0.0,,,,,,0.47811698410024434,,0.0,,,0.0,
2023-01-24,,,,,0.0,,,,,,,,,,0.0,,,,,,,0.0,,,,,,0.6980507967863566,,0.0,,,0.0,
2023-01-25,,,,,0.0,,,,,,,,,,0.0,,,,,,,0.6592527640941434,,,,,,0.5641780412382883,,0.0,,,0.0,
2023-01-26,,,,,0.0,,,,,,,,,,0.0,,,,,,,0.0,,,,,,0.506804003146259,,0.0,,,0.0,
2023-01-27,,,,,0.0,,,,,,,,,,0.0,,,,,,,0.0,,,,,,0.47811698410024434,,0.0,,,0.0,
2023-01-28,,,,,0.0,,,,,,,,,,0.0,,,,,,,0.0,,,,,,0.3155572095061612,,0.0,,,0.0,
2023-01-29,,,,,0.0,,,,,,,,,,0.0,,,,,,,0.0,,,,,,0.5259286825102687,,0.0,,,0.0,
2023-01-30,,,,,0.0,,,,,,,,,,0.0,,,,,,,0.0,,,,,,0.6119897396483128,,0.0,,,0.0,
2023-01-31,,,,,0.0,,,,,,,,,,0.0,,,,,,,0.0,,,,,,0.6311144190123223,,0.0,,,0.0,
2023-02-01,,,,,0.0,,,,,,,,,,0.0,,,,,,,0.0,,,,,,0.6119897396483128,,0.492972972972973,,,0.0,
2023-02-02,,,,,0.0,,,,,,,,,,0.0,,,,,,,0.0,,,,,,0.4972416634642541,,0.0,,,0.0,
2023-02-03,,,,,0.0,,,,,,,,,,0.0,,,,,,,0.0,,,,,,0.5163663428282638,,0.0,,,0.0,
2023-02-04,,,,,0.0,,,,,,,,,,0.0,,,,,,,0.0,,,,,,0.22949615236811727,,0.0,,,0.0,
2023-02-05,,,,,0.0,,,,,,,,,,0.0,,,,,,,0.0,,,,,,0.506804003146259,,0.0,,,0.0,
2023-02-06,,,,,0.0,,,,,,,,,,0.842201166180758,,,,,,,0.0,,,,,,0.6406767586943272,,0.0,,,0.0,
2023-02-07,,,,,0.0,,,,,,,,,,0.0,,,,,,,0.0,,,,,,0.7458624951963811,,0.5292209856915739,,,0.0,
2023-02-08,,,,,0.0,,,,,,,,,,0.0,,,,,,,0.0,,,,,,0.6215520793303176,,0.5364705882352941,,,0.0,
2023-02-09,,,,,0.0,,,,,,,,,,0.0,,,,,,,0.0,,,,,,0.6215520793303176,,0.0,,,0.713036858974359,
2023-02-10,,,,,0.0,,,,,,,,,,0.0,,,,,,,0.0,,,,,,0.3824935872801955,,0.0,,,0.0,
2023-02-11,,,,,0.0,,,,,,,,,,0.0,,,,,,,0.0,,,,,,0.47811698410024434,,0.0,,,0.0,
2023-02-12,,,,,0.0,,,,,,,,,,0.0,,,,,,,0.0,,,,,,0.43986762537222485,,0.0,,,0.0,
2023-02-13,,,,,0.0,,,,,,,,,,0.0,,,,,,,0.0,,,,,,0.583302720602298,,0.492972972972973,,,0.0,
2023-02-14,,,,,0.0,,,,,,,,,,0.0,,,,,,,0.0,,,,,,0.47811698410024434,,0.0,,,0.0,
2023-02-15,,,,,0.0,,,,,,,,,,0.0,,,,,,,0.0,,,,,,0.4972416634642541,,0.0,,,0.0,
2023-02-16,,,,,0.0,,,,,,,,,,0.0,,,,,,,0.0,,,,,,0.6502390983763321,,0.0,,,0.9083894230769232,
2023-02-17,,,,,0.0,,,,,,,,,,0.0,,,,,,,0.0,,,,,,0.506804003146259,,0.0,,,0.0,
2023-02-18,,,,,0.0,,,,,,,,,,0.0,,,,,,,0.0,,,,,,0.44942996505422966,,0.0,,,0.0,
2023-02-19,,,,,0.0,,,,,,,,,,0.0,,,,,,,0.6962894362342638,,,,,,0.5354910221922736,,0.0,,,0.0,
2023-02-20,,,,,0.7228935138411801,,,,,,,,,,0.0,,,,,,,0.0,,,,,,0.592865060284303,,0.0,,,0.0,
2023-02-21,,,,,0.0,,,,,,,,,,0.0,,,,,,,0.0,,,,,,0.8797352507444495,,0.0,,,0.0,
2023-02-22,,,,,0.0,,,,,,,,,,0.7293288449400379,,,,,,,0.0,,,,,,0.45899230473623454,,0.0,,,0.0,
2023-02-23,,,,,0.0,,,,,,,,,,0.0,,,,,,,0.0,,,,,,0.5259286825102687,,0.0,,,0.0,
2023-02-24,,,,,0.0,,,,,,,,,,0.0,,,,,,,0.0,,,,,,0.7363001555143762,,0.0,,,0.0,
2023-02-25,,,,,0.0,,,,,,,,,,0.0,,,,,,,0.0,,,,,,0.3920559269622004,,0.0,,,0.0,
2023-02-26,,,,,0.0,,,,,,,,,,0.0,,,,,,,0.0,,,,,,0.4972416634642541,,0.0,,,0.0,
2023-02-27,,,,,0.0,,,,,,,,,,0.0,,,,,,,0.0,,,,,,0.6980507967863566,,0.724960254372019,,,0.0,
2023-02-28,,,,,0.0,,,,,,,,,,0.0,,,,,,,0.0,,,,,,0.5641780412382883,,0.0,,,0.0,
2023-03-01,,,,,0.0,,,,,,,,,,0.0,,,,,,,0.0,,,,,,0.6119897396483128,,0.0,,,0.0,
2023-03-02,,,,,0.0,,,,,,,,,,0.0,,,,,,,0.0,,,,,,0.6119897396483128,,0.0,,,0.0,
2023-03-03,,,,,0.0,,,,,,,,,,0.0,,,,,,,0.0,,,,,,0.9562339682004888,,0.0,,,0.0,
2023-03-04,,,,,0.0,,,,,,,,,,0.0,,,,,,,0.0,,,,,,0.5354910221922736,,0.0,,,0.0,
2023-03-05,,,,,0.0,,,,,,,,,,0.0,,,,,,,0.0,,,,,,0.41118060632621,,0.0,,,0.0,
2023-03-06,,,,,0.0,,,,,,,,,,0.0,,,,,,,0.0,,,,,,0.5354910221922736,,0.0,,,0.0,
2023-03-07,,,,,0.0,,,,,,,,,,0.0,,,,,,,0.0,,,,,,0.6598014380583372,,0.0,,,0.0,
2023-03-08,,,,,0.0,,,,,,,,,,0.0,,,,,,,0.0,,,,,,0.5354910221922736,,0.0,,,0.0,
2023-03-09,,,,,0.0,,,,,,,,,,0.0,,,,,,,0.0,,,,,,0.45899230473623454,,0.0,,,0.0,
2023-03-10,,,,,0.0,,,,,,,,,,0.0,,,,,,,0.0,,,,,,0.5259286825102687,,0.0,,,0.0,
2023-03-11,,,,,0.0,,,,,,,,,,0.0,,,,,,,0.0,,,,,,0.3059948698241564,,0.0,,,0.0,
2023-03-12,,,,,0.0,,,,,,,,,,0.0,,,,,,,0.0,,,,,,0.48767932378224915,,0.0,,,0.0,
2023-03-13,,,,,0.0,,,,,,,,,,0.0,,,,,,,0.7407334428024083,,,,,,0.5641780412382883,,0.0,,,0.0,
2023-03-14,,,,,0.0,,,,,,,,,,0.0,,,,,,,0.6222160919540228,,,,,,0.6693637777403418,,0.449475357710652,,,0.0,
2023-03-15,,,,,0.0,,,,,,,,,,0.0,,,,,,,0.0,,,,,,0.506804003146259,,0.0,,,0.0,
2023-03-16,,,,,0.0,,,,,,,,,,0.0,,,,,,,0.0,,,,,,0.6215520793303176,,0.0,,,0.0,
2023-03-17,,,,,0.0,,,,,,,,,,0.0,,,,,,,0.0,,,,,,0.5641780412382883,,0.0,,,0.0,
2023-03-18,,,,,0.0,,,,,,,,,,0.0,,,,,,,0.0,,,,,,0.5546157015562834,,0.0,,,0.0,
2023-03-19,,,,,0.0,,,,,,,,,,0.0,,,,,,,0.0,,,,,,0.6119897396483128,,0.5002225755166932,,,0.0,
2023-03-20,,,,,0.0,,,,,,,,,,0.0,,,,,,,0.0,,,,,,0.6789261174223469,,0.0,,,0.0,
2023-03-21,,,,,0.0,,,,,,,,,,0.0,,,,,,,0.0,,,,,,0.3059948698241564,,0.0,,,0.0,
2023-03-22,,,,,0.0,,,,,,,,,,0.0,,,,,,,0.0,,,,,,0.6406767586943272,,0.0,,,0.0,
2023-03-23,,,,,0.0,,,,,,,,,,0.0,,,,,,,0.0,,,,,,0.3538065682341808,,0.0,,,0.0,
2023-03-24,,,,,0.0,,,,,,,,,,0.0,,,,,,,0.0,,,,,,0.6693637777403418,,0.0,,,0.0,
2023-03-25,,,,,0.0,,,,,,,,,,0.0,,,,,,,0.0,,,,,,0.5546157015562834,,0.0,,,0.0,
2023-03-26,,,,,0.0,,,,,,,,,,0.0,,,,,,,0.0,,,,,,0.6884884571043518,,0.0,,,0.0,
2023-03-27,,,,,0.0,,,,,,,,,,0.0,,,,,,,0.0,,,,,,0.6406767586943272,,0.0,,,0.0,
2023-03-28,,,,,0.0,,,,,,,,,,0.0,,,,,,,0.0,,,,,,0.6789261174223469,,0.0,,,0.0,
2023-03-29,,,,,0.0,,,,,,,,,,0.0,,,,,,,0.0,,,,,,0.7363001555143762,,0.0,,,0.0,
2023-03-30,,,,,0.0,,,,,,,,,,0.0,,,,,,,0.0,,,,,,0.5737403809202932,,0.0,,,0.0,
2023-03-31,,,,,0.0,,,,,,,,,,0.0,,,,,,,0.0,,,,,,0.5641780412382883,,0.0,,,0.0,
2023-04-01,,,,,0.0,,,,,,,,,,0.0,,,,,,,0.0,,,,,,0.6311144190123223,,0.0,,,0.0,
2023-04-02,,,,,0.0,,,,,,,,,,0.0,,,,,,,0.0,,,,,,0.6406767586943272,,0.0,,,0.0,
2023-04-03,,,,,0.0,,,,,,,,,,0.0,,,,,,,0.0,,,,,,0.506804003146259,,0.0,,,0.0,
2023-04-04,,,,,0.0,,,,,,,,,,0.0,,,,,,,0.0,,,,,,0.6024273999663078,,0.0,,,0.0,
2023-04-05,,,,,0.0,,,,,,,,,,0.0,,,,,,,0.0,,,,,,0.43030528569021975,,0.0,,,0.0,
2023-04-06,,,,,0.0,,,,,,,,,,0.0,,,,,,,0.6444380952380953,,,,,,0.3346818888701709,,0.0,,,0.0,
2023-04-07,,,,,0.0,,,,,,,,,,0.0,,,,,,,0.0,,,,,,0.32511954918816605,,0.0,,,0.0,
2023-04-08,,,,,0.0,,,,,,,,,,0.0,,,,,,,0.0,,,,,,0.2868701904601465,,0.0,,,0.0,
2023-04-09,,,,,0.0,,,,,,,,,,0.0,,,,,,,0.0,,,,,,0.2773078507781417,,0.0,,,0.0,
2023-04-10,,,,,0.0,,,,,,,,,,0.0,,,,,,,0.0,,,,,,0.4972416634642541,,0.0,,,0.0,
2023-04-11,,,,,0.0,,,,,,,,,,0.0,,,,,,,0.0,,,,,,0.47811698410024434,,0.0,,,0.0,
2023-04-12,,,,,0.0,,,,,,,,,,0.0,,,,,,,0.0,,,,,,0.47811698410024434,,0.0,,,0.0,
2023-04-13,,,,,0.0,,,,,,,,,,0.0,,,,,,,0.0,,,,,,0.3824935872801955,,0.0,,,0.0,
2023-04-14,,,,,0.0,,,,,,,,,,0.0,,,,,,,0.0,,,,,,0.41118060632621,,0.0,,,0.0,
2023-04-15,,,,,0.0,,,,,,,,,,0.0,,,,,,,0.0,,,,,,0.3059948698241564,,0.0,,,0.0,
2023-04-16,,,,,0.0,,,,,,,,,,0.0,,,,,,,0.0,,,,,,0.3442442285521759,,0.0,,,0.0,
2023-04-17,,,,,0.0,,,,,,,,,,0.0,,,,,,,0.0,,,,,,0.40161826664420525,,0.0,,,0.0,
2023-04-18,,,,,0.0,,,,,,,,,,0.0,,,,,,,0.0,,,,,,0.42074294600821505,,0.0,,,0.0,
2023-04-19,,,,,0.0,,,,,,,,,,0.0,,,,,,,0.0,,,,,,0.3346818888701709,,0.0,,,0.0,
2023-04-20,,,,,0.0,,,,,,,,,,0.0,,,,,,,0.0,,,,,,0.22949615236811727,,0.0,,,0.7911778846153846,
2023-04-21,,,,,0.0,,,,,,,,,,0.0,,,,,,,0.0,,,,,,0.0,,0.0,,,0.0,
2023-04-22,,,,,0.0,,,,,,,,,,0.0,,,,,,,0.0,,,,,,0.0,,0.0,,,0.0,
2023-04-23,,,,,0.0,,,,,,,,,,0.0,,,,,,,0.0,,,,,,0.3729312475981906,,0.0,,,0.0,
2023-04-24,,,,,0.0,,,,,,,,,,0.0,,,,,,,0.0,,,,,,0.3538065682341808,,0.0,,,0.0,
2023-04-25,,,,,0.0,,,,,,,,,,0.0,,,,,,,0.0,,,,,,0.2868701904601465,,0.0,,,0.0,
2023-04-26,,,,,0.0,,,,,,,,,,0.0,,,,,,,0.0,,,,,,0.3920559269622004,,0.0,,,0.0,
2023-04-27,,,,,0.0,,,,,,,,,,0.0,,,,,,,0.0,,,,,,0.36336890791618565,,0.0,,,0.0,
2023-04-28,,,,,0.0,,,,,,,,,,0.0,,,,,,,0.0,,,,,,0.2964325301421515,,0.0,,,0.0,
2023-04-29,,,,,0.0,,,,,,,,,,0.0,,,,,,,0.0,,,,,,0.6024273999663078,,0.0,,,0.0,
2023-04-30,,,,,0.0,,,,,,,,,,0.0,,,,,,,0.0,,,,,,0.43030528569021975,,0.0,,,0.0,
2023-05-01,,,,,0.0,,,,,,,,,,0.0,,,,,,,0.0,,,,,,0.3920559269622004,,0.0,,,0.0,
2023-05-02,,,,,0.0,,,,,,,,,,0.0,,,,,,,0.0,,,,,,0.3920559269622004,,0.0,,,0.0,
2023-05-03,,,,,0.0,,,,,,,,,,0.0,,,,,,,0.0,,,,,,0.4972416634642541,,0.0,,,0.0,
2023-05-04,,,,,0.0,,,,,,,,,,0.0,,,,,,,0.0,,,,,,0.4972416634642541,,0.0,,,0.0,
2023-05-05,,,,,0.0,,,,,,,,,,0.0,,,,,,,0.0,,,,,,0.43030528569021975,,0.0,,,0.0,
2023-05-06,,,,,0.0,,,,,,,,,,0.0,,,,,,,0.0,,,,,,0.21037147300410752,,0.0,,,0.0,
2023-05-07,,,,,0.0,,,,,,,,,,0.0,,,,,,,0.0,,,,,,0.3920559269622004,,0.0,,,0.0,
2023-05-08,,,,,0.0,,,,,,,,,,0.0,,,,,,,0.5703647509578544,,,,,,0.43986762537222485,,0.0,,,0.0,
2023-05-09,,,,,0.0,,,,,,,,,,0.0,,,,,,,0.0,,,,,,0.45899230473623454,,0.0,,,0.0,
2023-05-10,,,,,0.0,,,,,,,,,,0.0,,,,,,,0.0,,,,,,0.592865060284303,,0.4349761526232115,,,0.0,
2023-05-11,,,,,0.0,,,,,,,,,,0.0,,,,,,,0.0,,,,,,0.5546157015562834,,0.0,,,0.0,
2023-05-12,,,,,0.0,,,,,,,,,,0.0,,,,,,,0.0,,,,,,0.6024273999663078,,0.0,,,0.0,
2023-05-13,,,,,0.0,,,,,,,,,,0.0,,,,,,,0.0,,,,,,0.42074294600821505,,0.0,,,0.0,
2023-05-14,,,,,0.0,,,,,,,,,,0.0,,,,,,,0.0,,,,,,0.5450533618742783,,0.0,,,0.0,
2023-05-15,,,,,0.0,,,,,,,,,,0.0,,,,,,,0.0,,,,,,0.24862083173212704,,0.0,,,0.0,
2023-05-16,,,,,0.0,,,,,,,,,,0.0,,,,,,,0.0,,,,,,0.506804003146259,,0.0,,,0.0,
2023-05-17,,,,,0.0,,,,,,,,,,0.0,,,,,,,0.0,,,,,,0.40161826664420525,,0.0,,,0.9083894230769232,
2023-05-18,,,,,0.0,,,,,,,,,,0.0,,,,,,,0.0,,,,,,0.506804003146259,,0.0,,,0.0,
2023-05-19,,,,,0.0,,,,,,,,,,0.0,,,,,,,0.0,,,,,,0.3729312475981906,,0.0,,,0.0,
2023-05-20,,,,,0.0,,,,,,,,,,0.0,,,,,,,0.0,,,,,,0.2868701904601465,,0.0,,,0.0,
2023-05-21,,,,,0.0,,,,,,,,,,0.0,,,,,,,0.0,,,,,,0.42074294600821505,,0.0,,,0.0,
2023-05-22,,,,,0.0,,,,,,,,,,0.0,,,,,,,0.0,,,,,,0.45899230473623454,,0.0,,,0.0,
2023-05-23,,,,,0.0,,,,,,,,,,0.0,,,,,,,0.0,,,,,,0.2773078507781417,,0.0,,,0.0,
2023-05-24,,,,,0.0,,,,,,,,,,0.0,,,,,,,0.0,,,,,,0.5163663428282638,,0.0,,,0.0,
2023-05-25,,,,,0.0,,,,,,,,,,0.0,,,,,,,0.0,,,,,,0.5259286825102687,,0.0,,,0.0,
2023-05-26,,,,,0.0,,,,,,,,,,0.0,,,,,,,0.0,,,,,,0.506804003146259,,0.0,,,0.0,
2023-05-27,,,,,0.0,,,,,,,,,,0.0,,,,,,,0.0,,,,,,0.22949615236811727,,0.0,,,0.0,
2023-05-28,,,,,0.0,,,,,,,,,,0.0,,,,,,,0.0,,,,,,0.583302720602298,,0.0,,,0.0,
2023-05-29,,,,,0.0,,,,,,,,,,0.0,,,,,,,0.0,,,,,,0.506804003146259,,0.0,,,0.0,
2023-05-30,,,,,0.0,,,,,,,,,,0.0,,,,,,,0.0,,,,,,0.44942996505422966,,0.0,,,0.0,
2023-05-31,,,,,0.0,,,,,,,,,,0.0,,,,,,,0.0,,,,,,0.36336890791618565,,0.0,,,0.0,
2023-06-01,,,,,0.0,,,,,,,,,,0.0,,,,,,,0.0,,,,,,0.3346818888701709,,0.0,,,0.0,
2023-06-02,,,,,0.0,,,,,,,,,,0.0,,,,,,,0.0,,,,,,0.5546157015562834,,0.0,,,0.0,
2023-06-03,,,,,0.0,,,,,,,,,,0.0,,,,,,,0.0,,,,,,0.32511954918816605,,0.0,,,0.0,
2023-06-04,,,,,0.0,,,,,,,,,,0.0,,,,,,,0.0,,,,,,0.40161826664420525,,0.0,,,0.0,
2023-06-05,,,,,0.0,,,,,,,,,,0.8682486249286165,,,,,,,0.0,,,,,,0.6406767586943272,,0.0,,,0.0,
2023-06-06,,,,,0.0,,,,,,,,,,0.0,,,,,,,0.0,,,,,,0.5641780412382883,,0.0,,,0.0,
2023-06-07,,,,,0.0,,,,,,,,,,0.0,,,,,,,0.0,,,,,,0.4685546444182394,,0.0,,,0.0,
2023-06-08,,,,,0.0,,,,,,,,,,0.0,,,,,,,0.0,,,,,,0.3729312475981906,,0.0,,,0.0,
2023-06-09,,,,,0.0,,,,,,,,,,0.0,,,,,,,0.0,,,,,,0.48767932378224915,,0.0,,,0.0,
2023-06-10,,,,,0.0,,,,,,,,,,0.0,,,,,,,0.0,,,,,,0.23905849205012217,,0.0,,,0.0,
2023-06-11,,,,,0.0,,,,,,,,,,0.0,,,,,,,0.0,,,,,,0.45899230473623454,,0.0,,,0.0,
2023-06-12,,,,,0.0,,,,,,,,,,0.0,,,,,,,0.0,,,,,,0.3442442285521759,,0.0,,,0.0,
2023-06-13,,,,,0.0,,,,,,,,,,0.0,,,,,,,0.0,,,,,,0.6119897396483128,,0.0,,,0.0,
2023-06-14,,,,,0.0,,,,,,,,,,0.0,,,,,,,0.0,,,,,,0.5737403809202932,,0.0,,,0.0,
2023-06-15,,,,,0.0,,,,,,,,,,0.0,,,,,,,0.0,,,,,,0.47811698410024434,,0.0,,,0.0,
2023-06-16,,,,,0.0,,,,,,,,,,0.0,,,,,,,0.0,,,,,,0.3059948698241564,,0.0,,,0.0,
2023-06-17,,,,,0.0,,,,,,,,,,0.0,,,,,,,0.0,,,,,,0.4685546444182394,,0.0,,,0.0,
2023-06-18,,,,,0.0,,,,,,,,,,0.0,,,,,,,0.0,,,,,,0.40161826664420525,,0.0,,,0.0,
2023-06-19,,,,,0.0,,,,,,,,,,0.0,,,,,,,0.0,,,,,,0.22949615236811727,,0.0,,,0.0,
2023-06-20,,,,,0.0,,,,,,,,,,0.0,,,,,,,0.0,,,,,,0.43986762537222485,,0.0,,,0.0,
2023-06-21,,,,,0.0,,,,,,,,,,0.0,,,,,,,0.0,,,,,,0.32511954918816605,,0.0,,,0.0,
2023-06-22,,,,,0.0,,,,,,,,,,0.0,,,,,,,0.0,,,,,,0.43030528569021975,,0.45672496025437215,,,0.0,
2023-06-23,,,,,0.0,,,,,,,,,,0.0,,,,,,,0.0,,,,,,0.3729312475981906,,0.0,,,0.0,
2023-06-24,,,,,0.0,,,,,,,,,,0.0,,,,,,,0.0,,,,,,0.3920559269622004,,0.0,,,0.0,
2023-06-25,,,,,0.0,,,,,,,,,,0.0,,,,,,,0.0,,,,,,0.5163663428282638,,0.0,,,0.0,
2023-06-26,,,,,0.0,,,,,,,,,,0.0,,,,,,,0.0,,,,,,0.40161826664420525,,0.0,,,0.0,
2023-06-27,,,,,0.6578330975954738,,,,,,,,,,0.0,,,,,,,0.0,,,,,,0.43986762537222485,,0.0,,,0.0,
2023-06-28,,,,,0.0,,,,,,,,,,0.0,,,,,,,0.0,,,,,,0.2677455110961368,,0.0,,,0.9767628205128208,
2023-06-29,,,,,0.0,,,,,,,,,,0.0,,,,,,,0.0,,,,,,0.41118060632621,,0.0,,,0.0,
2023-06-30,,,,,0.0,,,,,,,,,,0.0,,,,,,,0.0,,,,,,0.2581831714141319,,0.0,,,0.0,
2023-07-01,,,,,0.0,,,,,,,,,,0.0,,,,,,,0.0,,,,,,0.41118060632621,,0.0,,,0.0,
2023-07-02,,,,,0.0,,,,,,,,,,0.0,,,,,,,0.0,,,,,,0.0,,0.0,,,0.0,
2023-07-03,,,,,0.0,,,,,,,,,,0.0,,,,,,,0.0,,,,,,0.3155572095061612,,0.0,,,0.0,
2023-07-04,,,,,0.0,,,,,0.0,,,,,0.0,,,,,,,0.0,,,,,,0.3786248736097068,,0.0,,,,
2023-07-05,,,,,0.0,,,,,0.0,,,,,0.0,,,,,,,0.0,,,,,,0.4122804179305696,,0.0,,,,
2023-07-06,,,,,0.0,,,,,0.0,,,,,0.0,,,,,,,0.0,,,,,,0.2103471520053927,,0.0,,,,
2023-07-07,,,,,0.0,,,,,0.0,,,,,0.0,,,,,,,0.0,,,,,,0.2944860128075497,,0.0,,,,
2023-07-08,,,,,0.0,,,,,0.0,,,,,0.0,,,,,,,0.0,,,,,,0.3365554432086283,,0.0,,,,
2023-07-09,,,,,0.0,,,,,0.0,,,,,0.0,,,,,,,0.0,,,,,,0.260830468486687,,0.0,,,,
2023-07-10,,,,,0.0,,,,,0.0,,,,,0.0,,,,,,,0.0,,,,,,0.3617971014492754,,0.0,,,,
2023-07-11,,,,,0.0,,,,,0.0,,,,,0.0,,,,,,,0.0,,,,,,0.0,,0.0,,,,
2023-07-12,,,,,0.0,,,,,0.0,,,,,0.0,,,,,,,0.0,,,,,,0.5553164812942366,,0.0,,,,
2023-07-13,,,,,0.0,,,,,0.0,,,,,0.0,,,,,,,0.0,,,,,,0.462763734411864,,0.0,,,,
2023-07-14,,,,,0.0,,,,,0.0,,,,,0.0,,,,,,,0.0,,,,,,0.3870387596899225,,0.0,,,,
2023-07-15,,,,,0.0,,,,,0.0,,,,,0.0,,,,,,,0.0,,,,,,0.0,,0.0,,,,
2023-07-16,,,,,0.0,,,,,0.0,,,,,0.0,,,,,,,0.0,,,,,,0.3365554432086283,,0.0,,,,
2023-07-17,,,,,0.0,,,,,0.0,,,,,0.0,,,,,,,0.0,,,,,,0.4291081900910011,,0.0,,,,
2023-07-18,,,,,0.0,,,,,0.0,,,,,0.0,,,,,,,0.0,,,,,,0.4038665318503539,,0.0,,,,
2023-07-19,,,,,0.0,,,,,0.0,,,,,0.0,,,,,,,0.0,,,,,,0.3365554432086283,,0.0,,,,
2023-07-20,,,,,0.0,,,,,0.0,,,,,0.0,,,,,,,0.0,,,,,,0.6226275699359625,,0.0,,,,
2023-07-21,,,,,0.0,,,,,0.0,,,,,0.0,,,,,,,0.0,,,,,,0.0,,0.0,,,,
2023-07-22,,,,,0.0,,,,,0.0,,,,,0.0,,,,,,,0.0,,,,,,0.260830468486687,,0.0,,,,
2023-07-23,,,,,0.0,,,,,0.0,,,,,0.0,,,,,,,0.0,,,,,,0.47959150657229527,,0.0,,,,
2023-07-24,,,,,0.0,,,,,0.0,,,,,0.0,,,,,,,0.0,,,,,,0.3533832153690597,,0.0,,,,
2023-07-25,,,,,0.0,,,,,0.0,,,,,0.0,,,,,,,0.0,,,,,,0.4206943040107854,,0.0,,,,
2023-07-26,,,,,0.0,,,,,0.0,,,,,0.0,,,,,,,0.0,,,,,,0.5637303673744525,,0.0,,,,
2023-07-27,,,,,0.0,,,,,0.0,,,,,0.0,,,,,,,0.0,,,,,,0.4459359622514325,,0.0,,,,
2023-07-28,,,,,0.0,,,,,0.0,,,,,0.0,,,,,,,0.0,,,,,,0.4291081900910011,,0.0,,,,
2023-07-29,,,,,0.0,,,,,0.0,,,,,0.0,,,,,,,0.6680952380952381,,,,,,0.4038665318503539,,0.0,,,,
2023-07-30,,,,,0.0,,,,,0.0,,,,,0.0,,,,,,,0.0,,,,,,0.5048331648129424,,0.0,,,,
2023-07-31,,,,,0.0,,,,,0.0,,,,,0.0,,,,,,,0.0,,,,,,0.5721442534546681,,0.0,,,,
2023-08-01,,,,,0.0,,,,,0.0,,,,,0.5551530612244899,,,,,,,0.0,,,,,,0.7993191776204921,,0.0,,,,
2023-08-02,,,,,0.0,,,,,0.0,,,,,0.0,,,,,,,0.0,,,,,,0.49641927873272673,,0.0,,,,
2023-08-03,,,,,0.0,,,,,0.0,,,,,0.0,,,,,,,0.0,,,,,,0.47959150657229527,,0.0,,,,
2023-08-04,,,,,0.0,,,,,0.0,,,,,0.0,,,,,,,0.0,,,,,,0.28607212672733406,,0.0,,,,
2023-08-05,,,,,0.0,,,,,0.0,,,,,0.0,,,,,,,0.0,,,,,,0.3365554432086283,,0.0,,,,
2023-08-06,,,,,0.0,,,,,0.0,,,,,0.0,,,,,,,0.0,,,,,,0.3028998988877654,,0.0,,,,
2023-08-07,,,,,0.0,,,,,0.0,,,,,0.0,,,,,,,0.0,,,,,,0.47959150657229527,,0.0,,,,
2023-08-08,,,,,0.0,,,,,0.0,,,,,0.0,,,,,,,0.0,,,,,,0.3702109875294912,,0.0,,,,
2023-08-09,,,,,0.0,,,,,0.0,,,,,0.0,,,,,,,0.0,,,,,,0.5553164812942366,,0.0,,,,
2023-08-10,,,,,0.0,,,,,0.0,,,,,0.0,,,,,,,0.0,,,,,,0.5132470508931581,,0.0,,,,
2023-08-11,,,,,0.0,,,,,0.0,,,,,0.0,,,,,,,0.0,,,,,,0.3533832153690597,,0.0,,,,
2023-08-12,,,,,0.0,,,,,0.0,,,,,0.0,,,,,,,0.0,,,,,,0.32814155712841264,,0.0,,,,
2023-08-13,,,,,0.0,,,,,0.0,,,,,0.5969387755102041,,,,,,,0.0,,,,,,0.3702109875294912,,0.0,,,,
2023-08-14,,,,,0.0,,,,,0.0,,,,,0.0,,,,,,,0.0,,,,,,0.5300748230535897,,0.0,,,,
2023-08-15,,,,,0.0,,,,,0.0,,,,,0.0,,,,,,,0.0,,,,,,0.47959150657229527,,0.0,,,,
2023-08-16,,,,,0.0,,,,,0.0,,,,,0.0,,,,,,,0.0,,,,,,0.3533832153690597,,0.0,,,,
2023-08-17,,,,,0.0,,,,,0.0,,,,,0.0,,,,,,,0.0,,,,,,0.4459359622514325,,0.0,,,,
2023-08-18,,,,,0.0,,,,,0.0,,,,,0.0,,,,,,,0.0,,,,,,0.7235942028985508,,0.0,,,,
2023-08-19,,,,,0.0,,,,,0.0,,,,,0.0,,,,,,,0.0,,,,,,0.34496932928884405,,0.0,,,,
2023-08-20,,,,,0.0,,,,,0.0,,,,,0.0,,,,,,,0.0,,,,,,0.4038665318503539,,0.0,,,,
2023-08-21,,,,,0.0,,,,,0.0,,,,,0.0,,,,,,,0.0,,,,,,0.605799797775531,,0.0,,,,
2023-08-22,,,,,0.0,,,,,0.0,,,,,0.0,,,,,,,0.0,,,,,,0.488005392652511,,0.0,,,,
2023-08-23,,,,,0.0,,,,,0.0,,,,,0.0,,,,,,,0.0,,,,,,0.5048331648129424,,0.0,,,,
2023-08-24,,,,,0.0,,,,,0.0,,,,,0.0,,,,,,,0.0,,,,,,0.5889720256150995,,0.0,,,,
2023-08-25,,,,,0.0,,,,,0.0,,,,,0.0,,,,,,,0.0,,,,,,0.4206943040107854,,0.0,,,,
2023-08-26,,,,,0.0,,,,,0.0,,,,,0.0,,,,,,,0.0,,,,,,0.0,,0.0,,,,
2023-08-27,,,,,0.0,,,,,0.0,,,,,0.0,,,,,,,0.0,,,,,,0.4206943040107854,,0.0,,,,
2023-08-28,,,,,0.0,,,,,0.0,,,,,0.0,,,,,,,0.0,,,,,,0.6478692281766094,,0.0,,,,
2023-08-29,,,,,0.0,,,,,0.0,,,,,0.0,,,,,,,0.0,,,,,,0.5553164812942366,,0.0,,,,
2023-08-30,,,,,0.0,,,,,0.0,,,,,0.0,,,,,,,0.0,,,,,,0.4038665318503539,,0.0,,,,
2023-08-31,,,,,0.0,,,,,0.0,,,,,0.0,,,,,,,0.0,,,,,,0.5889720256150995,,0.0,,,,
2023-09-01,,,,,0.0,,,,,0.0,,,,,0.0,,,,,,,0.0,,,,,,0.47959150657229527,,0.0,,,,
2023-09-02,,,,,0.0,,,,,0.0,,,,,0.0,,,,,,,0.0,,,,,,0.3533832153690597,,0.0,,,,
2023-09-03,,,,,0.0,,,,,0.0,,,,,0.0,,,,,,,0.0,,,,,,0.0,,0.0,,,,
2023-09-04,,,,,0.0,,,,,0.0,,,,,0.0,,,,,,,0.0,,,,,,0.5805581395348839,,0.0,,,,
2023-09-05,,,,,0.0,,,,,0.0,,,,,0.0,,,,,,,0.0,,,,,,0.3365554432086283,,0.0,,,,
2023-09-06,,,,,0.0,,,,,0.0,,,,,0.0,,,,,,,0.0,,,,,,0.6815247724974723,,0.0,,,,
2023-09-07,,,,,0.0,,,,,0.0,,,,,0.0,,,,,,,0.0,,,,,,0.49641927873272673,,0.0,,,,
2023-09-08,,,,,0.0,,,,,0.0,,,,,0.0,,,,,,,0.0,,,,,,0.4122804179305696,,0.0,,,,
2023-09-09,,,,,0.0,,,,,0.0,,,,,0.0,,,,,,,0.0,,,,,,0.0,,0.0,,,,
2023-09-10,,,,,0.0,,,,,0.0,,,,,0.0,,,,,,,0.0,,,,,,0.4122804179305696,,0.0,,,,
2023-09-11,,,,,0.0,,,,,0.0,,,,,0.0,,,,,,,0.0,,,,,,0.39545264577013833,,0.0,,,,
2023-09-12,,,,,0.0,,,,,0.0,,,,,0.0,,,,,,,0.0,,,,,,0.5384887091338052,,0.0,,,,
2023-09-13,,,,,0.0,,,,,0.0,,,,,0.0,,,,,,,0.0,,,,,,0.5637303673744525,,0.0,,,,
2023-09-14,,,,,0.0,,,,,0.0,,,,,0.0,,,,,,,0.0,,,,,,0.5469025952140211,,0.0,,,,
2023-09-15,,,,,0.0,,,,,0.0,,,,,0.0,,,,,,,0.0,,,,,,0.3702109875294912,,0.0,,,,
2023-09-16,,,,,0.0,,,,,0.0,,,,,0.0,,,,,,,0.0,,,,,,0.5048331648129424,,0.0,,,,
2023-09-17,,,,,0.0,,,,,0.0,,,,,0.0,,,,,,,0.0,,,,,,0.2776582406471183,,0.0,,,,
2023-09-18,,,,,0.0,,,,,0.0,,,,,0.0,,,,,,,0.0,,,,,,0.5721442534546681,,0.0,,,,
2023-09-19,,,,,0.0,,,,,0.0,,,,,0.0,,,,,,,0.0,,,,,,0.4122804179305696,,0.0,,,,
2023-09-20,,,,,0.0,,,,,0.0,,,,,0.0,,,,,,,0.0,,,,,,0.3617971014492754,,0.0,,,,
2023-09-21,,,,,0.4448575469791877,,,,,0.0,,,,,0.0,,,,,,,0.0,,,,,,0.47959150657229527,,0.0,,,,
2023-09-22,,,,,0.0,,,,,0.0,,,,,0.0,,,,,,,0.0,,,,,,0.521660936973374,,0.0,,,,
2023-09-23,,,,,0.0,,,,,0.0,,,,,0.0,,,,,,,0.0,,,,,,0.3365554432086283,,0.0,,,,
2023-09-24,,,,,0.0,,,,,0.0,,,,,0.0,,,,,,,0.0,,,,,,0.3365554432086283,,0.0,,,,
2023-09-25,,,,,0.0,,,,,0.0,,,,,0.0,,,,,,,0.0,,,,,,0.5300748230535897,,0.0,,,,
2023-09-26,,,,,0.0,,,,,0.0,,,,,0.0,,,,,,,0.0,,,,,,0.4038665318503539,,0.0,,,,
2023-09-27,,,,,0.0,,,,,0.0,,,,,0.0,,,,,,,0.0,,,,,,0.4459359622514325,,0.0,,,,
2023-09-28,,,,,0.0,,,,,0.0,,,,,0.0,,,,,,,0.0,,,,,,0.28607212672733406,,0.0,,,,
2023-09-29,,,,,0.0,,,,,0.0,,,,,0.0,,,,,,,0.0,,,,,,0.39545264577013833,,0.0,,,,
2023-09-30,,,,,0.0,,,,,0.0,,,,,0.0,,,,,,,0.0,,,,,,0.28607212672733406,,0.0,,,,
2023-10-01,,,,,0.0,,,,,0.0,,,,,0.0,,,,,,,0.0,,,,,,0.3702109875294912,,0.0,,,,
2023-10-02,,,,,0.0,,,,,0.0,,,,,0.0,,,,,,,0.0,,,,,,0.5300748230535897,,0.0,,,,
2023-10-03,,,,,0.0,,,,,0.0,,,,,0.0,,,,,,,0.0,,,,,,0.5637303673744525,,0.0,,,,
2023-10-04,,,,,0.0,,,,,0.0,,,,,0.0,,,,,,,0.0,,,,,,0.4459359622514325,,0.0,,,,
2023-10-05,,,,,0.0,,,,,0.0,,,,,0.0,,,,,,,0.0,,,,,,0.4459359622514325,,0.0,,,,
2023-10-06,,,,,0.0,,,,,0.0,,,,,0.0,,,,,,,0.0,,,,,,0.3533832153690597,,0.0,,,,
2023-10-07,,,,,0.0,,,,,0.0,,,,,0.0,,,,,,,0.0,,,,,,0.31972767104819694,,0.0,,,,
2023-10-08,,,,,0.0,,,,,0.0,,,,,0.0,,,,,,,0.0,,,,,,0.488005392652511,,0.0,,,,
2023-10-09,,,,,0.0,,,,,0.0,,,,,0.0,,,,,,,0.0,,,,,,0.39545264577013833,,0.0,,,,
2023-10-10,,,,,0.0,,,,,0.0,,,,,0.0,,,,,,,0.0,,,,,,0.3617971014492754,,0.0,,,,
2023-10-11,,,,,0.0,,,,,0.0,,,,,0.0,,,,,,,0.0,,,,,,0.5973859116953152,,0.0,,,,
2023-10-12,,,,,0.0,,,,,0.0,,,,,0.0,,,,,,,0.0,,,,,,0.3786248736097068,,0.0,,,,
2023-10-13,,,,,0.0,,,,,0.0,,,,,0.0,,,,,,,0.0,,,,,,0.4122804179305696,,0.0,,,,
2023-10-14,,,,,0.0,,,,,0.0,,,,,0.0,,,,,,,0.0,,,,,,0.34496932928884405,,0.0,,,,
2023-10-15,,,,,0.0,,,,,0.0,,,,,0.0,,,,,,,0.0,,,,,,0.4459359622514325,,0.0,,,,
2023-10-16,,,,,0.0,,,,,0.0,,,,,0.0,,,,,,,0.0,,,,,,0.6142136838557466,,0.0,,,,
2023-10-17,,,,,0.0,,,,,0.0,,,,,0.0,,,,,,,0.0,,,,,,0.488005392652511,,0.0,,,,
2023-10-18,,,,,0.0,,,,,0.0,,,,,0.0,,,,,,,0.0,,,,,,0.4122804179305696,,0.0,,,,
2023-10-19,,,,,0.0,,,,,0.0,,,,,0.0,,,,,,,0.0,,,,,,0.39545264577013833,,0.0,,,,
2023-10-20,,,,,0.0,,,,,0.0,,,,,0.0,,,,,,,0.0,,,,,,0.521660936973374,,0.0,,,,
2023-10-21,,,,,0.0,,,,,0.0,,,,,0.0,,,,,,,0.0,,,,,,0.2776582406471183,,0.0,,,,
2023-10-22,,,,,0.0,,,,,0.0,,,,,0.0,,,,,,,0.0,,,,,,0.2776582406471183,,0.0,,,,
2023-10-23,,,,,0.0,,,,,0.0,,,,,0.0,,,,,,,0.0,,,,,,0.5721442534546681,,0.0,,,,
2023-10-24,,,,,0.0,,,,,0.0,,,,,0.0,,,,,,,0.0,,,,,,0.5384887091338052,,0.0,,,,
2023-10-25,,,,,0.0,,,,,0.0,,,,,0.0,,,,,,,0.0,,,,,,0.4291081900910011,,0.0,,,,
2023-10-26,,,,,0.0,,,,,0.0,,,,,0.0,,,,,,,0.0,,,,,,0.521660936973374,,0.0,,,,
2023-10-27,,,,,0.0,,,,,0.0,,,,,0.0,,,,,,,0.0,,,,,,0.5132470508931581,,0.0,,,,
2023-10-28,,,,,0.0,,,,,0.0,,,,,0.0,,,,,,,0.0,,,,,,0.4122804179305696,,0.0,,,,
2023-10-29,,,,,0.0,,,,,0.0,,,,,0.0,,,,,,,0.0,,,,,,0.631041456016178,,0.0,,,,
2023-10-30,,,,,0.0,,,,,0.0,,,,,0.0,,,,,,,0.0,,,,,,0.3702109875294912,,0.0,,,,
2023-10-31,,,,,0.0,,,,,0.0,,,,,0.0,,,,,,,0.0,,,,,,0.6983525446579038,,0.0,,,,
2023-11-01,,,,,0.0,,,,,0.0,,,,,0.0,,,,,,,0.0,,,,,,0.6731108864172566,,0.0,,,,
2023-11-02,,,,,0.0,,,,,0.0,,,,,0.0,,,,,,,0.0,,,,,,0.5300748230535897,,0.0,,,,
2023-11-03,,,,,0.0,,,,,0.0,,,,,0.0,,,,,,,0.0,,,,,,0.6899386585776881,,0.0,,,,
2023-11-04,,,,,0.0,,,,,0.0,,,,,0.0,,,,,,,0.0,,,,,,0.34496932928884405,,0.0,,,,
2023-11-05,,,,,0.0,,,,,0.0,,,,,0.0,,,,,,,0.0,,,,,,0.5048331648129424,,0.0,,,,
2023-11-06,,,,,0.0,,,,,0.0,,,,,0.0,,,,,,,0.0,,,,,,0.7235942028985508,,0.0,,,,
2023-11-07,,,,,0.0,,,,,0.0,,,,,0.0,,,,,,,0.0,,,,,,0.4291081900910011,,0.0,,,,
2023-11-08,,,,,0.0,,,,,0.0,,,,,0.0,,,,,,,0.0,,,,,,0.7235942028985508,,0.0,,,,
2023-11-09,,,,,0.0,,,,,0.0,,,,,0.0,,,,,,,0.0,,,,,,0.3028998988877654,,0.0,,,,
2023-11-10,,,,,0.0,,,,,0.0,,,,,0.0,,,,,,,0.0,,,,,,0.7488358611391979,,0.0,,,,
2023-11-11,,,,,0.0,,,,,0.0,,,,,0.0,,,,,,,0.0,,,,,,0.5384887091338052,,0.0,,,,
2023-11-12,,,,,0.0,,,,,0.0,,,,,0.0,,,,,,,0.0,,,,,,0.7404219750589824,,0.0,,,,
2023-11-13,,,,,0.0,,,,,0.0,,,,,0.0,,,,,,,0.0,,,,,,0.462763734411864,,0.0,,,,
2023-11-14,,,,,0.0,,,,,0.0,,,,,0.0,,,,,,,0.0,,,,,,0.5300748230535897,,0.0,,,,
2023-11-15,,,,,0.0,,,,,0.0,,,,,0.0,,,,,,,0.0,,,,,,0.5805581395348839,,0.7098810810810811,,,,
2023-11-16,,,,,0.0,,,,,0.0,,,,,0.0,,,,,,,0.0,,,,,,0.3786248736097068,,0.0,,,,
2023-11-17,,,,,0.0,,,,,0.0,,,,,0.0,,,,,,,0.0,,,,,,0.39545264577013833,,0.0,,,,
2023-11-18,,,,,0.0,,,,,0.0,,,,,0.0,,,,,,,0.0,,,,,,0.6731108864172566,,0.0,,,,
2023-11-19,,,,,0.0,,,,,0.0,,,,,0.0,,,,,,,0.0,,,,,,0.3870387596899225,,0.0,,,,
2023-11-20,,,,,0.0,,,,,0.0,,,,,0.0,,,,,,,0.0,,,,,,0.7824914054600606,,0.5963001081081082,,,,
2023-11-21,,,,,0.0,,,,,0.0,,,,,0.0,,,,,,,0.0,,,,,,0.5384887091338052,,0.0,,,,
2023-11-22,,,,,0.0,,,,,0.0,,,,,0.0,,,,,,,0.0,,,,,,0.8413886080215708,,0.0,,,,
2023-11-23,,,,,0.0,,,,,0.0,,,,,0.0,,,,,,,0.6012857142857143,,,,,,0.5384887091338052,,0.0,,,,
2023-11-24,,,,,0.0,,,,,0.0,,,,,0.0,,,,,,,0.0,,,,,,0.4038665318503539,,0.0,,,,
2023-11-25,,,,,0.0,,,,,0.0,,,,,0.0,,,,,,,0.0,,,,,,0.260830468486687,,0.0,,,,
2023-11-26,,,,,0.0,,,,,0.0,,,,,0.0,,,,,,,0.0,,,,,,0.3617971014492754,,0.0,,,,
2023-11-27,,,,,0.0,,,,,0.0,,,,,0.0,,,,,,,0.0,,,,,,0.5637303673744525,,0.0,,,,
2023-11-28,,,,,0.0,,,,,0.0,,,,,0.0,,,,,,,0.0,,,,,,0.4038665318503539,,0.0,,,,
2023-11-29,,,,,0.0,,,,,0.0,,,,,0.0,,,,,,,0.5678809523809524,,,,,,0.488005392652511,,0.0,,,,
2023-11-30,,,,,0.0,,,,,1.0,,,,,0.0,,,,,,,0.0,,,,,,0.521660936973374,,0.0,,,,
2023-12-01,,,,,0.0,,,,,0.0,,,,,0.0,,,,,,,0.0,,,,,,0.774077519379845,,0.4827191351351352,,,,
2023-12-02,,,,,0.0,,,,,0.0,,,,,0.0,,,,,,,0.0,,,,,,0.4206943040107854,,0.0,,,,
2023-12-03,,,,,0.0,,,,,0.0,,,,,0.0,,,,,,,0.0,,,,,,0.4206943040107854,,0.0,,,,
2023-12-04,,,,,0.0,,,,,0.0,,,,,0.0,,,,,,,0.0,,,,,,0.5300748230535897,,0.0,,,,
2023-12-05,,,,,0.0,,,,,0.0,,,,,0.0,,,,,,,0.0,,,,,,0.5048331648129424,,0.0,,,,
2023-12-06,,,,,0.0,,,,,0.0,,,,,0.0,,,,,,,0.0,,,,,,0.5553164812942366,,0.0,,,,
2023-12-07,,,,,0.0,,,,,0.0,,,,,0.0,,,,,,,0.0,,,,,,0.605799797775531,,0.0,,,,
2023-12-08,,,,,0.0,,,,,0.0,,,,,0.0,,,,,,,0.0,,,,,,0.47959150657229527,,0.0,,,,
2023-12-09,,,,,0.0,,,,,0.0,,,,,0.0,,,,,,,0.0,,,,,,0.605799797775531,,0.0,,,,
2023-12-10,,,,,0.0,,,,,0.0,,,,,0.0,,,,,,,0.0,,,,,,0.5469025952140211,,0.0,,,,
2023-12-11,,,,,0.0,,,,,0.0,,,,,0.0,,,,,,,0.0,,,,,,0.605799797775531,,0.0,,,,
2023-12-12,,,,,0.0,,,,,0.0,,,,,0.0,,,,,,,0.0,,,,,,0.47959150657229527,,0.0,,,,
2023-12-13,,,,,0.0,,,,,0.0,,,,,0.0,,,,,,,0.0,,,,,,0.5805581395348839,,0.0,,,,
2023-12-14,,,,,0.0,,,,,0.0,,,,,0.0,,,,,,,0.0,,,,,,0.6142136838557466,,0.0,,,,
2023-12-15,,,,,0.0,,,,,0.0,,,,,0.0,,,,,,,0.0,,,,,,0.6815247724974723,,0.0,,,,
2023-12-16,,,,,0.0,,,,,0.0,,,,,0.0,,,,,,,0.0,,,,,,0.7572497472194136,,0.0,,,,
2023-12-17,,,,,0.0,,,,,0.0,,,,,0.0,,,,,,,0.0,,,,,,0.462763734411864,,0.0,,,,
2023-12-18,,,,,0.0,,,,,0.0,,,,,0.0,,,,,,,0.0,,,,,,0.6478692281766094,,0.0,,,,
2023-12-19,,,,,0.0,,,,,0.0,,,,,0.0,,,,,,,0.0,,,,,,0.2440026963262555,,0.0,,,,
2023-12-20,,,,,0.0,,,,,0.0,,,,,0.0,,,,,,,0.0,,,,,,0.0,,0.0,,,,
2023-12-21,,,,,0.0,,,,,0.0,,,,,0.0,,,,,,,0.0,,,,,,0.5889720256150995,,0.0,,,,
2023-12-22,,,,,0.0,,,,,0.0,,,,,0.0,,,,,,,0.0,,,,,,0.49641927873272673,,0.0,,,,
2023-12-23,,,,,0.0,,,,,0.0,,,,,0.0,,,,,,,0.0,,,,,,0.2944860128075497,,0.0,,,,
2023-12-24,,,,,0.0,,,,,0.0,,,,,0.0,,,,,,,0.0,,,,,,0.4459359622514325,,0.0,,,,
2023-12-25,,,,,0.0,,,,,0.0,,,,,0.0,,,,,,,0.0,,,,,,0.2776582406471183,,0.0,,,,
2023-12-26,,,,,0.0,,,,,0.0,,,,,0.0,,,,,,,0.0,,,,,,0.5132470508931581,,0.0,,,,
2023-12-27,,,,,0.0,,,,,0.0,,,,,0.0,,,,,,,0.0,,,,,,0.0,,0.0,,,,
2023-12-28,,,,,0.0,,,,,0.0,,,,,0.0,,,,,,,0.0,,,,,,0.5384887091338052,,0.0,,,,
2023-12-29,,,,,0.0,,,,,0.0,,,,,0.0,,,,,,,0.0,,,,,,0.4711776204920797,,0.0,,,,
2023-12-30,,,,,0.0,,,,,0.0,,,,,0.0,,,,,,,0.0,,,,,,0.0,,0.0,,,,
2023-12-31,,,,,0.0,,,,,0.0,,,,,0.0,,,,,,,0.0,,,,,,0.4038665318503539,,0.0,,,,
2024-01-01,,,,,0.0,,,,,0.0,,,,,0.0,,,,,,,0.0,,,,,,0.3365554432086283,,0.0,,,,
2024-01-02,,,,,0.0,,,,,0.0,,,,,0.0,,,,,,,0.0,,,,,,0.0,,0.0,,,,
2024-01-03,,,,,0.0,,,,,,,,,,,,,,,,,0.0,0.0,,,,,0.464976803383011,,0.0,,,0.0,
2024-01-04,,,,,0.0,,,,,,,,,,,,,,,,,0.0,0.0,,,,,0.2833452395615224,,0.0,,,0.0,
2024-01-05,,,,,0.0,,,,,,,,,,,,,,,,,0.0,0.0,,,,,0.464976803383011,,0.0,,,0.0,
2024-01-06,,,,,0.0,,,,,,,,,,,,,,,,,0.0,0.0,,,,,0.3632631276429774,,0.0,,,0.0,
2024-01-07,,,,,0.0,,,,,,,,,,,,,,,,,0.0,0.0,,,,,0.38505891530155606,,0.0,,,0.0,
2024-01-08,,,,,0.0,,,,,,,,,,,,,,,,,0.0,0.0,,,,,0.4795073284887302,,0.0,,,0.0,
2024-01-09,,,,,0.0,,,,,,,,,,,,,,,,,0.0,0.0,,,,,0.3632631276429774,,0.0,,,0.244375,
2024-01-10,,,,,0.0,,,,,,,,,,,,,,,,,0.0,0.0,,,,,0.6175473169930615,,0.0,,,0.0,
2024-01-11,,,,,0.0,,,,,,,,,,,,,,,,,0.0,0.0,,,,,0.6030167918873425,,0.0,,,0.0,
2024-01-12,,,,,0.0,,,,,,,,,,,,,,,,,0.0,0.0,,,,,0.5376294289116065,,0.0,,,0.0,
2024-01-13,,,,,0.0,,,,,,,,,,,,,,,,,0.0,0.0,,,,,0.34146733998439877,,0.0,,,0.244375,
2024-01-14,,,,,0.0,,,,,,,,,,,,,,,,,0.0,0.0,,,,,0.42138522806585377,,0.0,,,0.0,
2024-01-15,,,,,0.0,,,,,,,,,,,,,,,,,0.0,0.0,,,,,0.4867725910415897,,0.0,,,0.0,
2024-01-16,,,,,0.0,,,,,,,,,,,,,,,,,0.0,0.0,,,,,0.4795073284887302,,0.0,,,0.0,
2024-01-17,,,,,0.0,,,,,,,,,,,,,,,,,0.0,0.0,,,,,0.41411996551299424,,0.0,,,0.0,
2024-01-18,,,,,0.0,,,,,,,,,,,,,,,,,0.0,0.0,,,,,0.5666904791230448,,0.0,,,0.0,
2024-01-19,,,,,0.0,,,,,,,,,,,,,,,,,0.0,0.0,,,,,0.5376294289116065,,0.4876825313117996,,,0.0,
2024-01-20,,,,,0.0,,,,,,,,,,,,,,,,,0.0,0.0,,,,,0.3487326025372583,,0.0,,,0.0,
2024-01-21,,,,,0.0,,,,,,,,,,,,,,,,,0.0,0.0,,,,,0.3632631276429774,,0.0,,,0.0,
2024-01-22,,,,,0.0,,,,,,,,,,,,,,,,,0.0,0.0,,,,,0.42138522806585377,,0.0,,,0.0,
2024-01-23,,,,,0.0,,,,,,,,,,,,,,,,,0.0,0.0,,,,,0.37052839019583694,,0.0,,,0.0,
2024-01-24,,,,,0.0,,,,,,,,,,,,,,,,,0.0,0.0,,,,,0.6393431046516402,,0.0,,,0.0,
2024-01-25,,,,,0.0,,,,,,,,,,,,,,,,,0.0,0.0,,,,,0.6684041548630784,,0.0,,,0.0,
2024-01-26,,,,,0.0,,,,,,,,,,,,,,,,,0.0,0.0,,,,,0.4286504906187133,,0.0,,,0.0,
2024-01-27,,,,,0.0,,,,,,,,,,,,,,,,,0.0,0.0,,,,,0.42138522806585377,,0.0,,,0.0,
2024-01-28,,,,,0.0,,,,,,,,,,,,,,,,,0.0,0.0,,,,,0.5884862667816235,,0.0,,,0.0,
2024-01-29,,,,,0.0,,,,,,,,,,,,,,,,,0.0,0.0,,,,,0.30514102722010095,,0.0,,,0.0,
2024-01-30,,,,,0.0,,,,,,,,,,,,,,,,,0.0,0.0,,,,,0.610282054440202,,0.0,,,0.0,
2024-01-31,,,,,0.0,,,,,,,,,,,,,,,,,0.0,0.0,,,,,0.39232417785441565,,0.0,,,0.0,
2024-02-01,,,,,0.0,,,,,,,,,,,,,,,,,0.0,0.0,,,,,0.39232417785441565,,0.0,,,0.0,
2024-02-02,,,,,0.0,,,,,,,,,,,,,,,,,0.0,0.0,,,,,0.41411996551299424,,0.0,,,0.0,
2024-02-03,,,,,0.0,,,,,,,,,,,,,,,,,0.0,0.0,,,,,0.0,,0.0,,,0.0,
2024-02-04,,,,,0.0,,,,,,,,,,,,,,,,,0.0,0.0,,,,,0.6611388923102188,,0.0,,,0.0,
2024-02-05,,,,,0.0,,,,,,,,,,,,,,,,,0.0,0.0,,,,,0.4286504906187133,,0.0,,,0.0,
2024-02-06,,,,,0.0,,,,,,,,,,,,,,,,,0.0,0.0,,,,,0.38505891530155606,,0.0,,,0.0,
2024-02-07,,,,,0.0,,,,,,,,,,,,,,,,,0.0,0.0,,,,,0.5158336412530279,,0.0,,,0.0,
2024-02-08,,,,,0.0,,,,,,,,,,,,,,,,,0.0,0.0,,,,,0.0,,0.0,,,0.0,
2024-02-09,,,,,0.0,,,,,,,,,,,,,,,,,0.0,0.0,,,,,0.0,,0.0,,,0.0,
2024-02-10,,,,,0.0,,,,,,,,,,,,,,,,,0.0,0.0,,,,,0.0,,0.0,,,0.0,
2024-02-11,,,,,0.0,,,,,,,,,,,,,,,,,0.0,0.0,,,,,0.3777936527486965,,0.0,,,0.0,
2024-02-12,,,,,0.0,,,,,,,,,,,,,,,,,0.0,0.0,,,,,0.5594252165701853,,0.0,,,0.0,
2024-02-13,,,,,0.0,,,,,,,,,,,,,,,,,0.0,0.0,,,,,0.31967155232582006,,0.0,,,0.0,
2024-02-14,,,,,0.0,,,,,,,,,,,,,,,,,0.0,0.0,,,,,0.0,,0.0,,,0.0,
2024-02-15,,,,,0.0,,,,,,,,,,,,,,,,,0.0,0.0,,,,,0.5521599540173256,,0.0,,,0.0,
2024-02-16,,,,,0.0,,,,,,,,,,,,,,,,,0.0,0.0,,,,,0.4577115408301515,,0.0,,,0.0,
2024-02-17,,,,,0.0,,,,,,,,,,,,,,,,,0.0,0.0,,,,,0.39232417785441565,,0.0,,,0.0,
2024-02-18,,,,,0.0,,,,,,,,,,,,,,,,,0.0,0.0,,,,,0.31967155232582006,,0.0,,,0.0,
2024-02-19,,,,,0.0,,,,,,,,,,,,,,,,,0.0,0.0,,,,,0.3777936527486965,,0.0,,,0.0,
2024-02-20,,,,,0.0,,,,,,,,,,,,,,,,,0.0,0.0,,,,,0.6175473169930615,,0.0,,,0.0,
2024-02-21,,,,,0.0,,,,,,,,,,,,,,,,,0.0,0.0,,,,,0.6538736297573593,,0.0,,,0.0,
2024-02-22,,,,,0.0,,,,,,,,,,,,,,,,,0.0,0.0,,,,,0.49403785359444924,,0.0,,,0.0,
2024-02-23,,,,,0.0,,,,,,,,,,,,,,,,,0.0,0.0,,,,,0.42138522806585377,,0.0,,,0.0,
2024-02-24,,,,,0.0,,,,,,,,,,,,,,,,,0.0,0.0,,,,,0.42138522806585377,,0.0,,,0.0,
2024-02-25,,,,,0.0,,,,,,,,,,,,,,,,,0.0,0.0,,,,,0.5594252165701853,,0.0,,,0.0,
2024-02-26,,,,,0.0,,,,,,,,,,,,,,,,,0.0,0.0,,,,,0.5739557416759044,,0.0,,,0.0,
2024-02-27,,,,,0.0,,,,,,,,,,,,,,,,,0.0,0.0,,,,,0.3487326025372583,,0.0,,,0.0,
2024-02-28,,,,,0.0,,,,,,,,,,,,,,,,,0.0,0.0,,,,,0.6320778420987807,,0.0,,,0.0,
2024-02-29,,,,,0.0,,,,,,,,,,,,,,,,,0.0,0.0,,,,,0.49403785359444924,,0.0,,,0.0,
2024-03-01,,,,,0.0,,,,,,,,,,,,,,,,,0.0,0.0,,,,,0.464976803383011,,0.0,,,0.0,
2024-03-02,,,,,0.0,,,,,,,,,,,,,,,,,0.0,0.0,,,,,0.37052839019583694,,0.0,,,0.0,
2024-03-03,,,,,0.0,,,,,,,,,,,,,,,,,0.0,0.0,,,,,0.3342020774315392,,0.0,,,0.0,
2024-03-04,,,,,0.0,,,,,,,,,,,,,,,,,0.0,0.0,,,,,0.5230989038058874,,0.0,,,0.0,
2024-03-05,,,,,0.0,,,,,,,,,,,,,,,,,0.0,0.0,,,,,0.4577115408301515,,0.0,,,0.0,
2024-03-06,,,,,0.0,,,,,,,,,,,,,,,,,0.0,0.0,,,,,0.6684041548630784,,0.0,,,0.0,
2024-03-07,,,,,0.6255809254394827,,,,,,,,,,,,,,,,,0.6023809523809522,0.0,,,,,0.3559978650901179,,0.0,,,0.0,
2024-03-08,,,,,0.0,,,,,,,,,,,,,,,,,0.0,0.0,,,,,0.42138522806585377,,0.0,,,0.0,
2024-03-09,,,,,0.0,,,,,,,,,,,,,,,,,0.0,0.0,,,,,0.32693681487867965,,0.0,,,0.0,
2024-03-10,,,,,0.0,,,,,,,,,,,,,,,,,0.0,0.0,,,,,0.0,,0.0,,,0.0,
2024-03-11,,,,,0.0,,,,,,,,,,,,,,,,,0.0,0.0,,,,,0.0,,0.0,,,0.0,
2024-03-12,,,,,0.0,,,,,,,,,,,,,,,,,0.0,0.0,,,,,0.3632631276429774,,0.0,,,0.0,
2024-03-13,,,,,0.0,,,,,,,,,,,,,,,,,0.0,0.0,,,,,0.37052839019583694,,0.0,,,0.0,
2024-03-14,,,,,0.0,,,,,,,,,,,,,,,,,0.0,0.0,,,,,0.4359157531715728,,0.0,,,0.0,
2024-03-15,,,,,0.0,,,,,,,,,,,,,,,,,0.0,0.0,,,,,0.5085683787001685,,0.0,,,0.0,
2024-03-16,,,,,0.0,,,,,,,,,,,,,,,,,0.0,0.0,,,,,0.32693681487867965,,0.0,,,0.0,
2024-03-17,,,,,0.0,,,,,,,,,,,,,,,,,0.0,0.0,,,,,0.7265262552859548,,0.0,,,0.0,
2024-03-18,,,,,0.0,,,,,,,,,,,,,,,,,0.0,0.0,,,,,0.6320778420987807,,0.5126918918918919,,,0.0,
2024-03-19,,,,,0.0,,,,,,,,,,,,,,,,,0.0,0.0,,,,,0.5158336412530279,,0.0,,,0.0,
2024-03-20,,,,,0.0,,,,,,,,,,,,,,,,,0.0,0.0,,,,,0.5085683787001685,,0.0,,,0.0,
2024-03-21,,,,,0.0,,,,,,,,,,,,,,,,,0.0,0.0,,,,,0.4722420659358707,,0.0,,,0.0,
2024-03-22,,,,,0.0,,,,,,,,,,,,,,,,,0.0,0.0,,,,,0.450446278277292,,0.0,,,0.0,
2024-03-23,,,,,0.0,,,,,,,,,,,,,,,,,0.0,0.0,,,,,0.4577115408301515,,0.0,,,0.0,
2024-03-24,,,,,0.0,,,,,,,,,,,,,,,,,0.0,0.0,,,,,0.49403785359444924,,0.0,,,0.0,
2024-03-25,,,,,0.0,,,,,,,,,,,,,,,,,0.0,0.0,,,,,0.4577115408301515,,0.0,,,0.0,
2024-03-26,,,,,0.0,,,,,,,,,,,,,,,,,0.0,0.0,,,,,0.39232417785441565,,0.0,,,0.0,
2024-03-27,,,,,0.0,,,,,,,,,,,,,,,,,0.0,0.0,,,,,0.44318101572443247,,0.0,,,0.0,
2024-03-28,,,,,0.0,,,,,,,,,,,,,,,,,0.0,0.0,,,,,0.44318101572443247,,0.0,,,0.0,
2024-03-29,,,,,0.0,,,,,,,,,,,,,,,,,0.0,0.0,,,,,0.0,,0.0,,,0.0,
2024-03-30,,,,,0.0,,,,,,,,,,,,,,,,,0.0,0.0,,,,,0.3487326025372583,,0.0,,,0.0,
2024-03-31,,,,,0.0,,,,,,,,,,,,,,,,,0.0,0.0,,,,,0.3777936527486965,,0.0,,,0.0,
2024-04-01,,,,,0.0,,,,,,,,,,,,,,,,,0.0,0.0,,,,,0.5158336412530279,,0.0,,,0.0,
2024-04-02,,,,,0.0,,,,,,,,,,,,,,,,,0.0,0.0,,,,,0.3124062897729606,,0.0,,,0.0,
2024-04-03,,,,,0.0,,,,,,,,,,,,,,,,,0.0,0.0,,,,,0.42138522806585377,,0.0,,,0.0,
2024-04-04,,,,,0.0,,,,,,,,,,,,,,,,,0.0,0.0,,,,,0.32693681487867965,,0.0,,,0.0,
2024-04-05,,,,,0.0,,,,,,,,,,,,,,,,,0.0,0.0,,,,,0.0,,0.0,,,0.0,
2024-04-06,,,,,0.0,,,,,,,,,,,,,,,,,0.0,0.0,,,,,0.0,,0.0,,,0.0,
2024-04-07,,,,,0.0,,,,,,,,,,,,,,,,,0.0,0.0,,,,,0.0,,0.0,,,0.0,
2024-04-08,,,,,0.0,,,,,,,,,,,,,,,,,0.0,0.0,,,,,0.3124062897729606,,0.0,,,0.0,
2024-04-09,,,,,0.0,,,,,,,,,,,,,,,,,0.0,0.0,,,,,0.0,,0.0,,,0.0,
2024-04-10,,,,,0.0,,,,,,,,,,,,,,,,,0.0,0.0,,,,,0.0,,0.0,,,0.0,
2024-04-11,,,,,0.0,,,,,,,,,,,,,,,,,0.0,0.0,,,,,0.0,,0.0,,,0.0,
2024-04-12,,,,,0.0,,,,,,,,,,,,,,,,,0.0,0.0,,,,,0.4286504906187133,,0.0,,,0.0,
2024-04-13,,,,,0.0,,,,,,,,,,,,,,,,,0.0,0.0,,,,,0.0,,0.0,,,0.0,
2024-04-14,,,,,0.0,,,,,,,,,,,,,,,,,0.0,0.0,,,,,0.0,,0.0,,,0.0,
2024-04-15,,,,,0.0,,,,,,,,,,,,,,,,,0.0,0.0,,,,,0.4359157531715728,,0.0,,,0.0,
2024-04-16,,,,,0.0,,,,,,,,,,,,,,,,,0.0,0.0,,,,,0.0,,0.0,,,0.0,
2024-04-17,,,,,0.0,,,,,,,,,,,,,,,,,0.0,0.0,,,,,0.31967155232582006,,0.0,,,0.0,
2024-04-18,,,,,0.0,,,,,,,,,,,,,,,,,0.0,0.0,,,,,0.41411996551299424,,0.0,,,0.0,
2024-04-19,,,,,0.0,,,,,,,,,,,,,,,,,0.0,0.0,,,,,0.32693681487867965,,0.0,,,0.0,
2024-04-20,,,,,0.0,,,,,,,,,,,,,,,,,0.0,0.0,,,,,0.34146733998439877,,0.0,,,0.0,
2024-04-21,,,,,0.0,,,,,,,,,,,,,,,,,0.6146744412050533,0.0,,,,,0.3632631276429774,,0.0,,,0.0,
2024-04-22,,,,,0.0,,,,,,,,,,,,,,,,,0.0,0.0,,,,,0.6320778420987807,,0.0,,,0.0,
2024-04-23,,,,,0.0,,,,,,,,,,,,,,,,,0.0,0.0,,,,,0.3632631276429774,,0.0,,,0.0,
2024-04-24,,,,,0.0,,,,,,,,,,,,,,,,,0.0,0.0,,,,,0.2760799770086628,,0.0,,,0.0,
2024-04-25,,,,,0.0,,,,,,,,,,,,,,,,,0.0,0.0,,,,,0.2324884016915055,,0.0,,,0.0,
2024-04-26,,,,,0.0,,,,,,,,,,,,,,,,,0.0,0.0,,,,,0.464976803383011,,0.0,,,0.0,
2024-04-27,,,,,0.0,,,,,,,,,,,,,,,,,0.0,0.0,,,,,0.3632631276429774,,0.0,,,0.0,
2024-04-28,,,,,0.0,,,,,,,,,,,,,,,,,0.0,0.0,,,,,0.34146733998439877,,0.0,,,0.0,
2024-04-29,,,,,0.0,,,,,,,,,,,,,,,,,0.0,0.0,,,,,0.464976803383011,,0.0,,,0.0,
2024-04-30,,,,,0.0,,,,,,,,,,,,,,,,,0.6023809523809522,0.0,,,,,0.32693681487867965,,0.0,,,0.0,
2024-05-01,,,,,0.0,,,,,,,,,,,,,,,,,0.0,0.0,,,,,0.5085683787001685,,0.0,,,0.0,
2024-05-02,,,,,0.0,,,,,,,,,,,,,,,,,0.0,0.0,,,,,0.4286504906187133,,0.0,,,0.0,
2024-05-03,,,,,0.0,,,,,,,,,,,,,,,,,0.0,0.0,,,,,0.3777936527486965,,0.0,,,0.0,
2024-05-04,,,,,0.0,,,,,,,,,,,,,,,,,0.0,0.0,,,,,0.4068547029601347,,0.0,,,0.0,
2024-05-05,,,,,0.0,,,,,,,,,,,,,,,,,0.0,0.0,,,,,0.3124062897729606,,0.0,,,0.0,
2024-05-06,,,,,0.0,,,,,,,,,,,,,,,,,0.0,0.0,,,,,0.464976803383011,,0.0,,,0.0,
2024-05-07,,,,,0.0,,,,,,,,,,,,,,,,,0.0,0.0,,,,,0.4068547029601347,,0.0,,,0.0,
2024-05-08,,,,,0.0,,,,,,,,,,,,,,,,,0.0,0.0,,,,,0.5448946914644661,,0.6252340145023072,,,0.0,
2024-05-09,,,,,0.0,,,,,,,,,,,,,,,,,0.0,0.0,,,,,0.0,,0.0,,,0.0,
2024-05-10,,,,,0.0,,,,,,,,,,,,,,,,,0.0,0.0,,,,,0.31967155232582006,,0.0,,,0.0,
2024-05-11,,,,,0.0,,,,,,,,,,,,,,,,,0.0,0.0,,,,,0.3342020774315392,,0.0,,,0.0,
2024-05-12,,,,,0.0,,,,,,,,,,,,,,,,,0.0,0.0,,,,,0.39232417785441565,,0.0,,,0.0,
2024-05-13,,,,,0.0,,,,,,,,,,,,,,,,,0.0,0.0,,,,,0.6393431046516402,,0.0,,,0.0,
2024-05-14,,,,,0.0,,,,,,,,,,,,,,,,,0.0,0.0,,,,,0.5884862667816235,,0.0,,,0.0,
2024-05-15,,,,,0.0,,,,,,,,,,,,,,,,,0.0,0.0,,,,,0.3559978650901179,,0.0,,,0.0,
2024-05-16,,,,,0.0,,,,,,,,,,,,,,,,,0.0,0.0,,,,,0.5739557416759044,,0.0,,,0.0,
2024-05-17,,,,,0.0,,,,,,,,,,,,,,,,,0.0,0.0,,,,,0.30514102722010095,,0.0,,,0.0,
2024-05-18,,,,,0.0,,,,,,,,,,,,,,,,,0.0,0.0,,,,,0.464976803383011,,0.0,,,0.0,
2024-05-19,,,,,0.0,,,,,,,,,,,,,,,,,0.0,0.0,,,,,0.41411996551299424,,0.0,,,0.0,
2024-05-20,,,,,0.0,,,,,,,,,,,,,,,,,0.0,0.0,,,,,0.49403785359444924,,0.0,,,0.0,
2024-05-21,,,,,0.0,,,,,,,,,,,,,,,,,0.0,0.0,,,,,0.4068547029601347,,0.0,,,0.0,
2024-05-22,,,,,0.0,,,,,,,,,,,,,,,,,0.0,0.0,,,,,0.4867725910415897,,0.0,,,0.0,
2024-05-23,,,,,0.0,,,,,,,,,,,,,,,,,0.0,0.0,,,,,0.37052839019583694,,0.0,,,0.0,
2024-05-24,,,,,0.0,,,,,,,,,,,,,,,,,0.0,0.0,,,,,0.38505891530155606,,0.0,,,0.0,
2024-05-25,,,,,0.0,,,,,,,,,,,,,,,,,0.0,0.0,,,,,0.0,,0.0,,,0.0,
2024-05-26,,,,,0.0,,,,,,,,,,,,,,,,,0.0,0.0,,,,,0.5666904791230448,,0.0,,,0.0,
2024-05-27,,,,,0.0,,,,,,,,,,,,,,,,,0.5470602526724976,0.0,,,,,0.3559978650901179,,0.0,,,0.0,
2024-05-28,,,,,0.0,,,,,,,,,,,,,,,,,0.0,0.0,,,,,0.39232417785441565,,0.0,,,0.0,
2024-05-29,,,,,0.0,,,,,,,,,,,,,,,,,0.0,0.0,,,,,0.49403785359444924,,0.0,,,0.0,
2024-05-30,,,,,0.0,,,,,,,,,,,,,,,,,0.0,0.3065219762242338,,,,,0.450446278277292,,0.0,,,0.0,
2024-05-31,,,,,0.0,,,,,,,,,,,,,,,,,0.0,0.4198931181153888,,,,,0.0,,0.0,,,0.0,
2024-06-01,,,,,0.0,,,,,,,,,,,,,,,,,0.0,0.0,,,,,0.5448946914644661,,0.0,,,0.0,
2024-06-02,,,,,0.0,,,,,,,,,,,,,,,,,0.0,0.0,,,,,0.32693681487867965,,0.0,,,0.0,
2024-06-03,,,,,0.0,,,,,,,,,,,,,,,,,0.0,0.0,,,,,0.3777936527486965,,0.0,,,0.0,
2024-06-04,,,,,0.0,,,,,,,,,,,,,,,,,0.0,0.0,,,,,0.5158336412530279,,0.0,,,0.0,
2024-06-05,,,,,0.0,,,,,,,,,,,,,,,,,0.0,0.0,,,,,0.4577115408301515,,0.0,,,0.0,
2024-06-06,,,,,0.0,,,,,,,,,,,,,,,,,0.0,0.0,,,,,0.4577115408301515,,0.0,,,0.0,
2024-06-07,,,,,0.0,,,,,,,,,,,,,,,,,0.0,0.0,,,,,0.30514102722010095,,0.0,,,0.0,
2024-06-08,,,,,0.0,,,,,,,,,,,,,,,,,0.0,0.0,,,,,0.0,,0.0,,,0.0,
2024-06-09,,,,,0.0,,,,,,,,,,,,,,,,,0.0,0.0,,,,,0.5812210042287639,,0.0,,,0.0,
2024-06-10,,,,,0.0,,,,,,,,,,,,,,,,,0.0,0.0,,,,,0.5666904791230448,,0.0,,,0.0,
2024-06-11,,,,,0.0,,,,,,,,,,,,,,,,,0.0,0.0,,,,,0.0,,0.0,,,0.0,
2024-06-12,,,,,0.0,,,,,,,,,,,,,,,,,0.0,0.0,,,,,0.39958944040727523,,0.0,,,0.0,
2024-06-13,,,,,0.0,,,,,,,,,,,,,,,,,0.0,0.0,,,,,0.44318101572443247,,0.0,,,0.2944277108433735,
2024-06-14,,,,,0.0,,,,,,,,,,,,,,,,,0.0,0.0,,,,,0.4577115408301515,,0.0,,,0.0,
2024-06-15,,,,,0.0,,,,,,,,,,,,,,,,,0.0,0.0,,,,,0.38505891530155606,,0.0,,,0.0,
2024-06-16,,,,,0.0,,,,,,,,,,,,,,,,,0.0,0.0,,,,,0.0,,0.0,,,0.0,
2024-06-17,,,,,0.0,,,,,,,,,,,,,,,,,0.0,0.0,,,,,0.450446278277292,,0.0,,,0.0,
2024-06-18,,,,,0.0,,,,,,,,,,,,,,,,,0.0,0.0,,,,,0.0,,0.0,,,0.0,
2024-06-19,,,,,0.0,,,,,,,,,,,,,,,,,0.0,0.0,,,,,0.34146733998439877,,0.0,,,0.0,
2024-06-20,,,,,0.0,,,,,,,,,,,,,,,,,0.0,0.0,,,,,0.42138522806585377,,0.0,,,0.0,
2024-06-21,,,,,0.0,,,,,,,,,,,,,,,,,0.0,0.0,,,,,0.37052839019583694,,0.0,,,0.0,
2024-06-22,,,,,0.0,,,,,,,,,,,,,,,,,0.0,0.0,,,,,0.32693681487867965,,0.0,,,0.0,
2024-06-23,,,,,0.0,,,,,,,,,,,,,,,,,0.0,0.0,,,,,0.0,,0.0,,,0.0,
2024-06-24,,,,,0.0,,,,,,,,,,,,,,,,,0.0,0.0,,,,,0.41411996551299424,,0.0,,,0.0,
2024-06-25,,,,,0.0,,,,,,,,,,,,,,,,,0.0,0.0,,,,,0.0,,0.0,,,0.0,
2024-06-26,,,,,0.0,,,,,,,,,,,,,,,,,0.0,0.0,,,,,0.0,,0.0,,,0.0,
2024-06-27,,,,,0.0,,,,,,,,,,,,,,,,,0.0,0.0,,,,,0.0,,0.0,,,0.0,
2024-06-28,,,,,0.0,,,,,,,,,,,,,,,,,0.0,0.0,,,,,0.39232417785441565,,0.0,,,0.0,
2024-06-29,,,,,0.0,,,,,,,,,,,,,,,,,0.0,0.0,,,,,0.3487326025372583,,0.0,,,0.0,
2024-06-30,,,,,0.0,,,,,,,,,,,,,,,,,0.0,0.0,,,,,0.32693681487867965,,0.0,,,0.0,
2024-07-01,,,,,0.0,,,,,,,,,,,,,,,,,0.0,0.0,,,,,0.41411996551299424,,0.0,,,0.0,
2024-07-02,,,,,0.0,,,,,,,,,,,,,,,,,0.0,0.0,,,,,0.3342020774315392,,0.0,,,0.0,
2024-07-03,,,,,0.0,,,,,,,,,,,,,,,,,0.0,0.0,,,,,0.0,,0.0,,,0.0,
2024-07-04,,,,,,,,,,,,,,,,,,,,,,0.0,,,,,,0.61,,0.0,,,0.0,
2024-07-05,,,,,,,,,,,,,,,,,,,,,,0.0,,,,,,0.29,,0.0,,,0.0,
2024-07-06,,,,,,,,,,,,,,,,,,,,,,0.0,,,,,,0.3600000000000001,,0.0,,,0.0,
2024-07-07,,,,,,,,,,,,,,,,,,,,,,0.0,,,,,,0.0,,0.0,,,0.0,
2024-07-08,,,,,,,,,,,,,,,,,,,,,,0.0,,,,,,0.5,,0.0,,,0.0,
2024-07-09,,,,,,,,,,,,,,,,,,,,,,0.0,,,,,,0.0,,0.0,,,0.0,
2024-07-10,,,,,,,,,,,,,,,,,,,,,,0.0,,,,,,0.0,,0.0,,,0.0,
2024-07-11,,,,,,,,,,,,,,,,,,,,,,0.0,,,,,,0.3800000000000001,,0.0,,,0.0,
2024-07-12,,,,,,,,,,,,,,,,,,,,,,0.0,,,,,,0.53,,0.0,,,0.0,
2024-07-13,,,,,,,,,,,,,,,,,,,,,,0.0,,,,,,0.3600000000000001,,0.0,,,0.0,
2024-07-14,,,,,,,,,,,,,,,,,,,,,,0.0,,,,,,0.0,,0.0,,,0.0,
2024-07-15,,,,,,,,,,,,,,,,,,,,,,0.0,,,,,,0.0,,0.0,,,0.0,
2024-07-16,,,,,,,,,,,,,,,,,,,,,,0.0,,,,,,0.6900000000000002,,0.0,,,0.0,
2024-07-17,,,,,,,,,,,,,,,,,,,,,,0.0,,,,,,0.0,,0.0,,,0.0,
2024-07-18,,,,,,,,,,,,,,,,,,,,,,0.0,,,,,,0.42,,0.0,,,0.0,
2024-07-19,,,,,,,,,,,,,,,,,,,,,,0.0,,,,,,0.0,,0.0,,,0.0,
2024-07-20,,,,,,,,,,,,,,,,,,,,,,0.0,,,,,,0.0,,0.0,,,0.0,
2024-07-21,,,,,,,,,,,,,,,,,,,,,,0.0,,,,,,0.0,,0.0,,,0.0,
2024-07-22,,,,,,,,,,,,,,,,,,,,,,0.0,,,,,,0.5100000000000001,,0.0,,,0.0,
2024-07-23,,,,,,,,,,,,,,,,,,,,,,0.0,,,,,,0.5100000000000001,,0.0,,,0.0,
2024-07-24,,,,,,,,,,,,,,,,,,,,,,0.0,,,,,,0.0,,0.0,,,0.0,
2024-07-25,,,,,,,,,,,,,,,,,,,,,,0.0,,,,,,0.5100000000000001,,0.0,,,0.0,
2024-07-26,,,,,,,,,,,,,,,,,,,,,,0.0,,,,,,0.39000000000000007,,0.0,,,0.0,
2024-07-27,,,,,,,,,,,,,,,,,,,,,,0.0,,,,,,0.37000000000000005,,0.0,,,0.0,
2024-07-28,,,,,,,,,,,,,,,,,,,,,,0.0,,,,,,0.3399999999999999,,0.0,,,0.0,
2024-07-29,,,,,,,,,,,,,,,,,,,,,,0.0,,,,,,0.33000000000000007,,0.0,,,0.0,
2024-07-30,,,,,,,,,,,,,,,,,,,,,,0.0,,,,,,0.56,,0.0,,,0.0,
2024-07-31,,,,,,,,,,,,,,,,,,,,,,0.0,,,,,,0.0,,0.0,,,0.0,
2024-08-01,,,,,,,,,,,,,,,,,,,,,,0.0,,,,,,0.52,,0.0,,,0.0,
2024-08-02,,,,,,,,,,,,,,,,,,,,,,0.0,,,,,,0.3500000000000001,,0.0,,,0.0,
2024-08-03,,,,,,,,,,,,,,,,,,,,,,0.0,,,,,,0.49,,0.0,,,0.0,
2024-08-04,,,,,,,,,,,,,,,,,,,,,,0.0,,,,,,0.0,,0.0,,,0.0,
2024-08-05,,,,,,,,,,,,,,,,,,,,,,0.0,,,,,,0.58,,0.0,,,0.0,
2024-08-06,,,,,,,,,,,,,,,,,,,,,,0.0,,,,,,0.30000000000000004,,0.0,,,0.0,
2024-08-07,,,,,,,,,,,,,,,,,,,,,,0.0,,,,,,0.61,,0.0,,,0.0,
2024-08-08,,,,,,,,,,,,,,,,,,,,,,0.0,,,,,,0.5100000000000001,,0.0,,,0.0,
2024-08-09,,,,,,,,,,,,,,,,,,,,,,0.0,,,,,,0.45000000000000007,,0.0,,,0.0,
2024-08-10,,,,,,,,,,,,,,,,,,,,,,0.0,,,,,,0.43000000000000005,,0.0,,,0.0,
2024-08-11,,,,,,,,,,,,,,,,,,,,,,0.0,,,,,,0.45000000000000007,,0.0,,,0.0,
2024-08-12,,,,,,,,,,,,,,,,,,,,,,0.0,,,,,,0.48,,0.0,,,0.0,
2024-08-13,,,,,,,,,,,,,,,,,,,,,,0.0,,,,,,0.45000000000000007,,0.0,,,0.0,
2024-08-14,,,,,,,,,,,,,,,,,,,,,,0.0,,,,,,0.46,,0.0,,,0.0,
2024-08-15,,,,,,,,,,,,,,,,,,,,,,0.0,,,,,,0.52,,0.0,,,0.0,
2024-08-16,,,,,,,,,,,,,,,,,,,,,,0.0,,,,,,0.33000000000000007,,0.0,,,0.0,
2024-08-17,,,,,,,,,,,,,,,,,,,,,,0.0,,,,,,0.0,,0.0,,,0.0,
2024-08-18,,,,,,,,,,,,,,,,,,,,,,0.0,,,,,,0.0,,0.0,,,0.0,
2024-08-19,,,,,,,,,,,,,,,,,,,,,,0.44208963585434174,,,,,,0.4000000000000001,,0.0,,,0.0,
2024-08-20,,,,,,,,,,,,,,,,,,,,,,0.0,,,,,,0.39000000000000007,,0.0,,,0.0,
2024-08-21,,,,,,,,,,,,,,,,,,,,,,0.0,,,,,,0.58,,0.0,,,0.0,
2024-08-22,,,,,,,,,,,,,,,,,,,,,,0.0,,,,,,0.5100000000000001,,0.0,,,0.0,
2024-08-23,,,,,,,,,,,,,,,,,,,,,,0.0,,,,,,0.49,,0.0,,,0.0,
2024-08-24,,,,,,,,,,,,,,,,,,,,,,0.0,,,,,,0.0,,0.0,,,0.0,
2024-08-25,,,,,,,,,,,,,,,,,,,,,,0.0,,,,,,0.55,,0.0,,,0.0,
2024-08-26,,,,,,,,,,,,,,,,,,,,,,0.0,,,,,,0.39000000000000007,,0.0,,,0.0,
2024-08-27,,,,,,,,,,,,,,,,,,,,,,0.0,,,,,,0.49,,0.0,,,0.0,
2024-08-28,,,,,,,,,,,,,,,,,,,,,,0.0,,,,,,0.46,,0.0,,,0.0,
2024-08-29,,,,,,,,,,,,,,,,,,,,,,0.0,,,,,,0.4000000000000001,,0.0,,,0.0,
2024-08-30,,,,,,,,,,,,,,,,,,,,,,0.0,,,,,,0.53,,0.0,,,0.0,
2024-08-31,,,,,,,,,,,,,,,,,,,,,,0.0,,,,,,0.42,,0.0,,,0.0,
2024-09-01,,,,,,,,,,,,,,,,,,,,,,0.0,,,,,,0.4700000000000001,,0.0,,,0.0,
2024-09-02,,,,,,,,,,,,,,,,,,,,,,0.0,,,,,,0.6900000000000002,,0.0,,,0.49737499999999996,
2024-09-03,,,,,,,,,,,,,,,,,,,,,,0.0,,,,,,0.61,,0.0,,,0.0,
2024-09-04,,,,,,,,,,,,,,,,,,,,,,0.0,,,,,,0.61,,0.0,,,0.0,
2024-09-05,,,,,,,,,,,,,,,,,,,,,,0.0,,,,,,0.41,,0.0,,,0.0,
2024-09-06,,,,,,,,,,,,,,,,,,,,,,0.0,,,,,,0.49,,0.0,,,0.0,
2024-09-07,,,,,,,,,,,,,,,,,,,,,,0.0,,,,,,0.61,,0.0,,,0.0,
2024-09-08,,,,,,,,,,,,,,,,,,,,,,0.0,,,,,,0.3500000000000001,,0.0,,,0.0,
2024-09-09,,,,,,,,,,,,,,,,,,,,,,0.0,,,,,,0.52,,0.0,,,0.0,
2024-09-10,,,,,,,,,,,,,,,,,,,,,,0.0,,,,,,0.42,,0.0,,,0.0,
2024-09-11,,,,,,,,,,,,,,,,,,,,,,0.0,,,,,,0.5,,0.0,,,0.0,
2024-09-12,,,,,,,,,,,,,,,,,,,,,,0.0,,,,,,0.5,,0.0,,,0.0,
2024-09-13,,,,,,,,,,,,,,,,,,,,,,0.0,,,,,,0.52,,0.0,,,0.0,
2024-09-14,,,,,,,,,,,,,,,,,,,,,,0.0,,,,,,0.0,,0.0,,,0.0,
2024-09-15,,,,,,,,,,,,,,,,,,,,,,0.0,,,,,,0.0,,0.0,,,0.0,
2024-09-16,,,,,,,,,,,,,,,,,,,,,,0.0,,,,,,1.0,,0.0,,,0.0,
2024-09-17,,,,,,,,,,,,,,,,,,,,,,0.0,,,,,,0.61,,0.0,,,0.0,
2024-09-18,,,,,,,,,,,,,,,,,,,,,,0.0,,,,,,0.6600000000000001,,0.0,,,0.0,
2024-09-19,,,,,,,,,,,,,,,,,,,,,,0.0,,,,,,0.43000000000000005,,0.0,,,0.0,
2024-09-20,,,,,,,,,,,,,,,,,,,,,,0.0,,,,,,0.41,,0.0,,,0.0,
2024-09-21,,,,,,,,,,,,,,,,,,,,,,0.0,,,,,,0.0,,0.0,,,0.0,
2024-09-22,,,,,,,,,,,,,,,,,,,,,,0.0,,,,,,0.42,,0.0,,,0.0,
2024-09-23,,,,,,,,,,,,,,,,,,,,,,0.0,,,,,,0.6600000000000001,,0.0,,,0.0,
2024-09-24,,,,,,,,,,,,,,,,,,,,,,0.0,,,,,,0.7300000000000001,,0.0,,,0.0,
2024-09-25,,,,,,,,,,,,,,,,,,,,,,0.0,,,,,,0.5,,0.0,,,0.0,
2024-09-26,,,,,,,,,,,,,,,,,,,,,,0.0,,,,,,0.59,,0.0,,,0.0,
2024-09-27,,,,,,,,,,,,,,,,,,,,,,0.0,,,,,,0.7600000000000002,,0.0,,,0.0,
2024-09-28,,,,,,,,,,,,,,,,,,,,,,0.0,,,,,,0.0,,0.0,,,0.0,
2024-09-29,,,,,,,,,,,,,,,,,,,,,,0.0,,,,,,0.41,,0.0,,,0.0,
2024-09-30,,,,,,,,,,,,,,,,,,,,,,0.0,,,,,,0.33000000000000007,,0.0,,,0.0,
