Date,Price_Newcastle Coal Futures Historical Data,Change_Newcastle Coal Futures Historical Data,Price_Palm Oil Futures Historical Data,Change_Palm Oil Futures Historical Data,Price_Crude Oil WTI Futures Historical Data,Change_Crude Oil WTI Futures Historical Data,Price_US Wheat Futures Historical Data,Change_US Wheat Futures Historical Data,Price_Natural Gas Futures Historical Data,Change_Natural Gas Futures Historical Data,Price_US Sugar 11 Futures Historical Data,Change_US Sugar 11 Futures Historical Data
2022-01-03,157.5,-7.13%,"5,259.00",1.94%,75.85,1.30%,758.00,-1.65%,3.678,3.40%,18.74,-0.74%
2022-01-04,174.1,10.54%,"5,308.00",0.93%,76.74,1.17%,770.00,1.58%,3.582,-2.61%,18.75,0.05%
2022-01-05,179.9,3.33%,"5,437.00",2.43%,77.47,0.95%,760.75,-1.20%,3.71,3.57%,18.34,-2.19%
2022-01-06,196.5,9.23%,"5,387.00",-0.92%,78.88,1.82%,746.00,-1.94%,3.67,-1.08%,18.19,-0.82%
2022-01-07,195.9,-0.31%,"5,330.00",-1.06%,78.44,-0.56%,758.50,1.68%,3.726,1.53%,18.05,-0.77%
2022-01-10,196.5,0.31%,"5,366.00",0.68%,77.7,-0.94%,762.00,0.46%,3.834,2.90%,17.83,-1.22%
2022-01-11,197.1,0.31%,"5,300.00",-1.23%,80.67,3.82%,770.25,1.08%,3.968,3.50%,18.11,1.57%
2022-01-12,203.0,2.99%,"5,260.00",-0.75%,82.02,1.67%,757.75,-1.62%,4.327,9.05%,18.34,1.27%
2022-01-13,211.5,4.19%,"5,330.00",1.33%,81.62,-0.49%,746.75,-1.45%,4.005,-7.44%,18.09,-1.36%
2022-01-14,216.75,2.48%,"5,300.00",-0.56%,83.3,2.06%,741.50,-0.70%,4.081,1.90%,18.31,1.22%
2022-01-16,,,,,83.83,0.64%,,,4.335,6.22%,,
2022-01-17,220.5,1.73%,"5,320.00",0.38%,83.69,-0.17%,,,4.276,-1.36%,,
2022-01-18,221.0,0.23%,,,84.83,1.36%,769.00,3.71%,4.048,-5.33%,18.66,1.91%
2022-01-19,223.1,0.95%,"5,353.00",0.62%,85.8,1.14%,796.50,3.58%,3.845,-5.01%,19.07,2.20%
2022-01-20,225.65,1.14%,"5,400.00",0.88%,85.55,-0.29%,790.25,-0.78%,3.649,-5.10%,18.93,-0.73%
2022-01-21,224.6,-0.47%,"5,504.00",1.93%,84.14,-1.65%,780.00,-1.30%,3.782,3.64%,18.9,-0.16%
2022-01-24,225.25,0.29%,"5,438.00",-1.20%,82.41,-2.06%,800.50,2.63%,3.875,2.46%,18.81,-0.48%
2022-01-25,227.3,0.91%,"5,454.00",0.29%,84.37,2.38%,818.00,2.19%,3.894,0.49%,18.78,-0.16%
2022-01-26,227.8,0.22%,"5,506.00",0.95%,85.96,1.88%,795.00,-2.81%,4.036,3.65%,18.49,-1.54%
2022-01-27,227.6,-0.09%,"5,613.00",1.94%,85.29,-0.78%,777.00,-2.26%,4.283,6.12%,18.41,-0.43%
2022-01-28,227.65,0.02%,"5,803.00",3.38%,85.43,0.16%,786.25,1.19%,4.473,4.44%,18.2,-1.14%
2022-01-31,222.75,-2.15%,"5,785.00",-0.31%,86.49,1.24%,761.25,-3.18%,4.675,4.52%,18.22,0.11%
2022-02-01,218.1,-2.09%,,,86.46,-0.03%,769.00,1.02%,4.573,-2.18%,18.48,1.43%
2022-02-02,220.1,0.92%,,,86.69,0.27%,755.00,-1.82%,5.044,10.30%,17.93,-2.98%
2022-02-03,221.0,0.41%,"5,714.00",-1.23%,88.45,2.03%,751.75,-0.43%,4.72,-6.42%,17.99,0.33%
2022-02-04,227.3,2.85%,"5,779.00",1.14%,90.33,2.13%,763.25,1.53%,4.492,-4.83%,18.23,1.33%
2022-02-07,236.0,3.83%,"5,652.00",-2.20%,89.77,-0.62%,768.75,0.72%,4.198,-6.54%,18.05,-0.99%
2022-02-08,239.25,1.38%,"5,566.00",-1.52%,87.9,-2.08%,778.75,1.30%,4.218,0.48%,18.08,0.17%
2022-02-09,239.25,0.00%,"5,765.00",3.58%,88.53,0.72%,785.00,0.80%,3.98,-5.64%,18.48,2.21%
2022-02-10,239.1,-0.06%,"5,740.00",-0.43%,88.56,0.03%,771.50,-1.72%,3.943,-0.93%,18.3,-0.97%
2022-02-11,245.0,2.47%,"5,800.00",1.05%,91.42,3.23%,797.75,3.40%,3.935,-0.20%,18.26,-0.22%
2022-02-14,240.0,-2.04%,"5,935.00",2.33%,93.5,2.28%,799.25,0.19%,4.16,5.72%,18.12,-0.77%
2022-02-15,239.0,-0.42%,"5,865.00",-1.18%,90.21,-3.52%,779.75,-2.44%,4.241,1.95%,18.07,-0.28%
2022-02-16,235.5,-1.46%,"5,830.00",-0.60%,91.83,1.80%,780.50,0.10%,4.572,7.80%,18.07,0.00%
2022-02-17,232.4,-1.32%,"5,967.00",2.35%,90.04,-1.95%,798.00,2.24%,4.43,-3.11%,18.28,1.16%
2022-02-18,232.35,-0.02%,"6,008.00",0.69%,90.21,0.19%,797.00,-0.13%,4.377,-1.20%,18.2,-0.44%
2022-02-20,,,,,91.62,1.56%,,,4.579,4.62%,,
2022-02-21,233.85,0.65%,"6,177.00",2.81%,92.65,1.12%,,,4.705,2.75%,,
2022-02-22,236.25,1.03%,"6,354.00",2.87%,91.91,-0.80%,844.25,5.93%,4.461,-5.19%,18.48,1.54%
2022-02-23,237.7,0.61%,"6,506.00",2.39%,90.69,-1.33%,876.00,3.76%,4.593,2.96%,18.53,0.27%
2022-02-24,239.5,0.76%,"7,087.00",8.93%,90.94,0.28%,926.00,5.71%,4.641,1.05%,18.32,-1.13%
2022-02-25,238.6,-0.38%,"6,718.00",-5.21%,89.89,-1.15%,843.00,-8.96%,4.485,-3.36%,17.99,-1.80%
2022-02-28,274.5,15.05%,"7,451.00",10.91%,93.5,4.02%,928.00,10.08%,4.42,-1.45%,18.0,0.06%
2022-03-01,313.0,14.03%,"8,163.00",9.56%,100.21,7.18%,"1,001.75",7.95%,4.598,4.03%,18.34,1.89%
2022-03-02,440.0,40.58%,"7,821.00",-4.19%,107.06,6.84%,"1,058.50",5.67%,4.787,4.11%,18.64,1.64%
2022-03-03,370.0,-15.91%,"7,450.00",-4.74%,104.61,-2.29%,"1,289.00",21.78%,4.736,-1.07%,18.93,1.56%
2022-03-04,418.75,13.18%,"6,780.00",-8.99%,112.11,7.17%,"1,348.00",4.58%,5.036,6.33%,19.35,2.22%
2022-03-07,422.65,0.93%,"7,225.00",6.56%,115.8,3.29%,"1,425.25",5.73%,4.858,-3.53%,19.27,-0.41%
2022-03-08,423.15,0.12%,"7,003.00",-3.07%,119.65,3.32%,"1,273.00",-10.68%,4.563,-6.07%,19.43,0.83%
2022-03-09,420.65,-0.59%,"7,621.00",8.82%,105.05,-12.20%,"1,199.50",-5.77%,4.561,-0.04%,18.94,-2.52%
2022-03-10,373.35,-11.24%,"7,680.00",0.77%,102.99,-1.96%,"1,073.75",-10.48%,4.669,2.37%,19.1,0.84%
2022-03-11,368.65,-1.26%,"7,365.00",-4.10%,106.3,3.21%,"1,090.00",1.51%,4.766,2.08%,19.24,0.73%
2022-03-14,361.75,-1.87%,"6,986.00",-5.15%,101.18,-4.82%,"1,090.00",0.00%,4.702,-1.34%,19.13,-0.57%
2022-03-15,346.0,-4.35%,"7,280.00",4.21%,94.79,-6.32%,"1,154.25",5.89%,4.617,-1.81%,18.73,-2.09%
2022-03-16,340.0,-1.73%,"6,899.00",-5.23%,93.59,-1.27%,"1,069.25",-7.36%,4.784,3.62%,18.56,-0.91%
2022-03-17,337.25,-0.81%,"6,553.00",-5.02%,101.65,8.61%,"1,098.00",2.69%,5.021,4.95%,18.69,0.70%
2022-03-18,336.0,-0.37%,"6,116.00",-6.67%,103.09,1.42%,"1,063.75",-3.12%,4.902,-2.37%,18.93,1.28%
2022-03-21,329.4,-1.96%,"6,250.00",2.19%,109.97,6.67%,"1,119.25",5.22%,4.934,0.65%,19.28,1.85%
2022-03-22,328.9,-0.15%,"6,471.00",3.54%,109.27,-0.64%,"1,118.25",-0.09%,5.227,5.94%,19.15,-0.67%
2022-03-23,325.35,-1.08%,"6,704.00",3.60%,111.99,2.49%,"1,105.75",-1.12%,5.274,0.90%,19.24,0.47%
2022-03-24,326.65,0.40%,"6,514.00",-2.83%,109.43,-2.29%,"1,085.75",-1.81%,5.446,3.26%,19.26,0.10%
2022-03-25,327.15,0.15%,"6,616.00",1.57%,111.06,1.49%,"1,102.25",1.52%,5.611,3.03%,19.61,1.82%
2022-03-28,259.75,-20.60%,"6,579.00",-0.56%,103.42,-6.88%,"1,057.00",-4.11%,5.538,-1.30%,19.59,-0.10%
2022-03-29,253.4,-2.44%,"6,631.00",0.79%,102.05,-1.32%,"1,014.25",-4.04%,5.33,-3.76%,19.11,-2.45%
2022-03-30,260.0,2.60%,"6,538.00",-1.40%,105.68,3.56%,"1,027.25",1.28%,5.658,6.15%,19.47,1.88%
2022-03-31,259.0,-0.38%,"6,391.00",-2.25%,98.52,-6.78%,"1,006.00",-2.07%,5.701,0.76%,19.49,0.10%
2022-04-01,258.75,-0.10%,"6,363.00",-0.44%,97.9,-0.63%,984.50,-2.14%,5.795,1.65%,19.37,-0.62%
2022-04-04,264.0,2.03%,"6,367.00",0.06%,101.84,4.02%,"1,010.25",2.62%,5.793,-0.03%,19.61,1.24%
2022-04-05,281.0,6.44%,"6,581.00",3.36%,100.68,-1.14%,"1,045.25",3.46%,6.108,5.44%,19.65,0.20%
2022-04-06,286.5,1.96%,"6,664.00",1.26%,95.41,-5.23%,"1,038.25",-0.67%,6.107,-0.02%,19.59,-0.31%
2022-04-07,281.65,-1.69%,"6,610.00",-0.81%,95.51,0.10%,"1,020.00",-1.76%,6.436,5.39%,19.84,1.28%
2022-04-08,291.6,3.53%,"6,681.00",1.07%,97.73,2.32%,"1,051.50",3.09%,6.356,-1.24%,20.41,2.87%
2022-04-11,290.65,-0.33%,"6,765.00",1.26%,93.92,-3.90%,"1,081.25",2.83%,6.723,5.77%,20.31,-0.49%
2022-04-12,309.1,6.35%,"6,890.00",1.85%,100.15,6.63%,"1,103.75",2.08%,6.763,0.59%,20.22,-0.44%
2022-04-13,312.0,0.94%,"6,833.00",-0.83%,103.79,3.63%,"1,113.50",0.88%,7.096,4.92%,20.1,-0.59%
2022-04-14,309.1,-0.93%,"6,820.00",-0.19%,106.38,2.50%,"1,096.50",-1.53%,7.423,4.61%,20.06,-0.20%
2022-04-15,,,"6,820.00",0.00%,,,"1,095.75",-0.07%,,,,
2022-04-18,309.1,0.00%,"6,858.00",0.56%,107.61,1.16%,"1,120.50",2.26%,7.958,7.21%,20.26,1.00%
2022-04-19,321.0,3.85%,,,102.05,-5.17%,"1,099.00",-1.92%,7.277,-8.56%,19.74,-2.57%
2022-04-20,326.35,1.67%,"6,781.00",-1.12%,102.19,0.14%,"1,088.00",-1.00%,7.065,-2.91%,19.62,-0.61%
2022-04-21,331.1,1.46%,"6,808.00",0.40%,102.96,0.75%,"1,068.00",-1.84%,7.096,0.44%,19.87,1.27%
2022-04-22,327.1,-1.21%,"6,871.00",0.93%,101.05,-1.86%,"1,065.50",-0.23%,6.663,-6.10%,19.24,-3.17%
2022-04-25,328.6,0.46%,"6,972.00",1.47%,97.67,-3.34%,"1,062.00",-0.33%,6.805,2.13%,18.95,-1.51%
2022-04-26,325.0,-1.10%,"7,079.00",1.53%,100.41,2.81%,"1,083.25",2.00%,6.978,2.54%,18.99,0.21%
2022-04-27,326.05,0.32%,"7,757.00",9.58%,100.68,0.27%,"1,080.00",-0.30%,7.339,5.17%,19.02,0.16%
2022-04-28,326.95,0.28%,"7,496.00",-3.36%,103.47,2.77%,"1,074.00",-0.56%,6.994,-4.70%,19.42,2.10%
2022-04-29,326.6,-0.11%,"7,683.00",2.49%,102.94,-0.51%,"1,043.75",-2.82%,7.355,5.16%,19.35,-0.36%
2022-05-02,299.8,-8.21%,,,103.42,0.47%,"1,043.50",-0.02%,7.566,2.87%,18.85,-2.58%
2022-05-03,326.6,8.94%,,,100.9,-2.44%,"1,033.75",-0.93%,8.025,6.07%,18.62,-1.22%
2022-05-04,360.35,10.33%,,,106.22,5.27%,"1,066.00",3.12%,8.472,5.57%,18.62,0.00%
2022-05-05,374.35,3.89%,"7,382.00",-3.92%,106.74,0.49%,"1,096.00",2.81%,8.841,4.36%,18.78,0.86%
2022-05-06,379.5,1.38%,"7,058.00",-4.39%,108.33,1.49%,"1,097.00",0.09%,8.128,-8.06%,19.16,2.02%
2022-05-09,377.0,-0.66%,"7,035.00",-0.33%,101.77,-6.06%,"1,083.25",-1.25%,7.106,-12.57%,18.66,-2.61%
2022-05-10,377.45,0.12%,"6,953.00",-1.17%,98.45,-3.26%,"1,083.25",0.00%,7.467,5.08%,18.54,-0.64%
2022-05-11,385.85,2.23%,"7,153.00",2.88%,104.03,5.67%,"1,108.75",2.35%,7.727,3.48%,18.55,0.05%
2022-05-12,391.5,1.46%,"6,990.00",-2.28%,104.4,0.36%,"1,174.50",5.93%,7.835,1.40%,18.64,0.49%
2022-05-13,392.85,0.34%,"6,950.00",-0.57%,108.63,4.05%,"1,167.25",-0.62%,7.765,-0.89%,19.17,2.84%
2022-05-16,402.5,2.46%,,,111.82,2.94%,"1,247.50",6.88%,8.053,3.71%,19.68,2.66%
2022-05-17,413.65,2.77%,"6,664.00",-4.12%,109.63,-1.96%,"1,277.50",2.40%,8.394,4.23%,20.0,1.63%
2022-05-18,412.0,-0.40%,"6,694.00",0.45%,107.04,-2.36%,"1,230.75",-3.66%,8.455,0.73%,19.83,-0.85%
2022-05-19,412.1,0.02%,"6,647.00",-0.70%,109.89,2.66%,"1,200.50",-2.46%,8.4,-0.65%,19.77,-0.30%
2022-05-20,417.25,1.25%,"6,689.00",0.63%,110.28,0.35%,"1,168.75",-2.64%,8.178,-2.64%,19.95,0.91%
2022-05-23,416.0,-0.30%,"6,834.00",2.17%,107.54,-2.48%,"1,190.00",1.82%,8.827,7.94%,19.77,-0.90%
2022-05-24,408.0,-1.92%,"7,054.00",3.22%,107.2,-0.32%,"1,154.75",-2.96%,8.836,0.10%,19.75,-0.10%
2022-05-25,404.65,-0.82%,"6,960.00",-1.33%,107.75,0.51%,"1,148.25",-0.56%,8.993,1.78%,19.68,-0.35%
2022-05-26,403.0,-0.41%,"7,087.00",1.82%,111.25,3.25%,"1,143.25",-0.44%,8.895,-1.09%,19.54,-0.71%
2022-05-27,406.65,0.91%,"6,879.00",-2.93%,112.23,0.88%,"1,157.50",1.25%,8.712,-2.06%,19.61,0.36%
2022-05-29,,,,,115.61,3.01%,,,8.815,1.18%,,
2022-05-30,401.0,-1.39%,"6,710.00",-2.46%,117.61,1.73%,"1,155.38",-0.18%,8.686,-1.46%,,
2022-05-31,427.0,6.48%,"6,607.00",-1.54%,111.91,-4.85%,"1,087.50",-5.88%,8.138,-6.31%,19.4,-1.07%
2022-06-01,412.0,-3.51%,"6,646.00",0.59%,112.72,0.72%,"1,041.25",-4.25%,8.686,6.73%,19.44,0.21%
2022-06-02,412.5,0.12%,"6,748.00",1.53%,114.3,1.40%,"1,058.25",1.63%,8.474,-2.44%,19.35,-0.46%
2022-06-03,412.5,0.00%,"6,704.00",-0.65%,116.23,1.69%,"1,040.00",-1.72%,8.51,0.42%,19.29,-0.31%
2022-06-06,415.25,0.67%,,,116.06,-0.15%,"1,093.00",5.10%,9.306,9.35%,19.56,1.40%
2022-06-07,397.0,-4.39%,"6,760.00",0.84%,117.1,0.90%,"1,071.75",-1.94%,9.278,-0.30%,18.97,-3.02%
2022-06-08,395.4,-0.40%,"6,740.00",-0.30%,119.78,2.29%,"1,074.75",0.28%,8.679,-6.46%,18.98,0.05%
2022-06-09,396.0,0.15%,"6,590.00",-2.23%,119.09,-0.58%,"1,071.25",-0.33%,8.978,3.45%,19.29,1.63%
2022-06-10,392.35,-0.92%,"6,281.00",-4.69%,118.12,-0.81%,"1,070.75",-0.05%,8.867,-1.24%,18.87,-2.18%
2022-06-13,390.35,-0.51%,"6,130.00",-2.40%,118.25,0.11%,"1,071.00",0.02%,8.619,-2.80%,18.71,-0.85%
2022-06-14,383.5,-1.75%,"6,154.00",0.39%,116.26,-1.68%,"1,050.25",-1.94%,7.18,-16.70%,18.7,-0.05%
2022-06-15,386.35,0.74%,"6,000.00",-2.50%,113.09,-2.73%,"1,050.00",-0.02%,7.406,3.15%,18.46,-1.28%
2022-06-16,387.35,0.26%,"5,683.00",-5.28%,115.25,1.91%,"1,078.25",2.69%,7.438,0.43%,18.58,0.65%
2022-06-17,389.35,0.52%,"5,679.00",-0.07%,107.99,-6.30%,"1,034.25",-4.08%,6.906,-7.15%,18.6,0.11%
2022-06-19,,,,,108.94,0.88%,,,6.702,-2.95%,,
2022-06-20,392.75,0.87%,"5,261.00",-7.36%,108.84,-0.09%,,,6.713,0.16%,,
2022-06-21,390.0,-0.70%,"5,210.00",-0.97%,109.52,0.62%,975.25,-5.70%,6.783,1.04%,18.66,0.32%
2022-06-22,392.0,0.51%,"4,688.00",-10.02%,103.99,-5.05%,976.50,0.13%,6.872,1.31%,18.45,-1.13%
2022-06-23,397.5,1.40%,"4,870.00",3.88%,101.58,-2.32%,937.25,-4.02%,6.283,-8.57%,18.38,-0.38%
2022-06-24,397.0,-0.13%,"4,798.00",-1.48%,104.45,2.83%,923.75,-1.44%,6.281,-0.03%,18.37,-0.05%
2022-06-27,392.45,-1.15%,"5,049.00",5.23%,106.38,1.85%,904.00,-2.14%,6.546,4.22%,18.3,-0.38%
2022-06-28,393.5,0.27%,"5,159.00",2.18%,108.89,2.36%,921.25,1.91%,6.57,0.37%,18.53,1.26%
2022-06-29,380.0,-3.43%,"5,069.00",-1.74%,107.01,-1.73%,915.50,-0.62%,6.493,-1.17%,18.55,0.11%
2022-06-30,385.95,1.57%,"5,088.00",0.37%,103.1,-3.65%,868.75,-5.11%,5.392,-16.96%,18.83,1.51%
2022-07-01,388.0,0.53%,"4,886.00",-3.97%,105.39,2.22%,831.25,-4.32%,5.712,5.93%,18.07,-4.04%
2022-07-03,,,,,108.19,2.66%,,,5.709,-0.05%,,
2022-07-04,396.45,2.18%,"4,460.00",-8.72%,110.4,2.04%,,,5.853,2.52%,,
2022-07-05,397.6,0.29%,"4,199.00",-5.85%,96.52,-12.57%,793.75,-4.51%,5.487,-6.25%,17.8,-1.49%
2022-07-06,399.7,0.53%,"4,073.00",-3.00%,94.98,-1.60%,792.25,-0.19%,5.482,-0.09%,17.99,1.07%
2022-07-07,410.0,2.58%,"4,129.00",1.37%,99.25,4.50%,824.50,4.07%,6.262,14.23%,18.52,2.95%
2022-07-08,413.75,0.91%,"4,137.00",0.19%,101.53,2.30%,879.25,6.64%,5.967,-4.71%,19.02,2.70%
2022-07-11,419.0,1.27%,,,101.21,-0.32%,843.75,-4.04%,6.319,5.90%,18.86,-0.84%
2022-07-12,426.0,1.67%,"4,121.00",-0.39%,93.31,-7.81%,801.50,-5.01%,6.021,-4.72%,18.69,-0.90%
2022-07-13,430.0,0.94%,"3,850.00",-6.58%,93.83,0.56%,798.25,-0.41%,6.589,9.43%,19.14,2.41%
2022-07-14,416.35,-3.17%,"3,643.00",-5.38%,92.83,-1.07%,794.25,-0.50%,6.511,-1.18%,18.97,-0.89%
2022-07-15,406.55,-2.35%,"3,632.00",-0.30%,94.57,1.87%,776.75,-2.20%,6.926,6.37%,19.25,1.48%
2022-07-18,396.05,-2.58%,"3,887.00",7.02%,99.42,5.13%,812.75,4.63%,7.382,6.58%,19.41,0.83%
2022-07-19,399.65,0.91%,"3,799.00",-2.26%,100.74,1.33%,812.25,-0.06%,7.15,-3.14%,18.84,-2.94%
2022-07-20,408.6,2.24%,"3,913.00",3.00%,99.88,-0.85%,819.50,0.89%,7.899,10.48%,18.67,-0.90%
2022-07-21,403.4,-1.27%,"3,707.00",-5.26%,93.78,-6.11%,806.25,-1.62%,7.815,-1.06%,18.35,-1.71%
2022-07-22,409.2,1.44%,"3,727.00",0.54%,92.43,-1.44%,759.00,-5.86%,8.195,4.86%,17.89,-2.51%
2022-07-25,410.25,0.26%,"3,706.00",-0.56%,94.42,2.15%,770.00,1.45%,8.571,4.59%,17.47,-2.35%
2022-07-26,414.0,0.91%,"3,860.00",4.16%,92.88,-1.63%,803.75,4.38%,8.825,2.96%,17.47,0.00%
2022-07-27,411.5,-0.60%,"3,907.00",1.22%,95.29,2.59%,790.25,-1.68%,8.554,-3.07%,17.4,-0.40%
2022-07-28,411.4,-0.02%,"4,030.00",3.15%,94.65,-0.67%,817.00,3.39%,8.118,-5.10%,17.72,1.84%
2022-07-29,407.9,-0.85%,"4,355.00",8.06%,96.75,2.22%,807.75,-1.13%,8.208,1.11%,17.54,-1.02%
2022-08-01,405.0,-0.71%,"4,093.00",-6.02%,92.39,-4.51%,800.25,-0.93%,8.26,0.63%,17.6,0.34%
2022-08-02,403.5,-0.37%,"3,943.00",-3.66%,93.22,0.90%,774.75,-3.19%,7.698,-6.80%,17.69,0.51%
2022-08-03,393.5,-2.48%,"3,985.00",1.07%,89.74,-3.73%,763.75,-1.42%,8.262,7.33%,17.77,0.45%
2022-08-04,385.0,-2.16%,"3,940.00",-1.13%,87.56,-2.43%,782.50,2.45%,8.114,-1.79%,17.55,-1.24%
2022-08-05,361.0,-6.23%,"4,020.00",2.03%,88.08,0.59%,775.75,-0.86%,8.051,-0.78%,17.94,2.22%
2022-08-08,371.0,2.77%,"4,135.00",2.86%,89.93,2.10%,779.75,0.52%,7.578,-5.88%,17.96,0.11%
2022-08-09,384.5,3.64%,"4,170.00",0.85%,89.67,-0.29%,781.50,0.22%,7.825,3.26%,17.98,0.11%
2022-08-10,398.65,3.68%,"4,191.00",0.50%,91.2,1.71%,799.75,2.34%,8.193,4.70%,18.28,1.67%
2022-08-11,401.0,0.59%,"4,300.00",2.60%,93.53,2.55%,810.75,1.38%,8.863,8.18%,18.49,1.15%
2022-08-12,407.65,1.66%,"4,432.00",3.07%,91.46,-2.21%,806.00,-0.59%,8.744,-1.34%,18.6,0.59%
2022-08-15,407.5,-0.04%,"4,331.00",-2.28%,88.85,-2.85%,800.75,-0.65%,8.712,-0.37%,18.54,-0.32%
2022-08-16,405.0,-0.61%,"4,156.00",-4.04%,86.16,-3.03%,786.00,-1.84%,9.311,6.88%,18.27,-1.46%
2022-08-17,413.9,2.20%,"4,166.00",0.24%,87.69,1.78%,763.25,-2.89%,9.228,-0.89%,18.24,-0.16%
2022-08-18,413.9,0.00%,"4,059.00",-2.57%,90.11,2.76%,731.50,-4.16%,9.17,-0.63%,17.77,-2.58%
2022-08-19,416.25,0.57%,"4,090.00",0.76%,90.44,0.37%,753.25,2.97%,9.315,1.58%,18.09,1.80%
2022-08-22,418.35,0.50%,"4,163.00",1.78%,90.36,-0.09%,770.50,2.29%,9.647,3.56%,17.94,-0.83%
2022-08-23,417.6,-0.18%,"4,227.00",1.54%,93.25,3.20%,782.75,1.59%,9.155,-5.10%,17.89,-0.28%
2022-08-24,412.6,-1.20%,"4,290.00",1.49%,94.4,1.23%,795.00,1.56%,9.3,1.58%,18.04,0.84%
2022-08-25,417.5,1.19%,"4,239.00",-1.19%,92.19,-2.34%,769.75,-3.18%,9.344,0.47%,17.9,-0.78%
2022-08-26,417.4,-0.02%,"4,149.00",-2.12%,92.39,0.22%,784.75,1.95%,9.269,-0.80%,18.47,3.18%
2022-08-29,422.75,1.28%,"4,077.00",-1.74%,96.19,4.11%,820.00,4.49%,9.336,0.72%,18.44,-0.16%
2022-08-30,414.55,-1.94%,"4,003.00",-1.82%,91.17,-5.22%,798.25,-2.65%,9.103,-2.50%,18.1,-1.84%
2022-08-31,425.0,2.52%,,,89.03,-2.35%,809.00,1.35%,9.189,0.94%,17.89,-1.16%
2022-09-01,427.35,0.55%,"3,860.00",-3.57%,86.22,-3.16%,775.50,-4.14%,9.33,1.53%,17.99,0.56%
2022-09-02,435.0,1.79%,"3,830.00",-0.78%,86.48,0.30%,793.00,2.26%,8.85,-5.14%,18.15,0.89%
2022-09-04,,,,,88.25,2.05%,808.00,1.89%,8.979,1.46%,,
2022-09-05,457.8,5.24%,"3,822.00",-0.21%,88.96,0.80%,812.25,0.53%,8.714,-2.95%,,
2022-09-06,450.25,-1.65%,"3,705.00",-3.06%,86.51,-2.75%,800.00,-1.51%,8.212,-5.76%,17.98,-0.94%
2022-09-07,439.0,-2.50%,"3,600.00",-2.83%,81.63,-5.64%,826.50,3.31%,7.901,-3.79%,18.05,0.39%
2022-09-08,440.35,0.31%,"3,438.00",-4.50%,83.07,1.76%,810.50,-1.94%,7.971,0.89%,17.93,-0.66%
2022-09-09,435.25,-1.16%,"3,500.00",1.80%,86.36,3.96%,853.25,5.27%,8.044,0.92%,18.22,1.62%
2022-09-12,437.5,0.52%,"3,550.00",1.43%,87.41,1.22%,841.25,-1.41%,8.287,3.02%,18.35,0.71%
2022-09-13,439.35,0.42%,"3,759.00",5.89%,86.89,-0.59%,842.75,0.18%,8.334,0.57%,18.38,0.16%
2022-09-14,444.2,1.10%,"3,700.00",-1.57%,88.05,1.34%,853.75,1.31%,9.167,10.00%,18.27,-0.60%
2022-09-15,445.5,0.29%,"3,700.00",0.00%,84.65,-3.86%,845.00,-1.02%,8.372,-8.67%,18.18,-0.49%
2022-09-16,439.0,-1.46%,,,84.76,0.13%,859.75,1.75%,7.811,-6.70%,17.88,-1.65%
2022-09-19,439.05,0.01%,"3,606.00",-2.54%,85.36,0.71%,830.50,-3.40%,7.804,-0.09%,17.69,-1.06%
2022-09-20,441.3,0.51%,"3,676.00",1.94%,83.94,-1.66%,893.75,7.62%,7.772,-0.41%,18.19,2.83%
2022-09-21,444.5,0.73%,"3,807.00",3.56%,82.43,-1.80%,903.75,1.12%,7.827,0.71%,18.22,0.16%
2022-09-22,435.65,-1.99%,"3,761.00",-1.21%,83.03,0.73%,910.75,0.77%,7.193,-8.10%,18.49,1.48%
2022-09-23,435.2,-0.10%,"3,673.00",-2.34%,78.25,-5.76%,880.50,-3.32%,6.992,-2.79%,18.28,-1.14%
2022-09-26,438.0,0.64%,"3,481.00",-5.23%,76.18,-2.65%,858.00,-2.56%,7.014,0.31%,18.35,0.38%
2022-09-27,437.65,-0.08%,"3,463.00",-0.52%,77.81,2.14%,871.50,1.57%,6.76,-3.62%,18.19,-0.87%
2022-09-28,436.0,-0.38%,"3,144.00",-9.21%,81.24,4.41%,903.25,3.64%,6.955,2.88%,18.29,0.55%
2022-09-29,435.75,-0.06%,"3,278.00",4.26%,80.42,-1.01%,896.25,-0.77%,7.142,2.69%,18.44,0.82%
2022-09-30,433.7,-0.47%,"3,327.00",1.49%,78.72,-2.11%,921.50,2.82%,7.065,-1.08%,18.42,-0.11%
2022-10-03,401.5,-7.42%,"3,320.00",-0.21%,82.7,5.06%,912.00,-1.03%,6.803,-3.71%,17.42,-5.43%
2022-10-04,404.0,0.62%,"3,501.00",5.45%,85.5,3.39%,903.00,-0.99%,7.174,5.45%,17.91,2.81%
2022-10-05,396.25,-1.92%,"3,532.00",0.89%,86.84,1.57%,902.00,-0.11%,7.236,0.86%,17.95,0.22%
2022-10-06,400.0,0.95%,"3,589.00",1.61%,87.59,0.86%,879.00,-2.55%,7.242,0.08%,18.46,2.84%
2022-10-07,385.8,-3.55%,"3,630.00",1.14%,91.35,4.29%,880.25,0.14%,7.047,-2.69%,18.68,1.19%
2022-10-10,386.5,0.18%,,,89.84,-1.65%,938.00,6.56%,6.784,-3.73%,18.61,-0.37%
2022-10-11,391.15,1.20%,"3,484.00",-4.02%,87.97,-2.08%,901.00,-3.94%,6.928,2.12%,18.74,0.70%
2022-10-12,403.0,3.03%,"3,523.00",1.12%,86.06,-2.17%,882.25,-2.08%,6.766,-2.34%,18.68,-0.32%
2022-10-13,393.5,-2.36%,"3,530.00",0.20%,87.95,2.20%,892.25,1.13%,7.053,4.24%,18.81,0.70%
2022-10-14,392.5,-0.25%,"3,650.00",3.40%,84.65,-3.75%,859.75,-3.64%,6.827,-3.20%,18.84,0.16%
2022-10-17,392.15,-0.09%,"3,801.00",4.14%,84.53,-0.14%,861.00,0.15%,6.479,-5.10%,18.77,-0.37%
2022-10-18,387.85,-1.10%,"3,933.00",3.47%,82.07,-2.91%,849.50,-1.34%,6.237,-3.74%,18.67,-0.53%
2022-10-19,391.0,0.81%,"4,021.00",2.24%,84.52,2.99%,841.25,-0.97%,5.928,-4.95%,18.65,-0.11%
2022-10-20,391.95,0.24%,"3,995.00",-0.65%,84.51,-0.01%,849.25,0.95%,5.838,-1.52%,18.39,-1.39%
2022-10-21,390.0,-0.50%,"3,979.00",-0.40%,83.95,-0.66%,850.75,0.18%,5.472,-6.27%,18.38,-0.05%
2022-10-24,390.0,0.00%,,,83.59,-0.43%,838.75,-1.41%,5.753,5.14%,18.13,-1.36%
2022-10-25,388.15,-0.47%,"3,964.00",-0.38%,84.31,0.86%,834.75,-0.48%,6.166,7.18%,18.11,-0.11%
2022-10-26,386.5,-0.43%,"3,904.00",-1.51%,86.68,2.81%,840.50,0.69%,6.119,-0.76%,17.86,-1.38%
2022-10-27,385.6,-0.23%,"3,924.00",0.51%,87.83,1.33%,838.50,-0.24%,5.875,-3.99%,17.71,-0.84%
2022-10-28,385.7,0.03%,"3,826.00",-2.50%,86.61,-1.39%,829.25,-1.10%,5.953,1.33%,17.58,-0.73%
2022-10-31,356.3,-7.62%,"3,858.00",0.84%,85.4,-1.40%,882.25,6.39%,6.607,10.99%,17.97,2.22%
2022-11-01,359.0,0.76%,"4,048.00",4.92%,87.19,2.10%,902.50,2.30%,6.08,-7.98%,18.43,2.56%
2022-11-02,361.0,0.56%,"4,193.00",3.58%,88.86,1.92%,846.00,-6.26%,6.589,8.37%,18.47,0.22%
2022-11-03,351.0,-2.77%,"4,153.00",-0.95%,87.18,-1.89%,840.50,-0.65%,6.33,-3.93%,18.47,0.00%
2022-11-04,349.5,-0.43%,"4,182.00",0.70%,91.45,4.90%,847.75,0.86%,6.754,6.70%,18.71,1.30%
2022-11-07,344.9,-1.32%,"4,260.00",1.87%,90.73,-0.79%,845.75,-0.24%,7.244,7.25%,18.68,-0.16%
2022-11-08,339.0,-1.71%,"4,254.00",-0.14%,88.0,-3.01%,827.75,-2.13%,6.524,-9.94%,19.0,1.71%
2022-11-09,324.75,-4.20%,"4,145.00",-2.56%,85.0,-3.41%,806.50,-2.57%,6.225,-4.58%,19.38,2.00%
2022-11-10,324.25,-0.15%,"4,109.00",-0.87%,85.66,0.78%,803.50,-0.37%,6.613,6.23%,19.41,0.15%
2022-11-11,326.8,0.79%,"4,187.00",1.90%,88.16,2.92%,813.75,1.28%,6.263,-5.29%,19.64,1.18%
2022-11-14,330.35,1.09%,"3,987.00",-4.78%,85.16,-3.40%,818.50,0.58%,6.299,0.57%,19.83,0.97%
2022-11-15,341.0,3.22%,"3,987.00",0.00%,86.25,1.28%,828.25,1.19%,6.395,1.52%,20.29,2.32%
2022-11-16,332.55,-2.48%,"3,907.00",-2.01%,85.0,-1.45%,817.50,-1.30%,6.607,3.32%,20.27,-0.10%
2022-11-17,334.6,0.62%,"3,791.00",-2.97%,81.4,-4.24%,806.75,-1.31%,6.744,2.07%,19.73,-2.66%
2022-11-18,343.45,2.64%,,,80.11,-1.58%,803.25,-0.43%,6.716,-0.42%,20.05,1.62%
2022-11-21,351.0,2.20%,"3,815.00",0.63%,80.04,-0.09%,799.25,-0.50%,7.223,7.55%,19.86,-0.95%
2022-11-22,347.15,-1.10%,"3,949.00",3.51%,80.73,0.86%,791.50,-0.97%,7.406,2.53%,19.74,-0.60%
2022-11-23,346.45,-0.20%,"4,036.00",2.20%,78.07,-3.29%,793.50,0.25%,7.708,4.08%,19.55,-0.96%
2022-11-24,347.35,0.26%,"3,989.00",-1.16%,77.95,-0.15%,792.38,-0.14%,7.177,-6.89%,,
2022-11-25,349.4,0.59%,"4,060.00",1.78%,76.43,-1.95%,775.50,-2.13%,7.33,2.13%,19.33,-1.13%
2022-11-28,379.0,8.47%,,,77.33,1.18%,756.75,-2.42%,7.196,-1.83%,19.38,0.26%
2022-11-29,387.4,2.22%,"4,098.00",0.94%,78.28,1.23%,757.75,0.13%,7.084,-1.56%,19.53,0.77%
2022-11-30,398.5,2.87%,"4,099.00",0.02%,80.66,3.04%,771.50,1.81%,6.818,-3.75%,19.63,0.51%
2022-12-01,385.0,-3.39%,"3,996.00",-2.51%,81.14,0.60%,758.75,-1.65%,6.631,-2.74%,19.62,-0.05%
2022-12-02,391.0,1.56%,"3,905.00",-2.28%,80.05,-1.34%,737.25,-2.83%,6.169,-6.97%,19.48,-0.71%
2022-12-05,400.5,2.43%,"3,903.00",-0.05%,77.08,-3.71%,715.50,-2.95%,5.484,-11.10%,19.55,0.36%
2022-12-06,408.8,2.07%,"4,039.00",3.48%,74.46,-3.40%,705.50,-1.40%,5.378,-1.93%,19.39,-0.82%
2022-12-07,405.65,-0.77%,"3,911.00",-3.17%,72.28,-2.93%,727.00,3.05%,5.617,4.44%,19.48,0.46%
2022-12-08,395.5,-2.50%,"3,886.00",-0.64%,71.58,-0.97%,724.25,-0.38%,5.82,3.61%,19.68,1.03%
2022-12-09,402.5,1.77%,"3,924.00",0.98%,71.21,-0.52%,712.75,-1.59%,6.082,4.50%,19.6,-0.41%
2022-12-12,400.25,-0.56%,"3,678.00",-6.27%,73.28,2.91%,733.00,2.84%,6.416,5.49%,19.38,-1.12%
2022-12-13,404.5,1.06%,"3,826.00",4.02%,75.44,2.95%,728.75,-0.58%,6.733,4.94%,19.76,1.96%
2022-12-14,404.0,-0.12%,"3,885.00",1.54%,77.31,2.48%,728.25,-0.07%,6.22,-7.62%,20.29,2.68%
2022-12-15,401.9,-0.52%,"3,885.00",0.00%,76.15,-1.50%,757.25,3.98%,6.589,5.93%,19.98,-1.53%
2022-12-16,403.0,0.27%,"3,863.00",-0.57%,74.46,-2.22%,753.50,-0.50%,6.303,-4.34%,20.09,0.55%
2022-12-19,401.35,-0.41%,"3,882.00",0.49%,75.38,1.24%,748.50,-0.66%,5.71,-9.41%,20.14,0.25%
2022-12-20,400.05,-0.32%,"3,839.00",-1.11%,76.23,1.13%,750.50,0.27%,5.216,-8.65%,20.58,2.18%
2022-12-21,401.4,0.34%,"3,914.00",1.95%,78.24,2.64%,767.75,2.30%,5.238,0.42%,20.75,0.83%
2022-12-22,400.65,-0.19%,"3,863.00",-1.30%,77.42,-1.05%,762.25,-0.72%,4.928,-5.92%,20.89,0.67%
2022-12-23,401.1,0.11%,"3,802.00",-1.58%,79.64,2.87%,776.00,1.80%,4.98,1.06%,20.98,0.43%
2022-12-26,,,,,80.97,1.67%,,,5.144,3.29%,,
2022-12-27,400.5,-0.15%,"4,065.00",6.92%,79.64,-1.64%,774.50,-0.19%,5.118,-0.51%,20.32,-3.15%
2022-12-28,402.1,0.40%,"4,069.00",0.10%,79.08,-0.70%,785.50,1.42%,4.685,-8.46%,20.16,-0.79%
2022-12-29,404.15,0.51%,"4,078.00",0.22%,78.5,-0.73%,774.00,-1.46%,4.117,-12.12%,20.29,0.64%
2022-12-30,404.15,0.00%,"4,171.00",2.28%,80.45,2.48%,792.00,2.33%,4.104,-0.32%,20.04,-1.23%
2023-01-02,,,,,80.47,0.02%,,,4.143,0.95%,,
2023-01-03,393.1,-2.73%,"4,265.00",2.25%,77.12,-4.16%,775.50,-2.08%,3.641,-12.12%,19.7,-1.70%
2023-01-04,394.55,0.37%,"4,210.00",-1.29%,73.1,-5.21%,745.50,-3.87%,3.78,3.82%,19.54,-0.81%
2023-01-05,397.5,0.75%,"4,080.00",-3.09%,73.92,1.12%,746.75,0.17%,3.426,-9.37%,19.34,-1.02%
2023-01-06,396.15,-0.34%,"3,981.00",-2.43%,74.04,0.16%,743.50,-0.44%,3.392,-0.99%,18.96,-1.96%
2023-01-09,393.85,-0.58%,"4,020.00",0.98%,74.92,1.19%,741.50,-0.27%,3.563,5.04%,19.17,1.11%
2023-01-10,390.45,-0.86%,"3,887.00",-3.31%,75.37,0.60%,731.00,-1.42%,3.314,-6.99%,19.64,2.45%
2023-01-11,370.0,-5.24%,"3,823.00",-1.65%,77.68,3.06%,740.00,1.23%,3.346,0.97%,19.65,0.05%
2023-01-12,377.5,2.03%,"3,823.00",0.00%,78.65,1.25%,742.75,0.37%,3.355,0.27%,19.59,-0.31%
2023-01-13,370.25,-1.92%,"3,820.00",-0.08%,80.11,1.86%,743.75,0.13%,3.196,-4.74%,19.73,0.71%
2023-01-15,,,,,79.78,-0.41%,,,3.601,12.67%,,
2023-01-16,368.75,-0.41%,"3,846.00",0.68%,79.04,-0.93%,,,3.675,2.05%,,
2023-01-17,369.25,0.14%,"3,790.00",-1.46%,80.45,1.78%,751.75,1.08%,3.253,-11.48%,20.14,2.08%
2023-01-18,368.0,-0.34%,"3,859.00",1.82%,79.8,-0.81%,742.50,-1.23%,3.111,-4.37%,19.82,-1.59%
2023-01-19,363.5,-1.22%,"3,887.00",0.73%,80.61,1.02%,734.50,-1.08%,3.124,0.42%,19.68,-0.71%
2023-01-20,350.95,-3.45%,"3,885.00",-0.05%,81.64,1.28%,741.50,0.95%,3.036,-2.82%,19.72,0.20%
2023-01-23,360.0,2.58%,,,81.93,0.36%,720.00,-2.90%,3.222,6.13%,19.7,-0.10%
2023-01-24,359.6,-0.11%,,,80.44,-1.82%,734.50,2.01%,3.057,-5.12%,19.88,0.91%
2023-01-25,354.0,-1.56%,"3,754.00",-3.37%,80.44,0.00%,741.25,0.92%,2.915,-4.65%,20.11,1.16%
2023-01-26,355.6,0.45%,"3,778.00",0.64%,81.28,1.04%,752.50,1.52%,2.848,-2.30%,20.68,2.83%
2023-01-27,358.1,0.70%,"3,874.00",2.54%,79.96,-1.62%,750.00,-0.33%,2.849,0.04%,20.96,1.35%
2023-01-30,265.35,-25.90%,"3,850.00",-0.62%,78.18,-2.23%,752.50,0.33%,2.731,-4.14%,21.21,1.19%
2023-01-31,251.75,-5.13%,"3,720.00",-3.38%,79.17,1.27%,761.25,1.16%,2.741,0.37%,21.76,2.59%
2023-02-01,247.0,-1.89%,,,76.73,-3.08%,759.75,-0.20%,2.536,-7.48%,21.37,-1.79%
2023-02-02,244.65,-0.95%,"3,652.00",-1.83%,76.2,-0.69%,761.00,0.16%,2.522,-0.55%,21.66,1.36%
2023-02-03,236.0,-3.54%,"3,725.00",2.00%,73.74,-3.23%,756.75,-0.56%,2.48,-1.67%,21.24,-1.94%
2023-02-06,252.0,6.78%,,,74.47,0.99%,750.25,-0.86%,2.535,2.22%,20.66,-2.73%
2023-02-07,255.65,1.45%,"3,818.00",2.50%,77.39,3.92%,749.75,-0.07%,2.664,5.09%,20.84,0.87%
2023-02-08,239.35,-6.38%,"3,820.00",0.05%,78.69,1.68%,764.75,2.00%,2.477,-7.02%,21.2,1.73%
2023-02-09,225.5,-5.79%,"3,832.00",0.31%,78.27,-0.53%,757.25,-0.98%,2.492,0.61%,21.45,1.18%
2023-02-10,226.1,0.27%,"3,806.00",-0.68%,79.92,2.11%,786.00,3.80%,2.607,4.61%,21.58,0.61%
2023-02-13,221.0,-2.26%,"3,850.00",1.16%,80.33,0.51%,792.00,0.76%,2.499,-4.14%,21.2,-1.76%
2023-02-14,219.5,-0.68%,"3,884.00",0.88%,79.24,-1.36%,786.00,-0.76%,2.652,6.12%,21.57,1.75%
2023-02-15,219.9,0.18%,"3,884.00",0.00%,78.83,-0.52%,769.25,-2.13%,2.555,-3.66%,21.38,-0.88%
2023-02-16,214.0,-2.68%,"4,030.00",3.76%,78.74,-0.11%,765.00,-0.55%,2.485,-2.74%,21.45,0.33%
2023-02-17,209.35,-2.17%,"4,095.00",1.61%,76.55,-2.78%,765.50,0.07%,2.352,-5.35%,21.41,-0.19%
2023-02-19,,,,,76.67,0.16%,764.75,-0.10%,2.305,-2.00%,,
2023-02-20,205.65,-1.77%,"4,121.00",0.63%,77.3,0.82%,764.75,0.00%,2.324,0.82%,,
2023-02-21,208.5,1.39%,"4,097.00",-0.58%,76.36,-1.22%,750.50,-1.86%,2.177,-6.33%,21.33,-0.37%
2023-02-22,209.65,0.55%,"4,099.00",0.05%,74.19,-2.84%,736.50,-1.87%,2.298,5.56%,21.29,-0.19%
2023-02-23,210.1,0.21%,"4,190.00",2.22%,75.6,1.90%,738.25,0.24%,2.432,5.83%,21.58,1.36%
2023-02-24,209.2,-0.43%,"4,156.00",-0.81%,76.47,1.15%,708.25,-4.06%,2.548,4.77%,21.28,-1.39%
2023-02-27,196.5,-6.07%,"4,184.00",0.67%,75.81,-0.86%,696.00,-1.73%,2.853,11.97%,22.09,3.81%
2023-02-28,192.85,-1.86%,"4,113.00",-1.70%,77.19,1.82%,691.50,-0.65%,2.863,0.35%,22.08,-0.05%
2023-03-01,193.5,0.34%,"4,146.00",0.80%,77.83,0.83%,697.00,0.80%,2.943,2.79%,20.57,-6.84%
2023-03-02,193.0,-0.26%,"4,270.00",2.99%,78.31,0.62%,701.25,0.61%,2.899,-1.50%,20.31,-1.26%
2023-03-03,188.9,-2.12%,"4,318.00",1.12%,79.79,1.89%,695.75,-0.78%,3.141,8.35%,20.92,3.00%
2023-03-06,181.75,-3.79%,"4,250.00",-1.57%,80.56,0.97%,682.50,-1.90%,2.73,-13.09%,20.87,-0.24%
2023-03-07,179.25,-1.38%,"4,199.00",-1.20%,77.72,-3.53%,684.75,0.33%,2.84,4.03%,21.02,0.72%
2023-03-08,179.5,0.14%,"4,175.00",-0.57%,76.81,-1.17%,674.50,-1.50%,2.713,-4.47%,20.88,-0.67%
2023-03-09,180.0,0.28%,"4,166.00",-0.22%,75.84,-1.26%,653.50,-3.11%,2.683,-1.11%,21.15,1.29%
2023-03-10,185.25,2.92%,"4,170.00",0.10%,76.78,1.24%,666.75,2.03%,2.559,-4.62%,21.16,0.05%
2023-03-13,182.9,-1.27%,"4,139.00",-0.74%,74.91,-2.44%,672.25,0.82%,2.726,6.53%,20.8,-1.70%
2023-03-14,180.0,-1.59%,"4,103.00",-0.87%,71.49,-4.57%,686.50,2.12%,2.69,-1.32%,20.68,-0.58%
2023-03-15,175.0,-2.78%,"4,103.00",0.00%,67.74,-5.25%,702.75,2.37%,2.546,-5.35%,20.5,-0.87%
2023-03-16,174.0,-0.57%,"4,083.00",-0.49%,68.52,1.15%,699.00,-0.53%,2.626,3.14%,20.76,1.27%
2023-03-17,173.0,-0.57%,"4,071.00",-0.29%,66.93,-2.32%,710.50,1.65%,2.446,-6.85%,20.67,-0.43%
2023-03-20,172.25,-0.43%,"3,935.00",-3.34%,67.82,1.33%,700.75,-1.37%,2.331,-4.70%,20.48,-0.92%
2023-03-21,174.0,1.02%,"3,937.00",0.05%,69.67,2.73%,683.25,-2.50%,2.485,6.61%,20.8,1.56%
2023-03-22,176.55,1.47%,"3,835.00",-2.59%,71.02,1.94%,663.50,-2.89%,2.307,-7.16%,21.14,1.63%
2023-03-23,176.65,0.06%,"3,750.00",-2.22%,70.12,-1.27%,662.00,-0.23%,2.283,-1.04%,20.89,-1.18%
2023-03-24,175.35,-0.74%,"3,751.00",0.03%,69.41,-1.01%,688.50,4.00%,2.361,3.42%,20.82,-0.34%
2023-03-27,176.25,0.51%,"3,884.00",3.55%,72.93,5.07%,698.00,1.38%,2.215,-6.18%,20.93,0.53%
2023-03-28,176.5,0.14%,"4,011.00",3.27%,73.34,0.56%,699.75,0.25%,2.147,-3.07%,21.31,1.82%
2023-03-29,176.6,0.06%,"4,030.00",0.47%,73.12,-0.30%,704.75,0.71%,2.184,1.72%,21.25,-0.28%
2023-03-30,176.75,0.08%,"4,112.00",2.03%,74.49,1.87%,692.25,-1.77%,2.358,7.97%,21.96,3.34%
2023-03-31,177.25,0.28%,"4,058.00",-1.31%,75.8,1.76%,692.25,0.00%,2.465,4.54%,22.25,1.32%
2023-04-03,200.0,12.83%,"4,169.00",2.74%,80.44,6.12%,693.50,0.18%,2.333,-5.35%,22.4,0.67%
2023-04-04,192.65,-3.68%,"4,242.00",1.75%,80.72,0.35%,691.50,-0.29%,2.344,0.47%,22.47,0.31%
2023-04-05,198.0,2.78%,"4,205.00",-0.87%,80.63,-0.11%,682.00,-1.37%,2.381,1.58%,22.95,2.14%
2023-04-06,193.75,-2.15%,"4,191.00",-0.33%,80.68,0.06%,675.50,-0.95%,2.238,-6.01%,23.61,2.88%
2023-04-07,,,"4,220.00",0.69%,,,675.50,0.00%,,,,
2023-04-10,193.75,0.00%,"4,327.00",2.54%,79.77,-1.13%,678.50,0.44%,2.361,5.50%,23.56,-0.21%
2023-04-11,194.15,0.21%,"4,280.00",-1.09%,81.49,2.16%,674.00,-0.66%,2.351,-0.42%,24.37,3.44%
2023-04-12,194.6,0.23%,"4,170.00",-2.57%,83.09,1.96%,679.50,0.82%,2.267,-3.57%,24.05,-1.31%
2023-04-13,190.75,-1.98%,"4,100.00",-1.68%,82.04,-1.26%,667.00,-1.84%,2.197,-3.09%,24.04,-0.04%
2023-04-14,188.0,-1.44%,"4,100.00",0.00%,82.43,0.48%,682.50,2.32%,2.305,4.92%,24.1,0.25%
2023-04-17,187.0,-0.53%,"4,014.00",-2.10%,80.83,-1.94%,696.50,2.05%,2.444,6.03%,24.44,1.41%
2023-04-18,188.3,0.70%,"4,140.00",3.14%,80.9,0.09%,698.00,0.22%,2.517,2.99%,24.54,0.41%
2023-04-19,192.5,2.23%,"4,097.00",-1.04%,79.24,-2.05%,681.75,-2.33%,2.395,-4.85%,24.37,-0.69%
2023-04-20,191.75,-0.39%,"4,110.00",0.32%,77.37,-2.36%,667.75,-2.05%,2.427,1.34%,25.25,3.61%
2023-04-21,190.35,-0.73%,,,77.71,0.44%,661.75,-0.90%,2.408,-0.78%,24.83,-1.66%
2023-04-24,190.0,-0.18%,,,78.6,1.15%,643.50,-2.76%,2.471,2.62%,25.91,4.35%
2023-04-25,189.05,-0.50%,"4,081.00",-0.71%,76.87,-2.20%,638.75,-0.74%,2.437,-1.38%,26.65,2.86%
2023-04-26,190.15,0.58%,"4,061.00",-0.49%,74.19,-3.49%,627.25,-1.80%,2.305,-5.42%,26.51,-0.53%
2023-04-27,189.95,-0.11%,"4,045.00",-0.39%,74.58,0.53%,614.75,-1.99%,2.548,10.54%,26.99,1.81%
2023-04-28,189.7,-0.13%,"3,937.00",-2.67%,76.61,2.72%,619.75,0.81%,2.578,1.18%,26.99,0.00%
2023-05-01,185.15,-2.40%,,,75.51,-1.44%,603.75,-2.58%,2.498,-3.10%,25.54,-5.37%
2023-05-02,187.55,1.30%,"4,016.00",2.01%,71.55,-5.24%,595.50,-1.37%,2.417,-3.24%,25.14,-1.57%
2023-05-03,180.6,-3.71%,"4,019.00",0.07%,68.55,-4.19%,626.25,5.16%,2.36,-2.36%,25.17,0.12%
2023-05-04,170.65,-5.51%,,,68.51,-0.06%,631.50,0.84%,2.297,-2.67%,25.52,1.39%
2023-05-05,169.65,-0.59%,"4,070.00",1.27%,71.27,4.03%,647.00,2.45%,2.321,1.04%,26.32,3.13%
2023-05-08,169.65,0.00%,"4,084.00",0.34%,73.07,2.53%,641.00,-0.93%,2.412,3.92%,26.09,-0.87%
2023-05-09,169.0,-0.38%,"4,050.00",-0.83%,73.62,0.75%,630.50,-1.64%,2.427,0.62%,26.19,0.38%
2023-05-10,166.95,-1.21%,"3,930.00",-2.96%,72.52,-1.49%,628.25,-0.36%,2.336,-3.75%,26.66,1.79%
2023-05-11,163.0,-2.37%,"3,800.00",-3.31%,70.88,-2.26%,614.25,-2.23%,2.345,0.39%,26.02,-2.40%
2023-05-12,164.9,1.17%,"3,843.00",1.13%,70.02,-1.21%,624.50,1.67%,2.438,3.97%,26.22,0.77%
2023-05-15,163.75,-0.70%,"3,850.00",0.18%,71.09,1.53%,660.75,5.80%,2.542,4.27%,26.29,0.27%
2023-05-16,163.8,0.03%,"3,748.00",-2.65%,70.84,-0.35%,647.50,-2.01%,2.534,-0.31%,26.07,-0.84%
2023-05-17,165.25,0.89%,"3,724.00",-0.64%,72.89,2.89%,625.50,-3.40%,2.509,-0.99%,25.91,-0.61%
2023-05-18,159.35,-3.57%,"3,675.00",-1.32%,71.94,-1.30%,611.75,-2.20%,2.715,8.21%,25.61,-1.16%
2023-05-19,162.25,1.82%,"3,725.00",1.36%,71.69,-0.35%,605.00,-1.10%,2.707,-0.29%,25.78,0.66%
2023-05-22,160.35,-1.17%,"3,673.00",-1.40%,72.05,0.50%,606.25,0.21%,2.551,-5.76%,25.99,0.81%
2023-05-23,160.0,-0.22%,"3,551.00",-3.32%,72.85,1.11%,622.25,2.64%,2.489,-2.43%,25.81,-0.69%
2023-05-24,160.25,0.16%,"3,527.00",-0.68%,74.29,1.98%,606.25,-2.57%,2.566,3.09%,25.49,-1.24%
2023-05-25,160.0,-0.16%,"3,565.00",1.08%,71.93,-3.18%,604.25,-0.33%,2.476,-3.51%,24.83,-2.59%
2023-05-26,160.0,0.00%,"3,590.00",0.70%,72.76,1.15%,616.00,1.94%,2.417,-2.38%,25.37,2.17%
2023-05-28,,,,,73.22,0.63%,616.88,0.14%,2.435,0.74%,,
2023-05-29,140.65,-12.09%,"3,585.00",-0.14%,72.87,-0.48%,,,2.349,-3.53%,,
2023-05-30,135.1,-3.95%,"3,430.00",-4.32%,69.6,-4.49%,591.00,-4.20%,2.416,2.85%,25.33,-0.16%
2023-05-31,135.0,-0.07%,"3,255.00",-5.10%,68.24,-1.95%,594.25,0.55%,2.358,-2.40%,25.06,-1.07%
2023-06-01,130.15,-3.59%,"3,320.00",2.00%,70.2,2.87%,610.75,2.78%,2.273,-3.60%,24.88,-0.72%
2023-06-02,131.0,0.65%,"3,416.00",2.89%,71.84,2.34%,619.00,1.35%,2.299,1.14%,24.73,-0.60%
2023-06-05,137.75,5.15%,,,72.26,0.58%,624.00,0.81%,2.366,2.91%,24.4,-1.33%
2023-06-06,134.45,-2.40%,"3,356.00",-1.76%,71.85,-0.57%,627.75,0.60%,2.381,0.63%,24.58,0.74%
2023-06-07,136.0,1.15%,"3,411.00",1.64%,72.64,1.10%,616.75,-1.75%,2.433,2.18%,24.5,-0.33%
2023-06-08,136.25,0.18%,"3,375.00",-1.06%,71.44,-1.65%,626.25,1.54%,2.434,0.04%,25.48,4.00%
2023-06-09,135.7,-0.40%,"3,478.00",3.05%,70.33,-1.55%,630.25,0.64%,2.331,-4.23%,25.38,-0.39%
2023-06-12,134.0,-1.25%,"3,382.00",-2.76%,67.29,-4.32%,633.75,0.56%,2.336,0.21%,25.47,0.35%
2023-06-13,132.25,-1.31%,"3,441.00",1.74%,69.58,3.40%,636.25,0.39%,2.407,3.04%,25.16,-1.22%
2023-06-14,132.0,-0.19%,"3,478.00",1.08%,68.46,-1.61%,630.25,-0.94%,2.413,0.25%,25.84,2.70%
2023-06-15,135.95,2.99%,"3,519.00",1.18%,70.81,3.43%,661.50,4.96%,2.609,8.12%,26.0,0.62%
2023-06-16,128.45,-5.52%,"3,785.00",7.56%,71.93,1.58%,688.00,4.01%,2.721,4.29%,26.43,1.65%
2023-06-18,,,,,71.47,-0.64%,,,2.602,-4.37%,,
2023-06-19,128.35,-0.08%,"3,766.00",-0.50%,71.31,-0.22%,,,2.643,1.58%,,
2023-06-20,126.55,-1.40%,"3,737.00",-0.77%,71.19,-0.17%,695.75,1.13%,2.57,-2.76%,26.22,-0.79%
2023-06-21,124.15,-1.90%,"3,631.00",-2.84%,72.52,1.87%,734.50,5.57%,2.677,4.16%,25.88,-1.30%
2023-06-22,125.75,1.29%,"3,582.00",-1.35%,69.63,-3.99%,739.00,0.61%,2.704,1.01%,24.93,-3.67%
2023-06-23,125.5,-0.20%,"3,644.00",1.73%,69.32,-0.45%,733.25,-0.78%,2.843,5.14%,24.18,-3.01%
2023-06-26,125.5,0.00%,"3,739.00",2.61%,69.54,0.32%,724.25,-1.23%,2.892,1.72%,23.72,-1.90%
2023-06-27,127.9,1.91%,"3,685.00",-1.44%,67.9,-2.36%,685.00,-5.42%,2.789,-3.56%,23.03,-2.91%
2023-06-28,127.9,0.00%,"3,751.00",1.79%,69.73,2.70%,655.75,-4.27%,2.668,-4.34%,22.57,-2.00%
2023-06-29,127.9,0.00%,,,70.02,0.42%,653.00,-0.42%,2.691,0.86%,22.07,-2.22%
2023-06-30,128.05,0.12%,"3,751.00",0.00%,70.78,1.09%,636.25,-2.57%,2.774,3.08%,22.89,3.72%
2023-07-03,148.05,15.62%,"3,945.00",5.17%,69.91,-1.23%,628.50,-1.22%,2.702,-2.60%,23.32,1.88%
2023-07-04,143.15,-3.31%,"3,815.00",-3.30%,71.06,1.64%,,,2.751,1.81%,,
2023-07-05,144.8,1.15%,"3,800.00",-0.39%,71.88,1.15%,662.00,5.33%,2.643,-3.93%,23.53,0.90%
2023-07-06,139.65,-3.56%,"3,844.00",1.16%,71.79,-0.13%,647.00,-2.27%,2.599,-1.66%,23.25,-1.19%
2023-07-07,138.0,-1.18%,"3,757.00",-2.26%,73.77,2.76%,639.50,-1.16%,2.57,-1.12%,23.53,1.20%
2023-07-10,133.7,-3.12%,"3,843.00",2.29%,72.95,-1.11%,636.25,-0.51%,2.641,2.76%,23.44,-0.38%
2023-07-11,131.0,-2.02%,"3,815.00",-0.73%,74.71,2.41%,649.50,2.08%,2.692,1.93%,23.53,0.38%
2023-07-12,129.05,-1.49%,"3,847.00",0.84%,75.54,1.11%,621.25,-4.35%,2.597,-3.53%,23.91,1.61%
2023-07-13,128.0,-0.81%,"3,786.00",-1.59%,76.76,1.62%,627.50,1.01%,2.534,-2.43%,24.01,0.42%
2023-07-14,131.65,2.85%,"3,818.00",0.85%,75.32,-1.88%,641.50,2.23%,2.53,-0.16%,24.32,1.29%
2023-07-17,131.1,-0.42%,"3,885.00",1.75%,74.08,-1.65%,653.75,1.91%,2.504,-1.03%,23.8,-2.14%
2023-07-18,134.35,2.48%,"3,851.00",-0.88%,75.66,2.13%,670.75,2.60%,2.618,4.55%,23.86,0.25%
2023-07-19,132.0,-1.75%,,,75.29,-0.49%,727.75,8.50%,2.585,-1.26%,24.21,1.47%
2023-07-20,132.0,0.00%,"3,992.00",3.66%,75.65,0.48%,727.00,-0.10%,2.731,5.65%,24.67,1.90%
2023-07-21,133.0,0.76%,"3,993.00",0.03%,76.78,1.49%,697.50,-4.06%,2.707,-0.88%,25.01,1.38%
2023-07-24,133.1,0.08%,"4,092.00",2.48%,78.4,2.11%,757.50,8.60%,2.688,-0.70%,24.92,-0.36%
2023-07-25,134.0,0.68%,"4,000.00",-2.25%,79.2,1.02%,760.25,0.36%,2.747,2.19%,24.69,-0.92%
2023-07-26,134.0,0.00%,"3,987.00",-0.33%,78.4,-1.01%,720.00,-5.29%,2.693,-1.97%,24.39,-1.22%
2023-07-27,134.0,0.00%,"3,922.00",-1.63%,79.63,1.57%,712.75,-1.01%,2.595,-3.64%,24.43,0.16%
2023-07-28,134.45,0.34%,"3,872.00",-1.27%,80.18,0.69%,704.25,-1.19%,2.753,6.09%,23.92,-2.09%
2023-07-31,137.3,2.12%,"3,792.00",-2.07%,81.32,1.42%,665.75,-5.47%,2.741,-0.44%,24.11,0.79%
2023-08-01,134.35,-2.15%,"3,774.00",-0.47%,80.92,-0.49%,652.25,-2.03%,2.672,-2.52%,24.39,1.16%
2023-08-02,133.5,-0.63%,"3,816.00",1.11%,79.13,-2.21%,640.00,-1.88%,2.586,-3.22%,24.2,-0.78%
2023-08-03,136.85,2.51%,"3,755.00",-1.60%,81.08,2.46%,627.00,-2.03%,2.67,3.25%,24.02,-0.74%
2023-08-04,137.0,0.11%,"3,782.00",0.72%,82.27,1.47%,633.00,0.96%,2.681,0.41%,23.69,-1.37%
2023-08-07,141.1,2.99%,"3,700.00",-2.17%,81.49,-0.95%,657.50,3.87%,2.813,4.92%,23.74,0.21%
2023-08-08,142.5,0.99%,"3,676.00",-0.65%,82.36,1.07%,656.25,-0.19%,2.864,1.81%,23.45,-1.22%
2023-08-09,142.5,0.00%,"3,745.00",1.88%,83.69,1.61%,635.00,-3.24%,3.053,6.60%,23.71,1.11%
2023-08-10,143.0,0.35%,"3,740.00",-0.13%,82.29,-1.67%,637.75,0.43%,2.87,-5.99%,23.95,1.01%
2023-08-11,144.0,0.70%,"3,727.00",-0.35%,82.57,0.34%,626.75,-1.72%,2.882,0.42%,24.33,1.59%
2023-08-14,146.5,1.74%,"3,697.00",-0.80%,81.92,-0.79%,616.00,-1.72%,2.898,0.56%,24.05,-1.15%
2023-08-15,147.15,0.44%,"3,753.00",1.51%,80.5,-1.73%,598.50,-2.84%,2.781,-4.04%,23.77,-1.16%
2023-08-16,147.5,0.24%,"3,815.00",1.65%,79.02,-1.84%,597.75,-0.13%,2.726,-1.98%,24.19,1.77%
2023-08-17,147.0,-0.34%,"3,894.00",2.07%,79.9,1.11%,589.50,-1.38%,2.755,1.06%,24.0,-0.79%
2023-08-18,149.5,1.70%,"3,854.00",-1.03%,80.66,0.95%,613.25,4.03%,2.691,-2.32%,23.76,-1.00%
2023-08-21,149.25,-0.17%,"3,922.00",1.76%,80.12,-0.67%,599.25,-2.28%,2.743,1.93%,23.4,-1.52%
2023-08-22,150.0,0.50%,"3,857.00",-1.66%,79.64,-0.60%,601.75,0.42%,2.652,-3.32%,23.4,0.00%
2023-08-23,150.0,0.00%,"3,812.00",-1.17%,78.59,-1.32%,612.50,1.79%,2.592,-2.26%,23.85,1.92%
2023-08-24,149.0,-0.67%,"3,815.00",0.08%,78.66,0.09%,604.00,-1.39%,2.636,1.70%,24.29,1.84%
2023-08-25,149.4,0.27%,"3,860.00",1.18%,79.49,1.06%,593.25,-1.78%,2.657,0.80%,24.83,2.22%
2023-08-28,159.75,6.93%,"3,800.00",-1.55%,79.67,0.23%,588.00,-0.88%,2.665,0.30%,25.57,2.98%
2023-08-29,159.5,-0.16%,"3,801.00",0.03%,80.68,1.27%,569.75,-3.10%,2.662,-0.11%,25.45,-0.47%
2023-08-30,156.0,-2.19%,"3,860.00",1.55%,81.12,0.55%,576.75,1.23%,3.181,19.50%,25.34,-0.43%
2023-08-31,156.0,0.00%,,,82.96,2.27%,573.00,-0.65%,3.147,-1.07%,25.06,-1.10%
2023-09-01,156.25,0.16%,"3,910.00",1.30%,84.75,2.16%,567.50,-0.96%,3.111,-1.14%,25.81,2.99%
2023-09-03,,,,,85.85,1.30%,,,2.671,-14.14%,,
2023-09-04,156.55,0.19%,"3,873.00",-0.95%,85.82,-0.03%,,,2.647,-0.90%,,
2023-09-05,160.5,2.52%,"3,800.00",-1.88%,86.01,0.22%,572.50,0.88%,2.991,13.00%,26.65,3.25%
2023-09-06,160.0,-0.31%,"3,760.00",-1.05%,86.79,0.91%,581.00,1.48%,2.943,-1.60%,26.22,-1.61%
2023-09-07,157.65,-1.47%,"3,750.00",-0.27%,86.15,-0.74%,571.50,-1.64%,2.958,0.51%,26.68,1.75%
2023-09-08,156.25,-0.89%,"3,730.00",-0.53%,86.81,0.77%,567.25,-0.74%,2.966,0.27%,26.31,-1.39%
2023-09-11,158.0,1.12%,"3,628.00",-2.73%,86.66,-0.17%,556.00,-1.98%,2.937,-0.98%,26.4,0.34%
2023-09-12,159.0,0.63%,"3,598.00",-0.83%,88.16,1.73%,560.25,0.76%,3.015,2.66%,26.83,1.63%
2023-09-13,162.25,2.04%,"3,635.00",1.03%,87.88,-0.32%,569.00,1.56%,2.987,-0.93%,26.54,-1.08%
2023-09-14,160.15,-1.29%,"3,660.00",0.69%,89.61,1.97%,567.50,-0.26%,2.983,-0.13%,26.98,1.66%
2023-09-15,160.5,0.22%,"3,690.00",0.82%,90.02,0.46%,604.25,6.48%,2.932,-1.71%,26.91,-0.26%
2023-09-18,160.75,0.16%,"3,678.00",-0.33%,90.58,0.62%,591.25,-2.15%,3.001,2.35%,27.11,0.74%
2023-09-19,160.75,0.00%,"3,700.00",0.60%,90.48,-0.11%,584.00,-1.23%,3.026,0.83%,27.44,1.22%
2023-09-20,160.75,0.00%,"3,662.00",-1.03%,89.66,-0.91%,588.75,0.81%,2.921,-3.47%,26.79,-2.37%
2023-09-21,160.5,-0.16%,"3,648.00",-0.38%,88.32,-1.49%,575.75,-2.21%,2.84,-2.77%,26.93,0.52%
2023-09-22,160.0,-0.31%,"3,647.00",-0.03%,88.35,0.03%,579.50,0.65%,2.879,1.37%,26.97,0.15%
2023-09-25,160.0,0.00%,"3,675.00",0.77%,88.17,-0.20%,589.00,1.64%,2.906,0.94%,26.31,-2.45%
2023-09-26,160.35,0.22%,"3,618.00",-1.55%,88.78,0.69%,589.00,0.00%,2.845,-2.10%,26.02,-1.10%
2023-09-27,160.35,0.00%,"3,678.00",1.66%,91.3,2.84%,579.50,-1.61%,2.899,1.90%,26.13,0.42%
2023-09-28,159.75,-0.37%,,,89.59,-1.87%,578.75,-0.13%,3.34,15.21%,26.73,2.30%
2023-09-29,160.1,0.22%,"3,689.00",0.30%,88.8,-0.88%,541.50,-6.44%,3.312,-0.84%,26.27,-1.72%
2023-10-02,154.5,-3.50%,"3,645.00",-1.19%,87.17,-1.84%,564.75,4.29%,3.233,-2.39%,26.35,0.30%
2023-10-03,149.65,-3.14%,"3,644.00",-0.03%,87.44,0.31%,568.50,0.66%,3.313,2.47%,25.67,-2.58%
2023-10-04,144.65,-3.34%,"3,646.00",0.05%,82.55,-5.59%,560.00,-1.50%,3.32,0.21%,25.93,1.01%
2023-10-05,139.0,-3.91%,"3,566.00",-2.19%,80.81,-2.11%,578.25,3.26%,3.511,5.75%,26.16,0.89%
2023-10-06,138.5,-0.36%,"3,562.00",-0.11%,81.28,0.58%,568.25,-1.73%,3.641,3.70%,26.74,2.22%
2023-10-09,141.35,2.06%,"3,577.00",0.42%,84.6,4.08%,572.75,0.79%,3.631,-0.27%,27.18,1.65%
2023-10-10,141.9,0.39%,"3,541.00",-1.01%,84.13,-0.56%,558.50,-2.49%,3.659,0.77%,27.05,-0.48%
2023-10-11,140.5,-0.99%,"3,530.00",-0.31%,82.07,-2.45%,556.00,-0.45%,3.658,-0.03%,26.4,-2.40%
2023-10-12,142.65,1.53%,"3,618.00",2.49%,81.8,-0.33%,571.50,2.79%,3.639,-0.52%,26.35,-0.19%
2023-10-13,143.85,0.84%,"3,680.00",1.71%,86.35,5.56%,579.75,1.44%,3.584,-1.51%,27.03,2.58%
2023-10-16,143.75,-0.07%,"3,735.00",1.49%,85.26,-1.26%,577.25,-0.43%,3.479,-2.93%,27.05,0.07%
2023-10-17,142.25,-1.04%,"3,739.00",0.11%,85.44,0.21%,570.50,-1.17%,3.468,-0.32%,27.49,1.63%
2023-10-18,140.0,-1.58%,"3,769.00",0.80%,87.27,2.14%,580.25,1.71%,3.463,-0.14%,27.48,-0.04%
2023-10-19,136.5,-2.50%,"3,726.00",-1.14%,88.37,1.26%,594.00,2.37%,3.326,-3.96%,27.29,-0.69%
2023-10-20,138.0,1.10%,"3,716.00",-0.27%,88.08,-0.33%,586.00,-1.35%,3.258,-2.04%,26.85,-1.61%
2023-10-23,138.35,0.25%,"3,692.00",-0.65%,84.42,-4.16%,587.25,0.21%,3.273,0.46%,27.48,2.35%
2023-10-24,136.5,-1.34%,"3,606.00",-2.33%,82.97,-1.72%,580.50,-1.15%,3.322,1.50%,27.53,0.18%
2023-10-25,133.5,-2.20%,"3,606.00",0.00%,84.69,2.07%,568.50,-2.07%,3.376,1.63%,27.63,0.36%
2023-10-26,135.7,1.65%,"3,671.00",1.80%,82.54,-2.54%,579.50,1.93%,3.477,2.99%,27.04,-2.14%
2023-10-27,135.2,-0.37%,"3,675.00",0.11%,84.7,2.62%,575.50,-0.69%,3.483,0.17%,27.34,1.11%
2023-10-30,131.0,-3.11%,"3,625.00",-1.36%,81.68,-3.57%,566.00,-1.65%,3.589,3.04%,26.75,-2.16%
2023-10-31,121.1,-7.56%,"3,564.00",-1.68%,80.5,-1.44%,556.25,-1.72%,3.813,6.24%,27.09,1.27%
2023-11-01,119.65,-1.20%,"3,601.00",1.04%,80.1,-0.50%,561.75,0.99%,3.753,-1.57%,27.51,1.55%
2023-11-02,120.0,0.29%,"3,658.00",1.58%,82.16,2.57%,565.50,0.67%,3.75,-0.08%,27.48,-0.11%
2023-11-03,122.5,2.08%,"3,632.00",-0.71%,80.23,-2.35%,572.50,1.24%,3.795,1.20%,27.77,1.06%
2023-11-06,119.0,-2.86%,"3,635.00",0.08%,80.6,0.46%,575.75,0.57%,3.564,-6.09%,27.95,0.65%
2023-11-07,120.1,0.92%,"3,603.00",-0.88%,77.21,-4.21%,570.25,-0.96%,3.463,-2.83%,27.59,-1.29%
2023-11-08,122.5,2.00%,"3,642.00",1.08%,75.31,-2.46%,592.25,3.86%,3.389,-2.14%,27.21,-1.38%
2023-11-09,123.0,0.41%,"3,620.00",-0.60%,75.75,0.58%,580.75,-1.94%,3.333,-1.65%,27.78,2.09%
2023-11-10,123.25,0.20%,"3,673.00",1.46%,77.15,1.85%,575.25,-0.95%,3.284,-1.47%,27.29,-1.76%
2023-11-13,122.0,-1.01%,,,78.19,1.35%,579.00,0.65%,3.4,3.53%,27.71,1.54%
2023-11-14,122.5,0.41%,"3,759.00",2.34%,78.17,-0.03%,572.00,-1.21%,3.316,-2.47%,27.18,-1.91%
2023-11-15,123.25,0.61%,"3,800.00",1.09%,76.79,-1.77%,560.50,-2.01%,3.362,1.39%,27.15,-0.11%
2023-11-16,123.1,-0.12%,"3,869.00",1.82%,73.09,-4.82%,553.50,-1.25%,3.239,-3.66%,27.19,0.15%
2023-11-17,123.25,0.12%,"3,809.00",-1.55%,76.04,4.04%,550.75,-0.50%,3.131,-3.33%,27.18,-0.04%
2023-11-20,122.5,-0.61%,"3,803.00",-0.16%,77.83,2.35%,543.50,-1.32%,3.05,-2.59%,27.56,1.40%
2023-11-21,122.3,-0.16%,"3,819.00",0.42%,77.92,0.12%,555.00,2.12%,2.993,-1.87%,27.75,0.69%
2023-11-22,122.15,-0.12%,"3,851.00",0.84%,77.25,-0.86%,555.75,0.14%,3.033,1.34%,27.22,-1.91%
2023-11-23,122.15,0.00%,"3,828.00",-0.60%,76.34,-1.18%,,,2.93,-3.40%,,
2023-11-24,122.0,-0.12%,"3,782.00",-1.20%,75.77,-0.75%,548.75,-1.26%,2.999,2.35%,26.98,-0.88%
2023-11-27,127.5,4.51%,"3,766.00",-0.42%,75.09,-0.90%,534.25,-2.64%,2.946,-1.77%,27.2,0.82%
2023-11-28,127.45,-0.04%,"3,756.00",-0.27%,76.59,2.00%,543.75,1.78%,2.837,-3.70%,26.99,-0.77%
2023-11-29,127.85,0.31%,"3,734.00",-0.59%,77.99,1.83%,556.00,2.25%,2.769,-2.40%,26.86,-0.48%
2023-11-30,132.15,3.36%,"3,754.00",0.54%,76.05,-2.49%,570.25,2.56%,2.763,-0.22%,26.04,-3.05%
2023-12-01,133.5,1.02%,"3,733.00",-0.56%,74.25,-2.37%,577.00,1.18%,2.773,0.36%,25.09,-3.65%
2023-12-04,134.45,0.71%,"3,678.00",-1.47%,73.32,-1.25%,595.75,3.25%,2.651,-4.40%,25.81,2.87%
2023-12-05,134.15,-0.22%,"3,636.00",-1.14%,72.53,-1.08%,620.75,4.20%,2.667,0.60%,24.96,-3.29%
2023-12-06,140.45,4.70%,"3,602.00",-0.94%,69.65,-3.97%,615.75,-0.81%,2.517,-5.62%,23.0,-7.85%
2023-12-07,148.75,5.91%,"3,578.00",-0.67%,69.59,-0.09%,626.00,1.66%,2.52,0.12%,23.03,0.13%
2023-12-08,151.0,1.51%,"3,600.00",0.61%,71.44,2.66%,615.00,-1.76%,2.504,-0.63%,23.36,1.43%
2023-12-11,152.5,0.99%,"3,605.00",0.14%,71.56,0.17%,591.25,-3.86%,2.35,-6.15%,22.47,-3.81%
2023-12-12,146.25,-4.10%,"3,608.00",0.08%,68.85,-3.79%,607.00,2.66%,2.24,-4.68%,22.59,0.53%
2023-12-13,146.25,0.00%,"3,585.00",-0.64%,69.72,1.26%,585.25,-3.58%,2.292,2.32%,21.97,-2.74%
2023-12-14,145.5,-0.51%,"3,601.00",0.45%,71.91,3.14%,594.00,1.50%,2.347,2.40%,22.18,0.96%
2023-12-15,145.25,-0.17%,"3,601.00",0.00%,71.78,-0.18%,629.25,5.93%,2.425,3.32%,21.99,-0.86%
2023-12-18,144.75,-0.34%,"3,687.00",2.39%,72.82,1.45%,617.00,-1.95%,2.416,-0.37%,21.31,-3.09%
2023-12-19,145.25,0.35%,"3,701.00",0.38%,73.94,1.54%,622.75,0.93%,2.366,-2.07%,21.43,0.56%
2023-12-20,144.25,-0.69%,"3,719.00",0.49%,74.45,0.69%,610.00,-2.05%,2.347,-0.80%,20.92,-2.38%
2023-12-21,145.25,0.69%,"3,674.00",-1.21%,74.06,-0.52%,612.50,0.41%,2.459,4.77%,20.24,-3.25%
2023-12-22,145.5,0.17%,"3,677.00",0.08%,73.73,-0.45%,616.25,0.61%,2.49,1.26%,20.62,1.88%
2023-12-25,,,,,73.79,0.08%,,,2.418,-2.89%,,
2023-12-26,145.5,0.00%,"3,699.00",0.60%,75.71,2.60%,636.25,3.25%,2.419,0.04%,20.53,-0.44%
2023-12-27,146.0,0.34%,"3,700.00",0.03%,74.34,-1.81%,623.00,-2.08%,2.437,0.74%,20.6,0.34%
2023-12-28,145.45,-0.38%,"3,657.00",-1.16%,71.97,-3.19%,631.50,1.36%,2.377,-2.46%,21.76,5.63%
2023-12-29,146.4,0.65%,"3,662.00",0.14%,71.84,-0.18%,628.00,-0.55%,2.327,-2.10%,20.58,-5.42%
2024-01-01,,,,,71.97,0.18%,,,2.667,14.61%,,
2024-01-02,127.75,-12.74%,"3,633.00",-0.79%,70.62,-1.88%,606.75,-3.38%,2.386,-10.54%,20.9,1.55%
2024-01-03,128.5,0.59%,"3,651.00",0.50%,72.89,3.21%,600.25,-1.07%,2.448,2.60%,20.85,-0.24%
2024-01-04,130.9,1.87%,"3,684.00",0.90%,72.36,-0.73%,613.50,2.21%,2.559,4.53%,21.08,1.10%
2024-01-05,131.55,0.50%,"3,690.00",0.16%,73.86,2.07%,616.00,0.41%,2.621,2.42%,21.11,0.14%
2024-01-08,132.0,0.34%,"3,680.00",-0.27%,70.92,-3.98%,596.25,-3.21%,2.598,-0.88%,21.74,2.98%
2024-01-09,135.65,2.77%,"3,692.00",0.33%,72.29,1.93%,610.00,2.31%,2.697,3.81%,21.7,-0.18%
2024-01-10,133.5,-1.58%,"3,712.00",0.54%,71.44,-1.18%,610.75,0.12%,2.562,-5.01%,21.41,-1.34%
2024-01-11,130.75,-2.06%,"3,740.00",0.75%,72.09,0.91%,603.75,-1.15%,2.54,-0.86%,21.76,1.63%
2024-01-12,130.85,0.08%,"3,780.00",1.07%,72.79,0.97%,596.00,-1.28%,2.617,3.03%,21.61,-0.69%
2024-01-14,,,,,,,,,3.111,18.88%,,
2024-01-15,129.85,-0.76%,"3,750.00",-0.79%,72.79,0.00%,,,3.066,-1.45%,,
2024-01-16,129.5,-0.27%,"3,879.00",3.44%,72.52,-0.37%,582.00,-2.35%,2.477,-19.21%,22.52,4.21%
2024-01-17,129.5,0.00%,"3,855.00",-0.62%,72.48,-0.06%,582.50,0.09%,2.496,0.77%,22.35,-0.75%
2024-01-18,128.9,-0.46%,"3,929.00",1.92%,73.95,2.03%,585.50,0.52%,2.413,-3.33%,23.04,3.09%
2024-01-19,128.0,-0.70%,"3,962.00",0.84%,73.25,-0.95%,593.25,1.32%,2.252,-6.67%,23.57,2.30%
2024-01-22,127.45,-0.43%,"3,928.00",-0.86%,74.76,2.06%,596.50,0.55%,2.125,-5.64%,23.5,-0.30%
2024-01-23,127.3,-0.12%,"3,963.00",0.89%,74.27,-0.66%,596.50,0.00%,2.167,1.98%,23.75,1.06%
2024-01-24,127.2,-0.08%,"3,997.00",0.86%,74.98,0.96%,610.75,2.39%,2.262,4.38%,24.46,2.99%
2024-01-25,126.8,-0.31%,,,77.19,2.95%,612.25,0.25%,2.18,-3.63%,24.04,-1.72%
2024-01-26,127.1,0.24%,"4,019.00",0.55%,77.86,0.87%,600.25,-1.96%,2.175,-0.23%,23.77,-1.12%
2024-01-29,116.4,-8.42%,"3,951.00",-1.69%,76.67,-1.53%,593.50,-1.12%,2.054,-5.56%,23.53,-1.01%
2024-01-30,119.55,2.71%,"3,868.00",-2.10%,77.65,1.28%,605.50,2.02%,2.104,2.43%,23.91,1.61%
2024-01-31,116.5,-2.55%,"3,814.00",-1.40%,75.71,-2.50%,595.25,-1.69%,2.121,0.81%,24.13,0.92%
2024-02-01,116.0,-0.43%,,,73.79,-2.54%,601.50,1.05%,2.064,-2.69%,23.56,-2.36%
2024-02-02,116.75,0.65%,"3,788.00",-0.68%,72.3,-2.02%,599.75,-0.29%,2.086,1.07%,23.89,1.40%
2024-02-05,119.0,1.93%,"3,822.00",0.90%,72.85,0.76%,590.25,-1.58%,2.074,-0.58%,23.53,-1.51%
2024-02-06,119.0,0.00%,"3,863.00",1.07%,73.37,0.71%,595.00,0.80%,2.007,-3.23%,23.56,0.13%
2024-02-07,120.5,1.26%,"3,930.00",1.73%,73.91,0.74%,602.00,1.18%,1.98,-1.35%,23.88,1.36%
2024-02-08,120.6,0.08%,"3,917.00",-0.33%,76.19,3.08%,588.50,-2.24%,1.948,-1.62%,23.98,0.42%
2024-02-09,120.6,0.00%,"3,920.00",0.08%,76.77,0.76%,596.75,1.40%,1.885,-3.23%,24.02,0.17%
2024-02-12,120.0,-0.50%,,,76.82,0.07%,597.50,0.13%,1.8,-4.51%,23.56,-1.92%
2024-02-13,120.5,0.42%,"3,930.00",0.26%,77.56,0.96%,597.50,0.00%,1.742,-3.22%,23.3,-1.10%
2024-02-14,119.75,-0.62%,"3,995.00",1.65%,76.36,-1.55%,585.50,-2.01%,1.665,-4.42%,23.37,0.30%
2024-02-15,119.25,-0.42%,"3,995.00",0.00%,77.59,1.61%,567.00,-3.16%,1.647,-1.08%,22.82,-2.35%
2024-02-16,119.25,0.00%,"3,910.00",-2.13%,78.46,1.12%,560.50,-1.15%,1.68,2.00%,23.08,1.14%
2024-02-18,,,,,,,,,1.551,-7.68%,,
2024-02-19,119.6,0.29%,"3,963.00",1.36%,78.11,-0.45%,,,1.558,0.45%,,
2024-02-20,119.6,0.00%,"3,978.00",0.38%,77.04,-1.37%,582.75,3.97%,1.646,5.65%,22.75,-1.43%
2024-02-21,119.4,-0.17%,"3,971.00",-0.18%,77.31,0.35%,583.25,0.09%,1.863,13.18%,22.77,0.09%
2024-02-22,119.4,0.00%,"3,954.00",-0.43%,77.93,0.80%,583.25,0.00%,1.832,-1.66%,22.83,0.26%
2024-02-23,119.4,0.00%,"3,969.00",0.38%,76.08,-2.37%,573.50,-1.67%,1.699,-7.26%,22.62,-0.92%
2024-02-26,127.75,6.99%,"3,987.00",0.45%,77.09,1.33%,577.25,0.65%,1.744,2.65%,23.15,2.34%
2024-02-27,129.2,1.14%,"4,021.00",0.85%,78.23,1.48%,586.00,1.52%,1.808,3.67%,23.84,2.98%
2024-02-28,129.5,0.23%,"3,983.00",-0.95%,77.83,-0.51%,571.00,-2.56%,2.052,13.50%,24.01,0.71%
2024-02-29,131.0,1.16%,"4,025.00",1.05%,77.45,-0.49%,577.50,1.14%,2.008,-2.14%,22.58,-5.96%
2024-03-01,132.0,0.76%,"4,024.00",-0.02%,79.09,2.12%,560.00,-3.03%,1.975,-1.64%,21.09,-6.60%
2024-03-04,136.0,3.03%,"4,017.00",-0.17%,78.17,-1.16%,563.50,0.63%,2.073,4.96%,20.6,-2.32%
2024-03-05,137.45,1.07%,"4,049.00",0.80%,77.41,-0.97%,545.75,-3.15%,2.095,1.06%,20.87,1.31%
2024-03-06,136.75,-0.51%,"4,142.00",2.30%,78.41,1.29%,521.25,-4.49%,2.072,-1.10%,21.45,2.78%
2024-03-07,135.5,-0.91%,"4,145.00",0.07%,78.32,-0.11%,520.75,-0.10%,1.952,-5.79%,21.28,-0.79%
2024-03-08,134.4,-0.81%,"4,181.00",0.87%,77.5,-1.05%,526.75,1.15%,1.923,-1.49%,21.15,-0.61%
2024-03-11,133.0,-1.04%,"4,208.00",0.65%,77.53,0.04%,537.50,2.04%,1.862,-3.17%,21.95,3.78%
2024-03-12,130.65,-1.77%,"4,200.00",-0.19%,77.25,-0.36%,535.50,-0.37%,1.823,-2.09%,21.89,-0.27%
2024-03-13,131.1,0.34%,"4,245.00",1.07%,79.3,2.65%,532.25,-0.61%,1.784,-2.14%,21.93,0.18%
2024-03-14,131.5,0.31%,"4,330.00",2.00%,80.74,1.82%,519.50,-2.40%,1.862,4.37%,21.77,-0.73%
2024-03-15,131.0,-0.38%,"4,327.00",-0.07%,80.58,-0.20%,528.50,1.73%,1.789,-3.92%,22.12,1.61%
2024-03-18,129.75,-0.95%,"4,326.00",-0.02%,82.16,1.96%,542.75,2.70%,1.833,2.46%,22.16,0.18%
2024-03-19,129.4,-0.27%,"4,297.00",-0.67%,82.73,0.69%,552.50,1.80%,1.876,2.35%,21.64,-2.35%
2024-03-20,128.9,-0.39%,"4,364.00",1.56%,81.27,-1.76%,545.00,-1.36%,1.845,-1.65%,21.77,0.60%
2024-03-21,128.25,-0.50%,"4,352.00",-0.27%,80.64,-0.78%,546.75,0.32%,1.831,-0.76%,22.06,1.33%
2024-03-22,127.7,-0.43%,"4,307.00",-1.03%,80.17,-0.58%,554.75,1.46%,1.812,-1.04%,21.85,-0.95%
2024-03-25,128.95,0.98%,"4,352.00",1.04%,81.38,1.51%,555.00,0.05%,1.789,-1.27%,21.95,0.46%
2024-03-26,128.9,-0.04%,"4,332.00",-0.46%,81.04,-0.42%,543.50,-2.07%,1.788,-0.06%,22.39,2.00%
2024-03-27,129.0,0.08%,"4,256.00",-1.75%,80.78,-0.32%,547.50,0.74%,1.953,9.23%,22.19,-0.89%
2024-03-28,129.1,0.08%,,,82.42,2.03%,560.25,2.33%,1.997,2.25%,22.52,1.49%
2024-03-29,,,"4,325.00",1.62%,,,561.50,0.22%,,,,
2024-04-01,132.0,2.25%,"4,418.00",2.15%,82.82,0.49%,557.00,-0.80%,2.074,3.86%,22.72,0.89%
2024-04-02,132.25,0.19%,"4,464.00",1.04%,84.22,1.69%,545.25,-2.11%,2.105,1.49%,22.32,-1.76%
2024-04-03,129.65,-1.97%,"4,579.00",2.58%,84.61,0.46%,556.00,1.97%,2.067,-1.81%,22.22,-0.45%
2024-04-04,128.2,-1.12%,"4,577.00",-0.04%,85.81,1.42%,556.25,0.04%,1.997,-3.39%,22.36,0.63%
2024-04-05,129.1,0.70%,"4,564.00",-0.28%,86.1,0.34%,567.25,1.98%,2.01,0.65%,21.99,-1.65%
2024-04-08,128.2,-0.70%,"4,514.00",-1.10%,85.53,-0.66%,565.75,-0.26%,2.051,2.04%,21.59,-1.82%
2024-04-09,127.75,-0.35%,"4,517.00",0.07%,84.46,-1.25%,557.75,-1.41%,2.064,0.63%,21.49,-0.46%
2024-04-10,128.0,0.20%,,,85.44,1.16%,558.50,0.13%,2.074,0.48%,21.46,-0.14%
2024-04-11,128.75,0.59%,,,84.45,-1.16%,551.75,-1.21%,2.0,-3.57%,20.85,-2.84%
2024-04-12,129.25,0.39%,"4,498.00",-0.42%,85.08,0.75%,556.00,0.77%,2.029,1.45%,20.45,-1.92%
2024-04-15,129.75,0.39%,"4,405.00",-2.07%,84.86,-0.26%,551.75,-0.76%,1.946,-4.09%,20.02,-2.10%
2024-04-16,129.25,-0.39%,"4,214.00",-4.34%,84.83,-0.04%,549.75,-0.36%,1.988,2.16%,19.63,-1.95%
2024-04-17,129.6,0.27%,"4,159.00",-1.31%,82.15,-3.16%,537.00,-2.32%,1.962,-1.31%,19.32,-1.58%
2024-04-18,129.6,0.00%,"4,125.00",-0.82%,82.1,-0.06%,536.75,-0.05%,1.986,1.22%,19.59,1.40%
2024-04-19,130.6,0.77%,"4,056.00",-1.67%,82.22,0.15%,550.25,2.52%,1.988,0.10%,19.73,0.71%
2024-04-22,129.5,-0.84%,"4,078.00",0.54%,81.9,-0.39%,570.25,3.63%,2.065,3.87%,19.8,0.35%
2024-04-23,129.75,0.19%,"4,073.00",-0.12%,82.56,0.81%,585.00,2.59%,2.094,1.40%,19.91,0.56%
2024-04-24,129.0,-0.58%,"4,040.00",-0.81%,82.09,-0.57%,594.50,1.62%,1.979,-5.49%,20.0,0.45%
2024-04-25,129.25,0.19%,"3,958.00",-2.03%,82.75,0.80%,602.25,1.30%,1.986,0.35%,19.48,-2.60%
2024-04-26,129.75,0.39%,"3,931.00",-0.68%,83.13,0.46%,603.25,0.17%,1.923,-3.17%,19.4,-0.41%
2024-04-29,137.4,5.90%,"3,949.00",0.46%,82.03,-1.32%,590.25,-2.15%,2.373,23.40%,20.2,4.12%
2024-04-30,142.25,3.53%,"3,862.00",-2.20%,81.28,-0.91%,585.00,-0.89%,2.319,-2.28%,19.71,-2.43%
2024-05-01,147.0,3.34%,,,78.44,-3.49%,581.50,-0.60%,2.266,-2.29%,19.22,-2.49%
2024-05-02,147.75,0.51%,"3,895.00",0.85%,78.48,0.05%,586.50,0.86%,2.331,2.87%,19.25,0.16%
2024-05-03,145.15,-1.76%,"3,890.00",-0.13%,77.76,-0.92%,606.00,3.32%,2.416,3.65%,19.28,0.16%
2024-05-06,145.3,0.10%,"3,909.00",0.49%,78.14,0.49%,632.25,4.33%,2.463,1.95%,19.48,1.04%
2024-05-07,146.4,0.76%,"3,960.00",1.30%,78.06,-0.10%,624.75,-1.19%,2.471,0.32%,19.95,2.41%
2024-05-08,145.25,-0.79%,"3,957.00",-0.08%,78.56,0.64%,616.00,-1.40%,2.474,0.12%,19.6,-1.75%
2024-05-09,144.95,-0.21%,"3,923.00",-0.86%,78.8,0.31%,619.75,0.61%,2.537,2.55%,19.58,-0.10%
2024-05-10,144.4,-0.38%,"3,853.00",-1.78%,77.84,-1.22%,645.75,4.20%,2.484,-2.09%,19.3,-1.43%
2024-05-13,142.1,-1.59%,"3,908.00",1.43%,78.6,0.98%,670.25,3.79%,2.587,4.15%,18.63,-3.47%
2024-05-14,142.65,0.39%,"3,800.00",-2.76%,77.65,-1.21%,657.00,-1.98%,2.559,-1.08%,18.87,1.29%
2024-05-15,143.0,0.25%,"3,801.00",0.03%,78.16,0.66%,665.75,1.33%,2.631,2.81%,18.65,-1.17%
2024-05-16,143.5,0.35%,"3,823.00",0.58%,78.74,0.74%,663.25,-0.38%,2.687,2.13%,18.33,-1.72%
2024-05-17,141.5,-1.39%,"3,895.00",1.88%,79.58,1.07%,651.25,-1.81%,2.789,3.80%,18.13,-1.09%
2024-05-20,141.0,-0.35%,"3,905.00",0.26%,79.3,-0.35%,688.75,5.76%,2.901,4.02%,18.68,3.03%
2024-05-21,142.05,0.74%,"3,836.00",-1.77%,78.66,-0.81%,697.50,1.27%,2.839,-2.14%,18.56,-0.64%
2024-05-22,142.4,0.25%,,,77.15,-1.92%,693.00,-0.65%,3.052,7.50%,18.23,-1.78%
2024-05-23,142.75,0.25%,"3,853.00",0.44%,76.46,-0.89%,698.00,0.72%,2.923,-4.23%,18.26,0.16%
2024-05-24,142.8,0.04%,"3,872.00",0.49%,77.23,1.01%,697.25,-0.11%,2.773,-5.13%,18.41,0.82%
2024-05-26,,,,,,,,,2.748,-0.90%,,
2024-05-27,142.8,0.00%,"3,865.00",-0.18%,78.65,1.84%,,,2.78,1.16%,,
2024-05-28,142.4,-0.28%,"3,951.00",2.23%,79.35,0.89%,700.25,0.43%,2.825,1.62%,18.73,1.74%
2024-05-29,142.4,0.00%,"4,028.00",1.95%,78.8,-0.69%,692.75,-1.07%,2.666,-5.63%,18.35,-2.03%
2024-05-30,142.4,0.00%,"3,987.00",-1.02%,77.54,-1.60%,681.00,-1.70%,2.647,-0.71%,18.19,-0.87%
2024-05-31,142.4,0.00%,"4,069.00",2.06%,76.73,-1.04%,678.50,-0.37%,2.662,0.57%,18.3,0.60%
2024-06-03,140.2,-1.54%,,,74.09,-3.44%,672.75,-0.85%,2.804,5.33%,18.78,2.62%
2024-06-04,137.95,-1.60%,"3,881.00",-4.62%,73.06,-1.39%,658.25,-2.16%,2.67,-4.78%,18.86,0.43%
2024-06-05,136.0,-1.41%,"3,868.00",-0.33%,73.82,1.04%,646.75,-1.75%,2.828,5.92%,19.13,1.43%
2024-06-06,134.35,-1.21%,"3,935.00",1.73%,75.24,1.92%,639.50,-1.12%,2.892,2.26%,19.22,0.47%
2024-06-07,131.45,-2.16%,"3,953.00",0.46%,75.22,-0.03%,627.50,-1.88%,2.996,3.60%,19.0,-1.14%
2024-06-10,131.85,0.30%,"3,931.00",-0.56%,77.33,2.81%,607.50,-3.19%,2.977,-0.63%,18.63,-1.95%
2024-06-11,131.25,-0.46%,"3,931.00",0.00%,77.55,0.28%,626.50,3.13%,3.193,7.26%,18.79,0.86%
2024-06-12,132.95,1.30%,"3,962.00",0.79%,78.15,0.77%,617.00,-1.52%,3.122,-2.22%,19.1,1.65%
2024-06-13,134.7,1.32%,"3,934.00",-0.71%,78.26,0.14%,620.00,0.49%,3.037,-2.72%,19.59,2.57%
2024-06-14,133.15,-1.15%,"3,983.00",1.25%,78.05,-0.27%,612.75,-1.17%,2.963,-2.44%,19.43,-0.82%
2024-06-17,133.9,0.56%,,,79.72,2.14%,591.50,-3.47%,2.867,-3.24%,18.98,-2.32%
2024-06-18,133.9,0.00%,"3,937.00",-1.15%,80.71,1.24%,582.00,-1.61%,2.99,4.29%,18.92,-0.32%
2024-06-19,134.1,0.15%,"3,959.00",0.56%,80.59,-0.15%,,,2.916,-2.47%,,
2024-06-20,133.9,-0.15%,"3,980.00",0.53%,81.29,0.87%,572.75,-1.59%,2.854,-2.13%,18.89,-0.16%
2024-06-21,132.05,-1.38%,"3,930.00",-1.26%,79.96,-1.64%,561.50,-1.96%,2.836,-0.63%,18.97,0.42%
2024-06-24,132.95,0.68%,"3,937.00",0.18%,80.86,1.13%,552.50,-1.60%,2.948,3.95%,19.41,2.32%
2024-06-25,134.1,0.86%,"3,897.00",-1.02%,80.07,-0.98%,541.75,-1.95%,2.863,-2.88%,19.1,-1.60%
2024-06-26,132.0,-1.57%,"3,926.00",0.74%,80.19,0.15%,541.25,-0.09%,2.745,-4.12%,19.24,0.73%
2024-06-27,132.75,0.57%,"3,945.00",0.48%,80.83,0.80%,559.75,3.42%,2.675,-2.55%,20.12,4.57%
2024-06-28,133.45,0.53%,"3,976.00",0.79%,80.64,-0.24%,553.50,-1.12%,2.598,-2.88%,20.31,0.94%
2024-07-01,132.1,-1.01%,"4,024.00",1.21%,82.32,2.08%,569.25,2.85%,2.492,-4.08%,20.23,-0.39%
2024-07-02,132.25,0.11%,"4,140.00",2.88%,81.91,-0.50%,561.50,-1.36%,2.454,-1.52%,20.61,1.88%
2024-07-03,135.0,2.08%,"4,133.00",-0.17%,83.02,1.36%,554.50,-1.25%,2.447,-0.29%,20.53,-0.39%
2024-07-04,136.5,1.11%,"4,117.00",-0.39%,83.94,1.11%,,,2.371,-3.11%,,
2024-07-05,135.75,-0.55%,"4,088.00",-0.70%,82.26,-2.00%,572.25,3.20%,2.35,-0.89%,20.14,-1.90%
2024-07-08,135.05,-0.52%,,,81.52,-0.90%,553.00,-3.36%,2.382,1.36%,20.13,-0.05%
2024-07-09,135.25,0.15%,"4,015.00",-1.79%,80.56,-1.18%,554.25,0.23%,2.36,-0.92%,19.62,-2.53%
2024-07-10,133.75,-1.11%,"3,998.00",-0.42%,81.07,0.63%,543.50,-1.94%,2.345,-0.64%,19.81,0.97%
2024-07-11,133.75,0.00%,"4,005.00",0.18%,81.38,0.38%,554.25,1.98%,2.282,-2.69%,19.43,-1.92%
2024-07-12,133.85,0.07%,"3,970.00",-0.87%,81.02,-0.44%,538.00,-2.93%,2.331,2.15%,19.2,-1.18%
2024-07-15,134.95,0.82%,"3,980.00",0.25%,80.84,-0.22%,532.50,-1.02%,2.178,-6.56%,19.76,2.92%
2024-07-16,134.4,-0.41%,"3,966.00",-0.35%,79.71,-1.40%,530.75,-0.33%,2.206,1.29%,19.62,-0.71%
2024-07-17,134.75,0.26%,"3,977.00",0.28%,81.44,2.17%,539.25,1.60%,2.071,-6.12%,19.36,-1.33%
2024-07-18,135.0,0.19%,"3,985.00",0.20%,81.3,-0.17%,535.25,-0.74%,2.168,4.68%,18.94,-2.17%
2024-07-19,135.1,0.07%,"4,013.00",0.70%,78.64,-3.27%,542.75,1.40%,2.165,-0.14%,18.66,-1.48%
2024-07-22,135.0,-0.07%,"4,035.00",0.55%,78.4,-0.31%,548.00,0.97%,2.286,5.59%,18.3,-1.93%
2024-07-23,134.7,-0.22%,"4,012.00",-0.57%,75.92,-3.16%,542.75,-0.96%,2.224,-2.71%,18.16,-0.77%
2024-07-24,134.75,0.04%,"3,992.00",-0.50%,76.58,0.87%,547.00,0.78%,2.158,-2.97%,17.91,-1.38%
2024-07-25,134.75,0.00%,"4,008.00",0.40%,77.11,0.69%,537.75,-1.69%,2.072,-3.99%,18.66,4.19%
2024-07-26,134.8,0.04%,"4,044.00",0.90%,76.0,-1.44%,523.50,-2.65%,2.051,-1.01%,18.42,-1.29%
2024-07-29,140.1,3.93%,"4,021.00",-0.57%,74.8,-1.58%,531.00,1.43%,2.036,-0.73%,19.01,3.20%
2024-07-30,139.25,-0.61%,"4,040.00",0.47%,73.88,-1.23%,524.00,-1.32%,2.244,10.22%,19.12,0.58%
2024-07-31,140.1,0.61%,"4,028.00",-0.30%,76.84,4.01%,527.25,0.62%,2.162,-3.65%,18.94,-0.94%
2024-08-01,142.55,1.75%,"3,988.00",-0.99%,75.4,-1.87%,532.00,0.90%,2.096,-3.05%,18.5,-2.32%
2024-08-02,144.1,1.09%,"4,021.00",0.83%,72.59,-3.73%,539.00,1.32%,2.078,-0.86%,18.1,-2.16%
2024-08-05,143.7,-0.28%,"3,930.00",-2.26%,72.2,-0.54%,539.50,0.09%,2.045,-1.59%,18.08,-0.11%
2024-08-06,145.5,1.25%,"3,829.00",-2.57%,72.34,0.19%,543.25,0.70%,2.121,3.72%,17.87,-1.16%
2024-08-07,145.0,-0.34%,"3,800.00",-0.76%,74.17,2.53%,538.25,-0.92%,2.239,5.56%,18.14,1.51%
2024-08-08,145.5,0.34%,"3,807.00",0.18%,75.04,1.17%,537.50,-0.14%,2.27,1.38%,18.57,2.37%
2024-08-09,146.0,0.34%,"3,840.00",0.87%,75.61,0.76%,542.50,0.93%,2.292,0.97%,18.48,-0.48%
2024-08-12,146.75,0.51%,"3,830.00",-0.26%,78.46,3.77%,536.75,-1.06%,2.342,2.18%,18.29,-1.03%
2024-08-13,146.9,0.10%,"3,840.00",0.26%,76.8,-2.12%,528.75,-1.49%,2.28,-2.65%,18.39,0.55%
2024-08-14,145.75,-0.78%,"3,890.00",1.30%,75.84,-1.25%,534.75,1.13%,2.343,2.76%,17.97,-2.28%
2024-08-15,150.0,2.92%,"3,890.00",0.00%,76.99,1.52%,528.25,-1.22%,2.332,-0.47%,17.88,-0.50%
2024-08-16,146.75,-2.17%,"3,872.00",-0.46%,75.54,-1.88%,530.00,0.33%,2.247,-3.64%,18.03,0.84%
2024-08-19,146.5,-0.17%,"3,924.00",1.34%,73.66,-2.49%,528.25,-0.33%,2.357,4.90%,18.02,-0.06%
2024-08-20,146.0,-0.34%,"3,866.00",-1.48%,73.17,-0.67%,533.00,0.90%,2.33,-1.15%,17.57,-2.50%
2024-08-21,145.9,-0.07%,"3,888.00",0.57%,71.3,-2.56%,519.75,-2.49%,2.314,-0.69%,17.65,0.46%
2024-08-22,146.75,0.58%,"3,928.00",1.03%,72.28,1.37%,511.00,-1.68%,2.194,-5.19%,17.85,1.13%
2024-08-23,145.2,-1.06%,"3,976.00",1.22%,73.93,2.28%,502.25,-1.71%,2.18,-0.64%,18.39,3.03%
2024-08-26,145.7,0.34%,"4,021.00",1.13%,76.17,3.03%,498.00,-0.85%,2.13,-2.29%,19.04,3.53%
2024-08-27,146.0,0.21%,"4,005.00",-0.40%,74.46,-2.24%,508.25,2.06%,2.085,-2.11%,19.6,2.94%
2024-08-28,145.0,-0.68%,"4,020.00",0.37%,73.44,-1.37%,514.25,1.18%,2.097,0.58%,19.54,-0.31%
2024-08-29,145.0,0.00%,"4,047.00",0.67%,74.67,1.67%,525.00,2.09%,2.529,20.60%,19.89,1.79%
2024-08-30,146.2,0.83%,"4,075.00",0.69%,72.65,-2.71%,532.75,1.48%,2.498,-1.23%,19.38,-2.56%
2024-09-01,,,,,72.98,0.45%,,,,,,
2024-09-02,143.9,-1.57%,"4,032.00",-1.06%,73.78,1.10%,,,,,,
2024-09-03,142.0,-1.32%,"4,020.00",-0.30%,69.59,-5.68%,552.00,3.61%,2.55,2.08%,19.49,0.57%
2024-09-04,139.5,-1.76%,"3,992.00",-0.70%,68.52,-1.54%,565.25,2.40%,2.506,-1.73%,19.24,-1.28%
2024-09-05,141.0,1.08%,"4,021.00",0.73%,68.5,-0.03%,561.00,-0.75%,2.579,2.91%,19.22,-0.10%
2024-09-06,141.5,0.35%,"3,980.00",-1.02%,66.98,-2.22%,553.25,-1.38%,2.597,0.70%,18.91,-1.61%
2024-09-09,141.65,0.11%,"3,985.00",0.13%,67.91,1.39%,555.50,0.41%,2.527,-2.70%,18.83,-0.42%
2024-09-10,138.75,-2.05%,"3,981.00",-0.10%,65.14,-4.08%,558.75,0.59%,2.545,0.71%,18.47,-1.91%
2024-09-11,139.0,0.18%,"3,967.00",-0.35%,66.6,2.24%,563.75,0.89%,2.577,1.26%,18.73,1.41%
2024-09-12,138.15,-0.61%,"4,020.00",1.34%,68.15,2.33%,563.00,-0.13%,2.633,2.17%,19.07,1.82%
2024-09-13,137.9,-0.18%,"3,930.00",-2.24%,67.75,-0.59%,571.25,1.47%,2.589,-1.67%,19.01,-0.31%
2024-09-16,137.25,-0.47%,,,69.02,1.87%,578.50,1.27%,2.639,1.93%,19.18,0.89%
2024-09-17,139.65,1.75%,"3,847.00",-2.11%,69.96,1.36%,575.75,-0.48%,2.613,-0.99%,19.98,4.17%
2024-09-18,139.0,-0.47%,"3,917.00",1.82%,69.88,-0.11%,575.75,0.00%,2.565,-1.84%,21.16,5.91%
2024-09-19,139.5,0.36%,"3,948.00",0.79%,71.16,1.83%,565.50,-1.78%,2.595,1.17%,21.93,3.64%
2024-09-20,139.5,0.00%,"4,027.00",2.00%,71.0,-0.22%,568.50,0.53%,2.719,4.78%,22.66,3.33%
2024-09-23,139.5,0.00%,"4,049.00",0.55%,69.61,-1.96%,582.50,2.46%,2.854,4.97%,22.55,-0.49%
2024-09-24,139.5,0.00%,"4,074.00",0.62%,70.84,1.77%,578.00,-0.77%,2.791,-2.21%,23.12,2.53%
2024-09-25,139.75,0.18%,"4,125.00",1.25%,69.13,-2.41%,589.25,1.95%,2.817,0.93%,23.42,1.30%
2024-09-26,139.6,-0.11%,"4,235.00",2.67%,67.19,-2.81%,584.25,-0.85%,2.753,-2.27%,23.31,-0.47%
2024-09-27,139.75,0.11%,"4,159.00",-1.79%,67.67,0.71%,580.00,-0.73%,3.304,20.01%,22.79,-2.23%
2024-09-30,145.1,3.83%,"4,124.00",-0.84%,67.77,0.15%,584.00,0.69%,3.345,1.24%,22.67,-0.53%
